lead_id,channel,device,region,campaign,age_group,visit_date,time_on_site_sec,pages_viewed,ad_spend,funnel_stage,converted,revenue,month,month_name
1,Paid Search,Desktop,East,Retargeting,35-44,2024-01-01 00:00:00,417,12,6.37,Awareness,0,0.0,1,Jan
2,Direct,Desktop,West,Seasonal Offer,35-44,2024-01-01 02:00:00,725,2,0.98,Bounced,0,0.0,1,Jan
3,Email,Mobile,West,Product Launch,55+,2024-01-01 04:00:00,778,8,3.64,Converted,1,499.0,1,Jan
4,Social Media,Desktop,South,Lead Gen,18-24,2024-01-01 06:00:00,326,8,1.59,Product View,0,0.0,1,Jan
5,Organic Search,Mobile,North,Retargeting,25-34,2024-01-01 08:00:00,352,12,6.12,Product View,0,0.0,1,Jan
6,Organic Search,Desktop,West,Product Launch,18-24,2024-01-01 10:00:00,845,13,12.72,Product View,0,0.0,1,Jan
7,Organic Search,Mobile,South,Product Launch,25-34,2024-01-01 12:00:00,883,1,5.98,Checkout,0,0.0,1,Jan
8,Referral,Mobile,East,Retargeting,25-34,2024-01-01 14:00:00,517,3,12.56,Awareness,0,0.0,1,Jan
9,Social Media,Desktop,East,Lead Gen,25-34,2024-01-01 16:00:00,599,14,10.02,Converted,1,49.0,1,Jan
10,Social Media,Desktop,East,Retargeting,55+,2024-01-01 18:00:00,68,2,7.89,Bounced,0,0.0,1,Jan
11,Organic Search,Desktop,East,Product Launch,55+,2024-01-01 20:00:00,534,7,3.93,Product View,0,0.0,1,Jan
12,Direct,Mobile,South,Brand Awareness,25-34,2024-01-01 22:00:00,532,7,13.87,Awareness,0,0.0,1,Jan
13,Email,Mobile,North,Retargeting,35-44,2024-01-02 00:00:00,782,4,1.29,Checkout,0,0.0,1,Jan
14,Organic Search,Mobile,South,Product Launch,35-44,2024-01-02 02:00:00,566,12,10.49,Bounced,0,0.0,1,Jan
15,Organic Search,Desktop,North,Retargeting,45-54,2024-01-02 04:00:00,345,12,9.51,Checkout,0,0.0,1,Jan
16,Organic Search,Desktop,East,Product Launch,35-44,2024-01-02 06:00:00,525,8,6.9,Bounced,0,0.0,1,Jan
17,Paid Search,Desktop,West,Lead Gen,18-24,2024-01-02 08:00:00,146,3,3.98,Converted,1,249.0,1,Jan
18,Social Media,Desktop,West,Product Launch,45-54,2024-01-02 10:00:00,371,14,6.75,Bounced,0,0.0,1,Jan
19,Paid Search,Mobile,West,Seasonal Offer,35-44,2024-01-02 12:00:00,269,9,13.16,Product View,0,0.0,1,Jan
20,Organic Search,Mobile,North,Brand Awareness,35-44,2024-01-02 14:00:00,716,5,12.63,Bounced,0,0.0,1,Jan
21,Social Media,Mobile,East,Product Launch,55+,2024-01-02 16:00:00,474,14,14.15,Bounced,0,0.0,1,Jan
22,Organic Search,Desktop,South,Retargeting,55+,2024-01-02 18:00:00,881,13,4.96,Bounced,0,0.0,1,Jan
23,Organic Search,Tablet,West,Retargeting,35-44,2024-01-02 20:00:00,769,14,6.11,Converted,1,49.0,1,Jan
24,Paid Search,Mobile,North,Product Launch,35-44,2024-01-02 22:00:00,516,2,0.77,Bounced,0,0.0,1,Jan
25,Paid Search,Tablet,West,Seasonal Offer,55+,2024-01-03 00:00:00,794,9,14.17,Checkout,0,0.0,1,Jan
26,Email,Mobile,South,Product Launch,25-34,2024-01-03 02:00:00,440,1,5.28,Converted,1,99.0,1,Jan
27,Organic Search,Desktop,East,Lead Gen,25-34,2024-01-03 04:00:00,652,11,6.36,Converted,1,49.0,1,Jan
28,Paid Search,Desktop,South,Seasonal Offer,25-34,2024-01-03 06:00:00,782,8,13.66,Product View,0,0.0,1,Jan
29,Social Media,Mobile,East,Product Launch,45-54,2024-01-03 08:00:00,765,6,8.14,Bounced,0,0.0,1,Jan
30,Organic Search,Desktop,East,Brand Awareness,35-44,2024-01-03 10:00:00,327,12,8.71,Converted,1,99.0,1,Jan
31,Social Media,Desktop,East,Seasonal Offer,18-24,2024-01-03 12:00:00,81,1,3.06,Checkout,0,0.0,1,Jan
32,Organic Search,Mobile,West,Product Launch,55+,2024-01-03 14:00:00,762,14,7.73,Awareness,0,0.0,1,Jan
33,Organic Search,Mobile,South,Brand Awareness,35-44,2024-01-03 16:00:00,333,4,13.81,Bounced,0,0.0,1,Jan
34,Referral,Mobile,West,Product Launch,45-54,2024-01-03 18:00:00,317,3,8.6,Awareness,0,0.0,1,Jan
35,Direct,Desktop,South,Lead Gen,18-24,2024-01-03 20:00:00,693,7,4.2,Awareness,0,0.0,1,Jan
36,Email,Desktop,North,Retargeting,35-44,2024-01-03 22:00:00,147,7,0.95,Product View,0,0.0,1,Jan
37,Paid Search,Mobile,North,Product Launch,35-44,2024-01-04 00:00:00,453,6,5.38,Bounced,0,0.0,1,Jan
38,Organic Search,Tablet,South,Seasonal Offer,35-44,2024-01-04 02:00:00,820,14,8.8,Bounced,0,0.0,1,Jan
39,Social Media,Mobile,South,Product Launch,35-44,2024-01-04 04:00:00,676,10,1.12,Awareness,0,0.0,1,Jan
40,Paid Search,Tablet,South,Product Launch,45-54,2024-01-04 06:00:00,238,14,9.34,Product View,0,0.0,1,Jan
41,Organic Search,Mobile,South,Product Launch,25-34,2024-01-04 08:00:00,156,10,8.09,Bounced,0,0.0,1,Jan
42,Paid Search,Mobile,East,Product Launch,45-54,2024-01-04 10:00:00,322,12,11.86,Bounced,0,0.0,1,Jan
43,Organic Search,Desktop,West,Seasonal Offer,25-34,2024-01-04 12:00:00,548,8,0.92,Converted,1,49.0,1,Jan
44,Referral,Mobile,East,Seasonal Offer,25-34,2024-01-04 14:00:00,251,7,11.82,Product View,0,0.0,1,Jan
45,Organic Search,Mobile,West,Product Launch,18-24,2024-01-04 16:00:00,106,4,8.05,Bounced,0,0.0,1,Jan
46,Social Media,Mobile,West,Retargeting,25-34,2024-01-04 18:00:00,367,7,5.87,Awareness,0,0.0,1,Jan
47,Paid Search,Desktop,West,Product Launch,25-34,2024-01-04 20:00:00,892,1,14.5,Product View,0,0.0,1,Jan
48,Social Media,Mobile,East,Seasonal Offer,45-54,2024-01-04 22:00:00,819,3,2.82,Bounced,0,0.0,1,Jan
49,Social Media,Desktop,South,Lead Gen,35-44,2024-01-05 00:00:00,875,2,8.35,Product View,0,0.0,1,Jan
50,Organic Search,Mobile,East,Product Launch,25-34,2024-01-05 02:00:00,879,7,5.15,Checkout,0,0.0,1,Jan
51,Direct,Desktop,East,Product Launch,35-44,2024-01-05 04:00:00,768,9,8.15,Bounced,0,0.0,1,Jan
52,Email,Mobile,West,Product Launch,18-24,2024-01-05 06:00:00,304,5,8.51,Product View,0,0.0,1,Jan
53,Referral,Desktop,North,Product Launch,25-34,2024-01-05 08:00:00,892,9,1.8,Bounced,0,0.0,1,Jan
54,Referral,Desktop,North,Brand Awareness,35-44,2024-01-05 10:00:00,836,12,10.09,Bounced,0,0.0,1,Jan
55,Social Media,Desktop,East,Product Launch,35-44,2024-01-05 12:00:00,146,13,9.7,Bounced,0,0.0,1,Jan
56,Referral,Mobile,West,Seasonal Offer,45-54,2024-01-05 14:00:00,321,8,11.66,Bounced,0,0.0,1,Jan
57,Organic Search,Desktop,East,Seasonal Offer,25-34,2024-01-05 16:00:00,300,1,1.81,Checkout,0,0.0,1,Jan
58,Organic Search,Desktop,East,Brand Awareness,35-44,2024-01-05 18:00:00,476,14,4.81,Awareness,0,0.0,1,Jan
59,Organic Search,Mobile,South,Product Launch,35-44,2024-01-05 20:00:00,186,11,9.93,Awareness,0,0.0,1,Jan
60,Paid Search,Desktop,West,Retargeting,55+,2024-01-05 22:00:00,601,2,2.48,Awareness,0,0.0,1,Jan
61,Paid Search,Tablet,North,Product Launch,25-34,2024-01-06 00:00:00,213,6,10.33,Converted,1,99.0,1,Jan
62,Organic Search,Tablet,North,Seasonal Offer,35-44,2024-01-06 02:00:00,453,5,1.36,Checkout,0,0.0,1,Jan
63,Email,Mobile,North,Lead Gen,35-44,2024-01-06 04:00:00,685,11,5.36,Converted,1,99.0,1,Jan
64,Paid Search,Desktop,East,Lead Gen,55+,2024-01-06 06:00:00,702,7,12.78,Awareness,0,0.0,1,Jan
65,Organic Search,Mobile,West,Retargeting,25-34,2024-01-06 08:00:00,630,9,11.73,Bounced,0,0.0,1,Jan
66,Social Media,Desktop,South,Product Launch,35-44,2024-01-06 10:00:00,45,14,9.85,Bounced,0,0.0,1,Jan
67,Organic Search,Desktop,North,Brand Awareness,25-34,2024-01-06 12:00:00,790,4,13.12,Checkout,0,0.0,1,Jan
68,Email,Desktop,West,Product Launch,35-44,2024-01-06 14:00:00,127,8,10.78,Checkout,0,0.0,1,Jan
69,Organic Search,Tablet,North,Retargeting,25-34,2024-01-06 16:00:00,645,4,8.03,Converted,1,149.0,1,Jan
70,Direct,Desktop,South,Retargeting,18-24,2024-01-06 18:00:00,329,3,14.71,Checkout,0,0.0,1,Jan
71,Email,Mobile,West,Retargeting,35-44,2024-01-06 20:00:00,776,12,10.58,Bounced,0,0.0,1,Jan
72,Organic Search,Mobile,East,Lead Gen,25-34,2024-01-06 22:00:00,451,2,9.22,Bounced,0,0.0,1,Jan
73,Organic Search,Desktop,East,Product Launch,25-34,2024-01-07 00:00:00,336,8,6.43,Checkout,0,0.0,1,Jan
74,Email,Desktop,North,Product Launch,25-34,2024-01-07 02:00:00,303,11,13.58,Converted,1,149.0,1,Jan
75,Social Media,Tablet,North,Brand Awareness,18-24,2024-01-07 04:00:00,290,8,4.79,Product View,0,0.0,1,Jan
76,Email,Mobile,West,Retargeting,55+,2024-01-07 06:00:00,268,11,0.63,Checkout,0,0.0,1,Jan
77,Email,Mobile,South,Retargeting,35-44,2024-01-07 08:00:00,803,12,3.35,Bounced,0,0.0,1,Jan
78,Organic Search,Desktop,North,Seasonal Offer,45-54,2024-01-07 10:00:00,361,3,2.09,Awareness,0,0.0,1,Jan
79,Paid Search,Desktop,West,Seasonal Offer,25-34,2024-01-07 12:00:00,144,1,5.13,Bounced,0,0.0,1,Jan
80,Organic Search,Desktop,South,Lead Gen,55+,2024-01-07 14:00:00,297,13,12.48,Awareness,0,0.0,1,Jan
81,Referral,Desktop,North,Product Launch,25-34,2024-01-07 16:00:00,41,6,9.95,Converted,1,149.0,1,Jan
82,Social Media,Desktop,North,Brand Awareness,35-44,2024-01-07 18:00:00,102,5,2.95,Product View,0,0.0,1,Jan
83,Paid Search,Mobile,West,Brand Awareness,25-34,2024-01-07 20:00:00,435,8,11.94,Converted,1,49.0,1,Jan
84,Organic Search,Desktop,North,Retargeting,35-44,2024-01-07 22:00:00,846,6,7.81,Bounced,0,0.0,1,Jan
85,Paid Search,Desktop,East,Brand Awareness,35-44,2024-01-08 00:00:00,207,4,7.93,Bounced,0,0.0,1,Jan
86,Paid Search,Mobile,South,Retargeting,25-34,2024-01-08 02:00:00,801,10,5.75,Bounced,0,0.0,1,Jan
87,Email,Mobile,South,Product Launch,18-24,2024-01-08 04:00:00,288,10,13.04,Converted,1,499.0,1,Jan
88,Social Media,Desktop,East,Brand Awareness,35-44,2024-01-08 06:00:00,429,12,5.12,Bounced,0,0.0,1,Jan
89,Referral,Mobile,West,Retargeting,25-34,2024-01-08 08:00:00,299,12,1.87,Converted,1,99.0,1,Jan
90,Paid Search,Desktop,East,Product Launch,18-24,2024-01-08 10:00:00,861,11,4.89,Converted,1,49.0,1,Jan
91,Organic Search,Desktop,East,Product Launch,25-34,2024-01-08 12:00:00,661,2,10.87,Product View,0,0.0,1,Jan
92,Social Media,Desktop,South,Retargeting,35-44,2024-01-08 14:00:00,710,8,10.03,Awareness,0,0.0,1,Jan
93,Email,Mobile,West,Retargeting,45-54,2024-01-08 16:00:00,515,5,3.23,Bounced,0,0.0,1,Jan
94,Social Media,Desktop,North,Lead Gen,18-24,2024-01-08 18:00:00,609,12,2.12,Bounced,0,0.0,1,Jan
95,Email,Desktop,East,Product Launch,25-34,2024-01-08 20:00:00,88,8,10.08,Converted,1,99.0,1,Jan
96,Paid Search,Desktop,East,Retargeting,45-54,2024-01-08 22:00:00,671,5,10.31,Checkout,0,0.0,1,Jan
97,Social Media,Mobile,West,Product Launch,35-44,2024-01-09 00:00:00,295,6,5.81,Product View,0,0.0,1,Jan
98,Paid Search,Desktop,East,Brand Awareness,25-34,2024-01-09 02:00:00,104,13,12.72,Converted,1,149.0,1,Jan
99,Organic Search,Desktop,West,Seasonal Offer,45-54,2024-01-09 04:00:00,119,10,14.68,Checkout,0,0.0,1,Jan
100,Organic Search,Desktop,North,Seasonal Offer,25-34,2024-01-09 06:00:00,534,14,3.48,Bounced,0,0.0,1,Jan
101,Organic Search,Desktop,West,Retargeting,25-34,2024-01-09 08:00:00,386,5,8.87,Checkout,0,0.0,1,Jan
102,Social Media,Mobile,North,Retargeting,55+,2024-01-09 10:00:00,183,11,0.58,Bounced,0,0.0,1,Jan
103,Paid Search,Mobile,West,Product Launch,55+,2024-01-09 12:00:00,247,3,10.84,Product View,0,0.0,1,Jan
104,Paid Search,Desktop,East,Retargeting,25-34,2024-01-09 14:00:00,515,10,6.51,Product View,0,0.0,1,Jan
105,Referral,Desktop,North,Product Launch,18-24,2024-01-09 16:00:00,569,8,3.3,Checkout,0,0.0,1,Jan
106,Organic Search,Desktop,East,Retargeting,25-34,2024-01-09 18:00:00,159,3,11.41,Awareness,0,0.0,1,Jan
107,Paid Search,Desktop,North,Product Launch,18-24,2024-01-09 20:00:00,95,4,12.25,Awareness,0,0.0,1,Jan
108,Email,Desktop,West,Retargeting,18-24,2024-01-09 22:00:00,173,6,2.11,Converted,1,49.0,1,Jan
109,Organic Search,Mobile,West,Lead Gen,25-34,2024-01-10 00:00:00,409,2,1.09,Bounced,0,0.0,1,Jan
110,Organic Search,Tablet,West,Product Launch,55+,2024-01-10 02:00:00,342,14,5.34,Converted,1,49.0,1,Jan
111,Organic Search,Tablet,South,Lead Gen,45-54,2024-01-10 04:00:00,436,7,9.58,Bounced,0,0.0,1,Jan
112,Organic Search,Mobile,South,Lead Gen,35-44,2024-01-10 06:00:00,436,5,12.0,Converted,1,249.0,1,Jan
113,Referral,Mobile,North,Lead Gen,35-44,2024-01-10 08:00:00,306,12,8.42,Bounced,0,0.0,1,Jan
114,Email,Mobile,South,Lead Gen,18-24,2024-01-10 10:00:00,644,10,8.92,Product View,0,0.0,1,Jan
115,Social Media,Desktop,West,Brand Awareness,25-34,2024-01-10 12:00:00,438,13,12.1,Awareness,0,0.0,1,Jan
116,Referral,Mobile,South,Seasonal Offer,18-24,2024-01-10 14:00:00,343,5,8.17,Converted,1,99.0,1,Jan
117,Email,Desktop,South,Brand Awareness,45-54,2024-01-10 16:00:00,578,5,9.36,Converted,1,99.0,1,Jan
118,Organic Search,Desktop,East,Retargeting,18-24,2024-01-10 18:00:00,278,13,7.99,Bounced,0,0.0,1,Jan
119,Referral,Mobile,North,Retargeting,45-54,2024-01-10 20:00:00,490,13,13.27,Bounced,0,0.0,1,Jan
120,Social Media,Desktop,North,Seasonal Offer,35-44,2024-01-10 22:00:00,428,2,3.91,Awareness,0,0.0,1,Jan
121,Email,Desktop,North,Seasonal Offer,25-34,2024-01-11 00:00:00,697,11,4.33,Checkout,0,0.0,1,Jan
122,Referral,Tablet,South,Seasonal Offer,25-34,2024-01-11 02:00:00,480,13,2.36,Converted,1,249.0,1,Jan
123,Paid Search,Desktop,West,Lead Gen,35-44,2024-01-11 04:00:00,500,12,12.38,Bounced,0,0.0,1,Jan
124,Organic Search,Desktop,East,Brand Awareness,55+,2024-01-11 06:00:00,673,10,6.47,Checkout,0,0.0,1,Jan
125,Organic Search,Tablet,North,Retargeting,35-44,2024-01-11 08:00:00,588,9,5.54,Converted,1,49.0,1,Jan
126,Paid Search,Mobile,South,Brand Awareness,25-34,2024-01-11 10:00:00,463,3,14.73,Awareness,0,0.0,1,Jan
127,Email,Mobile,West,Brand Awareness,35-44,2024-01-11 12:00:00,475,12,13.94,Product View,0,0.0,1,Jan
128,Referral,Desktop,East,Brand Awareness,25-34,2024-01-11 14:00:00,736,7,14.59,Converted,1,149.0,1,Jan
129,Organic Search,Desktop,East,Seasonal Offer,55+,2024-01-11 16:00:00,132,5,2.56,Converted,1,99.0,1,Jan
130,Paid Search,Mobile,North,Seasonal Offer,35-44,2024-01-11 18:00:00,357,10,13.42,Bounced,0,0.0,1,Jan
131,Paid Search,Mobile,North,Retargeting,35-44,2024-01-11 20:00:00,712,10,5.27,Converted,1,49.0,1,Jan
132,Organic Search,Mobile,West,Retargeting,25-34,2024-01-11 22:00:00,630,5,0.68,Bounced,0,0.0,1,Jan
133,Organic Search,Desktop,South,Retargeting,35-44,2024-01-12 00:00:00,275,4,6.17,Checkout,0,0.0,1,Jan
134,Paid Search,Desktop,West,Brand Awareness,25-34,2024-01-12 02:00:00,87,10,7.88,Converted,1,49.0,1,Jan
135,Referral,Tablet,North,Seasonal Offer,18-24,2024-01-12 04:00:00,134,6,2.07,Bounced,0,0.0,1,Jan
136,Paid Search,Desktop,West,Lead Gen,25-34,2024-01-12 06:00:00,721,7,8.3,Awareness,0,0.0,1,Jan
137,Paid Search,Mobile,South,Brand Awareness,55+,2024-01-12 08:00:00,98,7,12.38,Checkout,0,0.0,1,Jan
138,Social Media,Desktop,East,Product Launch,35-44,2024-01-12 10:00:00,331,11,5.98,Awareness,0,0.0,1,Jan
139,Paid Search,Mobile,East,Brand Awareness,18-24,2024-01-12 12:00:00,182,12,5.61,Converted,1,149.0,1,Jan
140,Direct,Tablet,East,Seasonal Offer,45-54,2024-01-12 14:00:00,566,8,5.41,Awareness,0,0.0,1,Jan
141,Direct,Mobile,East,Product Launch,25-34,2024-01-12 16:00:00,64,5,13.88,Checkout,0,0.0,1,Jan
142,Organic Search,Desktop,North,Brand Awareness,25-34,2024-01-12 18:00:00,44,7,1.21,Awareness,0,0.0,1,Jan
143,Paid Search,Mobile,North,Seasonal Offer,25-34,2024-01-12 20:00:00,135,12,6.95,Awareness,0,0.0,1,Jan
144,Paid Search,Mobile,South,Seasonal Offer,35-44,2024-01-12 22:00:00,759,14,4.34,Awareness,0,0.0,1,Jan
145,Organic Search,Desktop,South,Lead Gen,35-44,2024-01-13 00:00:00,103,4,13.46,Bounced,0,0.0,1,Jan
146,Organic Search,Mobile,South,Brand Awareness,25-34,2024-01-13 02:00:00,885,9,1.89,Awareness,0,0.0,1,Jan
147,Social Media,Mobile,South,Seasonal Offer,35-44,2024-01-13 04:00:00,314,5,6.47,Awareness,0,0.0,1,Jan
148,Paid Search,Mobile,West,Retargeting,25-34,2024-01-13 06:00:00,579,3,6.4,Product View,0,0.0,1,Jan
149,Organic Search,Mobile,South,Seasonal Offer,45-54,2024-01-13 08:00:00,226,5,13.38,Converted,1,49.0,1,Jan
150,Organic Search,Desktop,East,Lead Gen,25-34,2024-01-13 10:00:00,309,9,3.62,Bounced,0,0.0,1,Jan
151,Referral,Desktop,East,Seasonal Offer,45-54,2024-01-13 12:00:00,816,13,9.85,Bounced,0,0.0,1,Jan
152,Organic Search,Desktop,East,Brand Awareness,35-44,2024-01-13 14:00:00,715,13,2.45,Checkout,0,0.0,1,Jan
153,Organic Search,Tablet,West,Brand Awareness,35-44,2024-01-13 16:00:00,846,11,14.33,Bounced,0,0.0,1,Jan
154,Paid Search,Mobile,South,Product Launch,25-34,2024-01-13 18:00:00,585,8,9.1,Awareness,0,0.0,1,Jan
155,Direct,Mobile,East,Brand Awareness,35-44,2024-01-13 20:00:00,695,1,9.58,Product View,0,0.0,1,Jan
156,Organic Search,Desktop,East,Product Launch,18-24,2024-01-13 22:00:00,182,5,6.79,Converted,1,149.0,1,Jan
157,Social Media,Desktop,East,Retargeting,45-54,2024-01-14 00:00:00,320,6,5.46,Awareness,0,0.0,1,Jan
158,Email,Mobile,East,Lead Gen,18-24,2024-01-14 02:00:00,171,13,3.58,Product View,0,0.0,1,Jan
159,Organic Search,Desktop,North,Retargeting,18-24,2024-01-14 04:00:00,797,10,9.26,Converted,1,499.0,1,Jan
160,Email,Desktop,South,Product Launch,35-44,2024-01-14 06:00:00,341,13,14.34,Checkout,0,0.0,1,Jan
161,Paid Search,Mobile,South,Seasonal Offer,35-44,2024-01-14 08:00:00,675,11,5.72,Bounced,0,0.0,1,Jan
162,Social Media,Desktop,West,Seasonal Offer,18-24,2024-01-14 10:00:00,61,2,13.31,Bounced,0,0.0,1,Jan
163,Social Media,Desktop,North,Retargeting,55+,2024-01-14 12:00:00,55,14,2.66,Awareness,0,0.0,1,Jan
164,Social Media,Desktop,West,Seasonal Offer,55+,2024-01-14 14:00:00,284,6,14.07,Awareness,0,0.0,1,Jan
165,Organic Search,Desktop,East,Product Launch,35-44,2024-01-14 16:00:00,764,14,5.58,Converted,1,149.0,1,Jan
166,Email,Tablet,West,Lead Gen,25-34,2024-01-14 18:00:00,85,9,6.01,Bounced,0,0.0,1,Jan
167,Paid Search,Desktop,East,Brand Awareness,35-44,2024-01-14 20:00:00,322,14,7.21,Bounced,0,0.0,1,Jan
168,Organic Search,Desktop,East,Product Launch,25-34,2024-01-14 22:00:00,666,4,10.91,Awareness,0,0.0,1,Jan
169,Organic Search,Desktop,South,Product Launch,25-34,2024-01-15 00:00:00,259,3,10.93,Converted,1,99.0,1,Jan
170,Social Media,Mobile,South,Brand Awareness,55+,2024-01-15 02:00:00,82,9,7.45,Checkout,0,0.0,1,Jan
171,Social Media,Desktop,South,Brand Awareness,55+,2024-01-15 04:00:00,130,2,8.09,Checkout,0,0.0,1,Jan
172,Organic Search,Mobile,South,Lead Gen,55+,2024-01-15 06:00:00,496,12,0.94,Product View,0,0.0,1,Jan
173,Paid Search,Desktop,South,Lead Gen,25-34,2024-01-15 08:00:00,875,9,4.91,Checkout,0,0.0,1,Jan
174,Organic Search,Desktop,North,Lead Gen,25-34,2024-01-15 10:00:00,833,11,5.52,Awareness,0,0.0,1,Jan
175,Social Media,Desktop,South,Seasonal Offer,25-34,2024-01-15 12:00:00,898,10,8.6,Awareness,0,0.0,1,Jan
176,Organic Search,Mobile,West,Product Launch,25-34,2024-01-15 14:00:00,296,11,8.6,Converted,1,49.0,1,Jan
177,Social Media,Mobile,East,Brand Awareness,25-34,2024-01-15 16:00:00,824,11,10.79,Bounced,0,0.0,1,Jan
178,Paid Search,Desktop,South,Product Launch,25-34,2024-01-15 18:00:00,31,2,10.9,Checkout,0,0.0,1,Jan
179,Referral,Mobile,North,Product Launch,35-44,2024-01-15 20:00:00,51,14,3.91,Bounced,0,0.0,1,Jan
180,Organic Search,Tablet,West,Lead Gen,45-54,2024-01-15 22:00:00,607,13,11.67,Checkout,0,0.0,1,Jan
181,Paid Search,Desktop,West,Lead Gen,35-44,2024-01-16 00:00:00,241,11,0.78,Product View,0,0.0,1,Jan
182,Organic Search,Mobile,East,Product Launch,45-54,2024-01-16 02:00:00,265,14,10.88,Converted,1,99.0,1,Jan
183,Referral,Desktop,West,Lead Gen,18-24,2024-01-16 04:00:00,558,10,1.98,Bounced,0,0.0,1,Jan
184,Referral,Tablet,West,Seasonal Offer,18-24,2024-01-16 06:00:00,417,3,11.08,Awareness,0,0.0,1,Jan
185,Organic Search,Mobile,West,Brand Awareness,45-54,2024-01-16 08:00:00,43,13,8.14,Product View,0,0.0,1,Jan
186,Social Media,Tablet,West,Product Launch,35-44,2024-01-16 10:00:00,548,7,6.84,Converted,1,99.0,1,Jan
187,Email,Mobile,North,Brand Awareness,35-44,2024-01-16 12:00:00,876,2,10.51,Awareness,0,0.0,1,Jan
188,Social Media,Desktop,East,Seasonal Offer,18-24,2024-01-16 14:00:00,251,1,1.03,Product View,0,0.0,1,Jan
189,Social Media,Tablet,South,Lead Gen,25-34,2024-01-16 16:00:00,645,9,3.74,Bounced,0,0.0,1,Jan
190,Organic Search,Desktop,West,Retargeting,35-44,2024-01-16 18:00:00,432,6,9.44,Bounced,0,0.0,1,Jan
191,Organic Search,Desktop,North,Seasonal Offer,45-54,2024-01-16 20:00:00,542,9,12.78,Bounced,0,0.0,1,Jan
192,Referral,Mobile,East,Retargeting,55+,2024-01-16 22:00:00,316,12,6.03,Bounced,0,0.0,1,Jan
193,Referral,Mobile,South,Brand Awareness,35-44,2024-01-17 00:00:00,413,3,4.25,Converted,1,499.0,1,Jan
194,Social Media,Tablet,East,Product Launch,35-44,2024-01-17 02:00:00,276,3,8.02,Product View,0,0.0,1,Jan
195,Paid Search,Desktop,North,Lead Gen,45-54,2024-01-17 04:00:00,120,10,9.52,Checkout,0,0.0,1,Jan
196,Paid Search,Mobile,North,Seasonal Offer,35-44,2024-01-17 06:00:00,855,12,6.59,Converted,1,499.0,1,Jan
197,Email,Mobile,North,Lead Gen,35-44,2024-01-17 08:00:00,341,3,13.21,Bounced,0,0.0,1,Jan
198,Referral,Desktop,West,Retargeting,55+,2024-01-17 10:00:00,466,2,8.09,Converted,1,99.0,1,Jan
199,Referral,Desktop,North,Retargeting,45-54,2024-01-17 12:00:00,755,13,1.02,Bounced,0,0.0,1,Jan
200,Email,Desktop,South,Product Launch,55+,2024-01-17 14:00:00,72,11,3.73,Awareness,0,0.0,1,Jan
201,Social Media,Desktop,West,Retargeting,25-34,2024-01-17 16:00:00,103,6,7.03,Product View,0,0.0,1,Jan
202,Organic Search,Tablet,East,Product Launch,35-44,2024-01-17 18:00:00,783,3,10.62,Converted,1,49.0,1,Jan
203,Organic Search,Mobile,South,Seasonal Offer,45-54,2024-01-17 20:00:00,590,5,3.69,Converted,1,249.0,1,Jan
204,Referral,Mobile,West,Product Launch,18-24,2024-01-17 22:00:00,345,13,14.66,Converted,1,149.0,1,Jan
205,Social Media,Tablet,North,Retargeting,45-54,2024-01-18 00:00:00,763,11,5.12,Awareness,0,0.0,1,Jan
206,Organic Search,Desktop,East,Brand Awareness,25-34,2024-01-18 02:00:00,891,5,8.22,Product View,0,0.0,1,Jan
207,Organic Search,Mobile,North,Product Launch,45-54,2024-01-18 04:00:00,173,10,0.78,Awareness,0,0.0,1,Jan
208,Social Media,Desktop,South,Lead Gen,35-44,2024-01-18 06:00:00,358,3,13.33,Bounced,0,0.0,1,Jan
209,Organic Search,Mobile,South,Brand Awareness,25-34,2024-01-18 08:00:00,238,3,11.94,Checkout,0,0.0,1,Jan
210,Organic Search,Desktop,West,Product Launch,25-34,2024-01-18 10:00:00,128,1,3.33,Converted,1,99.0,1,Jan
211,Social Media,Tablet,South,Lead Gen,35-44,2024-01-18 12:00:00,729,6,14.03,Bounced,0,0.0,1,Jan
212,Social Media,Desktop,East,Brand Awareness,35-44,2024-01-18 14:00:00,143,3,5.08,Product View,0,0.0,1,Jan
213,Social Media,Desktop,West,Product Launch,25-34,2024-01-18 16:00:00,204,1,10.54,Product View,0,0.0,1,Jan
214,Organic Search,Mobile,East,Seasonal Offer,45-54,2024-01-18 18:00:00,300,13,12.38,Bounced,0,0.0,1,Jan
215,Social Media,Desktop,North,Lead Gen,35-44,2024-01-18 20:00:00,92,14,11.24,Bounced,0,0.0,1,Jan
216,Organic Search,Mobile,East,Seasonal Offer,35-44,2024-01-18 22:00:00,825,14,13.8,Bounced,0,0.0,1,Jan
217,Paid Search,Desktop,East,Retargeting,18-24,2024-01-19 00:00:00,433,13,13.03,Converted,1,99.0,1,Jan
218,Email,Mobile,South,Product Launch,55+,2024-01-19 02:00:00,254,10,14.92,Product View,0,0.0,1,Jan
219,Social Media,Desktop,North,Product Launch,25-34,2024-01-19 04:00:00,190,9,3.15,Converted,1,99.0,1,Jan
220,Email,Desktop,South,Lead Gen,35-44,2024-01-19 06:00:00,65,11,4.92,Bounced,0,0.0,1,Jan
221,Social Media,Desktop,North,Product Launch,45-54,2024-01-19 08:00:00,410,1,9.73,Checkout,0,0.0,1,Jan
222,Social Media,Desktop,North,Retargeting,25-34,2024-01-19 10:00:00,682,5,11.13,Checkout,0,0.0,1,Jan
223,Organic Search,Desktop,East,Product Launch,35-44,2024-01-19 12:00:00,347,5,8.25,Bounced,0,0.0,1,Jan
224,Paid Search,Desktop,South,Brand Awareness,25-34,2024-01-19 14:00:00,737,2,1.57,Bounced,0,0.0,1,Jan
225,Organic Search,Desktop,East,Seasonal Offer,45-54,2024-01-19 16:00:00,692,14,12.7,Awareness,0,0.0,1,Jan
226,Organic Search,Desktop,East,Retargeting,35-44,2024-01-19 18:00:00,485,14,14.43,Converted,1,249.0,1,Jan
227,Direct,Mobile,East,Retargeting,45-54,2024-01-19 20:00:00,298,13,6.38,Product View,0,0.0,1,Jan
228,Paid Search,Mobile,North,Seasonal Offer,45-54,2024-01-19 22:00:00,373,1,3.76,Bounced,0,0.0,1,Jan
229,Referral,Desktop,South,Seasonal Offer,35-44,2024-01-20 00:00:00,69,6,0.78,Product View,0,0.0,1,Jan
230,Social Media,Mobile,South,Retargeting,35-44,2024-01-20 02:00:00,779,7,3.94,Checkout,0,0.0,1,Jan
231,Email,Mobile,East,Seasonal Offer,35-44,2024-01-20 04:00:00,443,11,10.65,Converted,1,49.0,1,Jan
232,Paid Search,Desktop,North,Lead Gen,25-34,2024-01-20 06:00:00,409,11,13.72,Bounced,0,0.0,1,Jan
233,Social Media,Mobile,South,Seasonal Offer,35-44,2024-01-20 08:00:00,251,9,1.86,Awareness,0,0.0,1,Jan
234,Paid Search,Desktop,West,Brand Awareness,55+,2024-01-20 10:00:00,310,8,8.52,Bounced,0,0.0,1,Jan
235,Organic Search,Mobile,South,Brand Awareness,25-34,2024-01-20 12:00:00,254,10,10.59,Checkout,0,0.0,1,Jan
236,Email,Desktop,East,Lead Gen,25-34,2024-01-20 14:00:00,486,3,4.51,Product View,0,0.0,1,Jan
237,Organic Search,Mobile,West,Seasonal Offer,25-34,2024-01-20 16:00:00,183,9,8.76,Bounced,0,0.0,1,Jan
238,Organic Search,Mobile,North,Brand Awareness,25-34,2024-01-20 18:00:00,309,1,10.87,Checkout,0,0.0,1,Jan
239,Social Media,Desktop,West,Product Launch,18-24,2024-01-20 20:00:00,382,13,12.65,Bounced,0,0.0,1,Jan
240,Organic Search,Desktop,West,Seasonal Offer,25-34,2024-01-20 22:00:00,68,6,7.06,Converted,1,249.0,1,Jan
241,Referral,Tablet,East,Lead Gen,25-34,2024-01-21 00:00:00,758,13,11.34,Converted,1,49.0,1,Jan
242,Direct,Desktop,South,Seasonal Offer,35-44,2024-01-21 02:00:00,785,14,4.88,Bounced,0,0.0,1,Jan
243,Referral,Mobile,North,Retargeting,25-34,2024-01-21 04:00:00,650,10,3.59,Bounced,0,0.0,1,Jan
244,Paid Search,Tablet,West,Retargeting,35-44,2024-01-21 06:00:00,602,2,3.22,Awareness,0,0.0,1,Jan
245,Organic Search,Mobile,East,Brand Awareness,45-54,2024-01-21 08:00:00,518,10,5.7,Converted,1,249.0,1,Jan
246,Referral,Mobile,South,Retargeting,55+,2024-01-21 10:00:00,227,9,1.02,Converted,1,99.0,1,Jan
247,Paid Search,Mobile,West,Lead Gen,35-44,2024-01-21 12:00:00,305,9,4.6,Bounced,0,0.0,1,Jan
248,Direct,Mobile,East,Brand Awareness,18-24,2024-01-21 14:00:00,201,8,9.96,Checkout,0,0.0,1,Jan
249,Direct,Desktop,East,Lead Gen,55+,2024-01-21 16:00:00,813,13,9.89,Bounced,0,0.0,1,Jan
250,Referral,Desktop,East,Lead Gen,35-44,2024-01-21 18:00:00,537,11,1.57,Checkout,0,0.0,1,Jan
251,Organic Search,Desktop,North,Retargeting,25-34,2024-01-21 20:00:00,434,7,4.67,Bounced,0,0.0,1,Jan
252,Paid Search,Tablet,South,Retargeting,18-24,2024-01-21 22:00:00,300,14,8.76,Bounced,0,0.0,1,Jan
253,Referral,Mobile,West,Lead Gen,18-24,2024-01-22 00:00:00,583,6,5.12,Converted,1,49.0,1,Jan
254,Paid Search,Desktop,South,Retargeting,25-34,2024-01-22 02:00:00,730,2,6.56,Bounced,0,0.0,1,Jan
255,Organic Search,Mobile,South,Retargeting,18-24,2024-01-22 04:00:00,801,14,10.84,Converted,1,49.0,1,Jan
256,Social Media,Desktop,West,Retargeting,55+,2024-01-22 06:00:00,693,4,0.63,Checkout,0,0.0,1,Jan
257,Referral,Desktop,South,Seasonal Offer,35-44,2024-01-22 08:00:00,160,10,4.51,Product View,0,0.0,1,Jan
258,Social Media,Mobile,North,Lead Gen,35-44,2024-01-22 10:00:00,655,7,2.56,Awareness,0,0.0,1,Jan
259,Social Media,Desktop,West,Product Launch,45-54,2024-01-22 12:00:00,414,14,2.35,Product View,0,0.0,1,Jan
260,Organic Search,Mobile,West,Lead Gen,45-54,2024-01-22 14:00:00,763,13,14.41,Awareness,0,0.0,1,Jan
261,Social Media,Desktop,East,Brand Awareness,45-54,2024-01-22 16:00:00,426,6,5.96,Checkout,0,0.0,1,Jan
262,Direct,Mobile,South,Retargeting,55+,2024-01-22 18:00:00,595,9,8.14,Converted,1,99.0,1,Jan
263,Organic Search,Mobile,West,Retargeting,25-34,2024-01-22 20:00:00,879,13,11.14,Awareness,0,0.0,1,Jan
264,Paid Search,Desktop,West,Product Launch,55+,2024-01-22 22:00:00,325,13,1.19,Awareness,0,0.0,1,Jan
265,Referral,Tablet,North,Brand Awareness,35-44,2024-01-23 00:00:00,412,5,3.99,Awareness,0,0.0,1,Jan
266,Email,Mobile,East,Seasonal Offer,18-24,2024-01-23 02:00:00,541,12,12.57,Product View,0,0.0,1,Jan
267,Social Media,Desktop,West,Lead Gen,35-44,2024-01-23 04:00:00,424,12,13.0,Bounced,0,0.0,1,Jan
268,Social Media,Desktop,North,Seasonal Offer,35-44,2024-01-23 06:00:00,583,6,5.91,Awareness,0,0.0,1,Jan
269,Paid Search,Mobile,West,Brand Awareness,55+,2024-01-23 08:00:00,634,10,5.94,Converted,1,49.0,1,Jan
270,Organic Search,Desktop,West,Product Launch,25-34,2024-01-23 10:00:00,289,6,11.48,Awareness,0,0.0,1,Jan
271,Email,Desktop,West,Brand Awareness,35-44,2024-01-23 12:00:00,310,14,4.78,Awareness,0,0.0,1,Jan
272,Email,Desktop,North,Product Launch,18-24,2024-01-23 14:00:00,385,8,2.2,Product View,0,0.0,1,Jan
273,Referral,Desktop,South,Seasonal Offer,25-34,2024-01-23 16:00:00,449,8,4.23,Awareness,0,0.0,1,Jan
274,Referral,Mobile,West,Seasonal Offer,18-24,2024-01-23 18:00:00,221,6,6.12,Checkout,0,0.0,1,Jan
275,Paid Search,Desktop,West,Brand Awareness,35-44,2024-01-23 20:00:00,666,8,1.26,Converted,1,149.0,1,Jan
276,Paid Search,Desktop,South,Brand Awareness,45-54,2024-01-23 22:00:00,457,7,7.44,Awareness,0,0.0,1,Jan
277,Email,Desktop,West,Retargeting,25-34,2024-01-24 00:00:00,837,1,11.23,Converted,1,49.0,1,Jan
278,Social Media,Desktop,East,Product Launch,35-44,2024-01-24 02:00:00,377,5,7.95,Awareness,0,0.0,1,Jan
279,Social Media,Tablet,West,Retargeting,25-34,2024-01-24 04:00:00,458,11,1.54,Awareness,0,0.0,1,Jan
280,Email,Desktop,East,Lead Gen,18-24,2024-01-24 06:00:00,421,10,6.88,Checkout,0,0.0,1,Jan
281,Referral,Tablet,South,Lead Gen,35-44,2024-01-24 08:00:00,370,10,10.78,Product View,0,0.0,1,Jan
282,Paid Search,Desktop,North,Brand Awareness,18-24,2024-01-24 10:00:00,576,13,1.34,Converted,1,49.0,1,Jan
283,Paid Search,Desktop,South,Seasonal Offer,35-44,2024-01-24 12:00:00,431,10,1.37,Bounced,0,0.0,1,Jan
284,Organic Search,Mobile,West,Lead Gen,18-24,2024-01-24 14:00:00,76,5,5.87,Awareness,0,0.0,1,Jan
285,Social Media,Desktop,East,Lead Gen,18-24,2024-01-24 16:00:00,694,10,3.33,Awareness,0,0.0,1,Jan
286,Organic Search,Mobile,North,Retargeting,35-44,2024-01-24 18:00:00,779,14,14.05,Converted,1,99.0,1,Jan
287,Paid Search,Tablet,West,Retargeting,35-44,2024-01-24 20:00:00,454,9,8.93,Converted,1,99.0,1,Jan
288,Social Media,Desktop,North,Lead Gen,18-24,2024-01-24 22:00:00,546,7,4.67,Bounced,0,0.0,1,Jan
289,Organic Search,Desktop,North,Brand Awareness,35-44,2024-01-25 00:00:00,666,7,10.72,Checkout,0,0.0,1,Jan
290,Social Media,Mobile,West,Retargeting,45-54,2024-01-25 02:00:00,357,10,5.94,Product View,0,0.0,1,Jan
291,Organic Search,Desktop,South,Lead Gen,35-44,2024-01-25 04:00:00,116,2,2.42,Checkout,0,0.0,1,Jan
292,Organic Search,Desktop,West,Seasonal Offer,18-24,2024-01-25 06:00:00,544,8,3.94,Awareness,0,0.0,1,Jan
293,Email,Desktop,West,Retargeting,35-44,2024-01-25 08:00:00,194,3,9.82,Awareness,0,0.0,1,Jan
294,Paid Search,Desktop,South,Lead Gen,35-44,2024-01-25 10:00:00,252,9,1.25,Awareness,0,0.0,1,Jan
295,Organic Search,Mobile,East,Product Launch,18-24,2024-01-25 12:00:00,890,6,4.45,Bounced,0,0.0,1,Jan
296,Social Media,Desktop,West,Retargeting,45-54,2024-01-25 14:00:00,326,9,3.52,Checkout,0,0.0,1,Jan
297,Email,Desktop,North,Product Launch,55+,2024-01-25 16:00:00,480,9,3.42,Product View,0,0.0,1,Jan
298,Organic Search,Mobile,West,Retargeting,45-54,2024-01-25 18:00:00,372,7,10.4,Converted,1,99.0,1,Jan
299,Social Media,Desktop,West,Retargeting,45-54,2024-01-25 20:00:00,370,10,12.47,Awareness,0,0.0,1,Jan
300,Organic Search,Desktop,North,Product Launch,35-44,2024-01-25 22:00:00,490,12,10.88,Awareness,0,0.0,1,Jan
301,Organic Search,Mobile,South,Brand Awareness,35-44,2024-01-26 00:00:00,421,8,9.86,Converted,1,99.0,1,Jan
302,Social Media,Desktop,East,Lead Gen,35-44,2024-01-26 02:00:00,566,2,13.79,Awareness,0,0.0,1,Jan
303,Social Media,Mobile,East,Brand Awareness,45-54,2024-01-26 04:00:00,580,5,1.35,Bounced,0,0.0,1,Jan
304,Social Media,Mobile,North,Brand Awareness,35-44,2024-01-26 06:00:00,450,3,2.93,Checkout,0,0.0,1,Jan
305,Email,Desktop,South,Lead Gen,25-34,2024-01-26 08:00:00,410,1,6.51,Checkout,0,0.0,1,Jan
306,Direct,Mobile,West,Seasonal Offer,25-34,2024-01-26 10:00:00,646,13,5.9,Bounced,0,0.0,1,Jan
307,Paid Search,Desktop,West,Brand Awareness,45-54,2024-01-26 12:00:00,34,6,6.56,Awareness,0,0.0,1,Jan
308,Paid Search,Desktop,West,Brand Awareness,18-24,2024-01-26 14:00:00,677,13,3.49,Bounced,0,0.0,1,Jan
309,Email,Mobile,West,Brand Awareness,35-44,2024-01-26 16:00:00,33,12,2.67,Bounced,0,0.0,1,Jan
310,Organic Search,Mobile,West,Seasonal Offer,55+,2024-01-26 18:00:00,710,9,7.88,Converted,1,149.0,1,Jan
311,Paid Search,Desktop,North,Retargeting,35-44,2024-01-26 20:00:00,345,2,13.96,Checkout,0,0.0,1,Jan
312,Organic Search,Mobile,West,Product Launch,55+,2024-01-26 22:00:00,851,9,6.18,Bounced,0,0.0,1,Jan
313,Organic Search,Tablet,West,Product Launch,35-44,2024-01-27 00:00:00,107,8,1.13,Bounced,0,0.0,1,Jan
314,Direct,Tablet,South,Seasonal Offer,18-24,2024-01-27 02:00:00,560,11,10.74,Converted,1,99.0,1,Jan
315,Email,Mobile,West,Brand Awareness,45-54,2024-01-27 04:00:00,746,9,4.72,Checkout,0,0.0,1,Jan
316,Social Media,Desktop,East,Product Launch,25-34,2024-01-27 06:00:00,384,5,4.05,Awareness,0,0.0,1,Jan
317,Paid Search,Desktop,North,Seasonal Offer,25-34,2024-01-27 08:00:00,865,13,5.2,Bounced,0,0.0,1,Jan
318,Organic Search,Tablet,North,Lead Gen,25-34,2024-01-27 10:00:00,62,2,11.0,Product View,0,0.0,1,Jan
319,Organic Search,Desktop,North,Product Launch,25-34,2024-01-27 12:00:00,691,10,12.37,Bounced,0,0.0,1,Jan
320,Organic Search,Mobile,East,Lead Gen,25-34,2024-01-27 14:00:00,734,10,9.03,Bounced,0,0.0,1,Jan
321,Social Media,Desktop,West,Brand Awareness,25-34,2024-01-27 16:00:00,168,6,5.18,Bounced,0,0.0,1,Jan
322,Social Media,Desktop,North,Product Launch,35-44,2024-01-27 18:00:00,301,7,5.0,Bounced,0,0.0,1,Jan
323,Social Media,Desktop,East,Seasonal Offer,45-54,2024-01-27 20:00:00,225,3,2.3,Awareness,0,0.0,1,Jan
324,Organic Search,Tablet,South,Retargeting,25-34,2024-01-27 22:00:00,156,14,14.03,Converted,1,49.0,1,Jan
325,Direct,Desktop,West,Product Launch,25-34,2024-01-28 00:00:00,378,6,9.75,Product View,0,0.0,1,Jan
326,Email,Mobile,East,Product Launch,35-44,2024-01-28 02:00:00,772,6,0.89,Checkout,0,0.0,1,Jan
327,Social Media,Desktop,West,Product Launch,35-44,2024-01-28 04:00:00,73,8,10.1,Product View,0,0.0,1,Jan
328,Social Media,Desktop,South,Product Launch,55+,2024-01-28 06:00:00,771,1,6.98,Bounced,0,0.0,1,Jan
329,Paid Search,Desktop,East,Seasonal Offer,18-24,2024-01-28 08:00:00,757,4,14.6,Product View,0,0.0,1,Jan
330,Organic Search,Mobile,West,Seasonal Offer,45-54,2024-01-28 10:00:00,273,1,12.38,Bounced,0,0.0,1,Jan
331,Paid Search,Desktop,East,Retargeting,35-44,2024-01-28 12:00:00,38,8,2.98,Product View,0,0.0,1,Jan
332,Email,Desktop,North,Seasonal Offer,35-44,2024-01-28 14:00:00,791,2,10.94,Converted,1,49.0,1,Jan
333,Organic Search,Desktop,West,Seasonal Offer,18-24,2024-01-28 16:00:00,741,8,7.54,Product View,0,0.0,1,Jan
334,Organic Search,Desktop,East,Brand Awareness,25-34,2024-01-28 18:00:00,875,3,3.21,Bounced,0,0.0,1,Jan
335,Organic Search,Tablet,North,Brand Awareness,25-34,2024-01-28 20:00:00,108,8,10.63,Bounced,0,0.0,1,Jan
336,Organic Search,Tablet,South,Lead Gen,25-34,2024-01-28 22:00:00,786,6,8.44,Converted,1,49.0,1,Jan
337,Referral,Desktop,West,Retargeting,35-44,2024-01-29 00:00:00,219,1,0.94,Checkout,0,0.0,1,Jan
338,Social Media,Mobile,West,Brand Awareness,45-54,2024-01-29 02:00:00,115,7,9.88,Bounced,0,0.0,1,Jan
339,Paid Search,Tablet,South,Retargeting,35-44,2024-01-29 04:00:00,514,13,9.71,Converted,1,149.0,1,Jan
340,Organic Search,Desktop,North,Retargeting,35-44,2024-01-29 06:00:00,300,7,2.59,Checkout,0,0.0,1,Jan
341,Paid Search,Mobile,South,Product Launch,35-44,2024-01-29 08:00:00,803,6,5.56,Checkout,0,0.0,1,Jan
342,Paid Search,Tablet,West,Retargeting,25-34,2024-01-29 10:00:00,542,1,9.0,Awareness,0,0.0,1,Jan
343,Organic Search,Desktop,East,Product Launch,55+,2024-01-29 12:00:00,49,5,2.51,Product View,0,0.0,1,Jan
344,Paid Search,Desktop,North,Lead Gen,35-44,2024-01-29 14:00:00,518,1,12.86,Converted,1,99.0,1,Jan
345,Paid Search,Tablet,North,Lead Gen,25-34,2024-01-29 16:00:00,159,1,0.9,Awareness,0,0.0,1,Jan
346,Social Media,Mobile,North,Lead Gen,25-34,2024-01-29 18:00:00,867,6,1.99,Converted,1,99.0,1,Jan
347,Social Media,Desktop,South,Product Launch,35-44,2024-01-29 20:00:00,799,8,2.18,Bounced,0,0.0,1,Jan
348,Organic Search,Desktop,South,Product Launch,35-44,2024-01-29 22:00:00,672,1,8.16,Product View,0,0.0,1,Jan
349,Paid Search,Desktop,East,Lead Gen,18-24,2024-01-30 00:00:00,36,2,9.49,Product View,0,0.0,1,Jan
350,Social Media,Mobile,East,Product Launch,45-54,2024-01-30 02:00:00,881,5,6.35,Converted,1,149.0,1,Jan
351,Paid Search,Mobile,North,Seasonal Offer,35-44,2024-01-30 04:00:00,782,8,4.69,Awareness,0,0.0,1,Jan
352,Referral,Tablet,East,Seasonal Offer,35-44,2024-01-30 06:00:00,733,11,12.24,Product View,0,0.0,1,Jan
353,Social Media,Desktop,South,Product Launch,18-24,2024-01-30 08:00:00,339,4,1.49,Awareness,0,0.0,1,Jan
354,Organic Search,Mobile,East,Product Launch,25-34,2024-01-30 10:00:00,838,14,4.56,Awareness,0,0.0,1,Jan
355,Organic Search,Mobile,South,Brand Awareness,55+,2024-01-30 12:00:00,656,5,1.07,Awareness,0,0.0,1,Jan
356,Social Media,Desktop,East,Brand Awareness,45-54,2024-01-30 14:00:00,502,10,0.7,Converted,1,99.0,1,Jan
357,Organic Search,Desktop,West,Retargeting,25-34,2024-01-30 16:00:00,131,5,5.62,Converted,1,99.0,1,Jan
358,Social Media,Tablet,South,Retargeting,25-34,2024-01-30 18:00:00,367,3,3.32,Product View,0,0.0,1,Jan
359,Referral,Mobile,West,Retargeting,25-34,2024-01-30 20:00:00,348,6,4.39,Awareness,0,0.0,1,Jan
360,Social Media,Desktop,South,Lead Gen,25-34,2024-01-30 22:00:00,542,5,12.4,Awareness,0,0.0,1,Jan
361,Paid Search,Mobile,East,Seasonal Offer,35-44,2024-01-31 00:00:00,54,2,2.86,Bounced,0,0.0,1,Jan
362,Social Media,Desktop,West,Lead Gen,55+,2024-01-31 02:00:00,750,14,11.81,Bounced,0,0.0,1,Jan
363,Paid Search,Mobile,East,Product Launch,25-34,2024-01-31 04:00:00,459,10,10.29,Bounced,0,0.0,1,Jan
364,Social Media,Mobile,South,Brand Awareness,18-24,2024-01-31 06:00:00,172,14,5.23,Product View,0,0.0,1,Jan
365,Referral,Mobile,West,Product Launch,45-54,2024-01-31 08:00:00,738,4,8.43,Checkout,0,0.0,1,Jan
366,Paid Search,Tablet,North,Product Launch,18-24,2024-01-31 10:00:00,686,11,6.94,Bounced,0,0.0,1,Jan
367,Direct,Mobile,East,Brand Awareness,55+,2024-01-31 12:00:00,178,4,2.36,Converted,1,49.0,1,Jan
368,Referral,Desktop,South,Product Launch,35-44,2024-01-31 14:00:00,722,7,13.65,Product View,0,0.0,1,Jan
369,Organic Search,Mobile,West,Retargeting,55+,2024-01-31 16:00:00,84,7,8.76,Converted,1,149.0,1,Jan
370,Organic Search,Desktop,East,Brand Awareness,25-34,2024-01-31 18:00:00,500,9,13.26,Bounced,0,0.0,1,Jan
371,Organic Search,Desktop,West,Product Launch,18-24,2024-01-31 20:00:00,392,10,12.45,Product View,0,0.0,1,Jan
372,Organic Search,Desktop,East,Retargeting,25-34,2024-01-31 22:00:00,679,12,1.66,Converted,1,149.0,1,Jan
373,Organic Search,Desktop,East,Retargeting,25-34,2024-02-01 00:00:00,238,2,3.51,Awareness,0,0.0,2,Feb
374,Social Media,Mobile,East,Seasonal Offer,25-34,2024-02-01 02:00:00,214,6,2.61,Product View,0,0.0,2,Feb
375,Organic Search,Desktop,West,Retargeting,55+,2024-02-01 04:00:00,94,2,12.55,Bounced,0,0.0,2,Feb
376,Paid Search,Mobile,West,Lead Gen,45-54,2024-02-01 06:00:00,578,9,13.01,Product View,0,0.0,2,Feb
377,Email,Mobile,East,Brand Awareness,35-44,2024-02-01 08:00:00,141,2,8.16,Awareness,0,0.0,2,Feb
378,Organic Search,Desktop,North,Brand Awareness,25-34,2024-02-01 10:00:00,292,6,2.01,Checkout,0,0.0,2,Feb
379,Email,Mobile,North,Brand Awareness,35-44,2024-02-01 12:00:00,105,8,2.47,Bounced,0,0.0,2,Feb
380,Organic Search,Desktop,North,Product Launch,35-44,2024-02-01 14:00:00,325,6,12.3,Bounced,0,0.0,2,Feb
381,Organic Search,Desktop,South,Product Launch,25-34,2024-02-01 16:00:00,207,12,13.97,Bounced,0,0.0,2,Feb
382,Social Media,Mobile,North,Lead Gen,55+,2024-02-01 18:00:00,795,3,3.39,Bounced,0,0.0,2,Feb
383,Social Media,Desktop,West,Retargeting,25-34,2024-02-01 20:00:00,30,5,0.66,Checkout,0,0.0,2,Feb
384,Referral,Desktop,North,Product Launch,25-34,2024-02-01 22:00:00,177,4,5.3,Bounced,0,0.0,2,Feb
385,Email,Mobile,West,Retargeting,18-24,2024-02-02 00:00:00,700,1,0.94,Product View,0,0.0,2,Feb
386,Email,Mobile,South,Retargeting,45-54,2024-02-02 02:00:00,865,5,12.51,Bounced,0,0.0,2,Feb
387,Organic Search,Desktop,West,Product Launch,35-44,2024-02-02 04:00:00,809,10,7.63,Awareness,0,0.0,2,Feb
388,Organic Search,Tablet,West,Product Launch,25-34,2024-02-02 06:00:00,691,12,9.81,Converted,1,249.0,2,Feb
389,Email,Mobile,West,Lead Gen,25-34,2024-02-02 08:00:00,158,5,6.47,Product View,0,0.0,2,Feb
390,Email,Mobile,North,Seasonal Offer,18-24,2024-02-02 10:00:00,667,7,5.51,Converted,1,249.0,2,Feb
391,Direct,Desktop,East,Brand Awareness,25-34,2024-02-02 12:00:00,542,12,3.72,Awareness,0,0.0,2,Feb
392,Paid Search,Mobile,West,Product Launch,25-34,2024-02-02 14:00:00,658,7,11.67,Product View,0,0.0,2,Feb
393,Paid Search,Mobile,North,Product Launch,25-34,2024-02-02 16:00:00,531,2,10.59,Converted,1,149.0,2,Feb
394,Email,Mobile,North,Retargeting,25-34,2024-02-02 18:00:00,178,14,5.73,Bounced,0,0.0,2,Feb
395,Paid Search,Mobile,North,Seasonal Offer,45-54,2024-02-02 20:00:00,298,4,5.16,Bounced,0,0.0,2,Feb
396,Referral,Desktop,East,Product Launch,35-44,2024-02-02 22:00:00,730,1,0.52,Bounced,0,0.0,2,Feb
397,Referral,Desktop,East,Seasonal Offer,35-44,2024-02-03 00:00:00,682,13,1.42,Bounced,0,0.0,2,Feb
398,Paid Search,Desktop,East,Brand Awareness,18-24,2024-02-03 02:00:00,134,5,9.54,Bounced,0,0.0,2,Feb
399,Email,Desktop,East,Retargeting,25-34,2024-02-03 04:00:00,495,5,7.96,Awareness,0,0.0,2,Feb
400,Email,Mobile,South,Lead Gen,25-34,2024-02-03 06:00:00,793,4,6.8,Converted,1,249.0,2,Feb
401,Organic Search,Desktop,East,Brand Awareness,25-34,2024-02-03 08:00:00,310,10,12.5,Bounced,0,0.0,2,Feb
402,Referral,Tablet,East,Seasonal Offer,18-24,2024-02-03 10:00:00,436,12,7.81,Bounced,0,0.0,2,Feb
403,Paid Search,Tablet,East,Seasonal Offer,45-54,2024-02-03 12:00:00,885,12,6.08,Bounced,0,0.0,2,Feb
404,Email,Desktop,West,Brand Awareness,55+,2024-02-03 14:00:00,642,7,2.84,Bounced,0,0.0,2,Feb
405,Paid Search,Desktop,West,Seasonal Offer,18-24,2024-02-03 16:00:00,823,6,12.4,Awareness,0,0.0,2,Feb
406,Referral,Mobile,East,Lead Gen,25-34,2024-02-03 18:00:00,387,13,8.86,Product View,0,0.0,2,Feb
407,Paid Search,Tablet,South,Lead Gen,55+,2024-02-03 20:00:00,704,10,1.84,Bounced,0,0.0,2,Feb
408,Organic Search,Desktop,West,Seasonal Offer,18-24,2024-02-03 22:00:00,232,3,9.91,Product View,0,0.0,2,Feb
409,Referral,Desktop,North,Seasonal Offer,35-44,2024-02-04 00:00:00,641,2,6.66,Awareness,0,0.0,2,Feb
410,Organic Search,Mobile,West,Lead Gen,55+,2024-02-04 02:00:00,310,4,12.27,Checkout,0,0.0,2,Feb
411,Paid Search,Mobile,North,Seasonal Offer,55+,2024-02-04 04:00:00,286,9,13.82,Awareness,0,0.0,2,Feb
412,Direct,Desktop,West,Product Launch,25-34,2024-02-04 06:00:00,123,10,9.21,Awareness,0,0.0,2,Feb
413,Direct,Mobile,East,Retargeting,25-34,2024-02-04 08:00:00,353,5,11.11,Awareness,0,0.0,2,Feb
414,Social Media,Desktop,West,Product Launch,25-34,2024-02-04 10:00:00,820,1,1.32,Awareness,0,0.0,2,Feb
415,Social Media,Desktop,East,Seasonal Offer,45-54,2024-02-04 12:00:00,768,11,8.62,Product View,0,0.0,2,Feb
416,Paid Search,Desktop,East,Seasonal Offer,55+,2024-02-04 14:00:00,391,3,11.45,Awareness,0,0.0,2,Feb
417,Organic Search,Desktop,West,Retargeting,35-44,2024-02-04 16:00:00,691,9,7.7,Bounced,0,0.0,2,Feb
418,Paid Search,Desktop,North,Seasonal Offer,45-54,2024-02-04 18:00:00,380,7,9.11,Converted,1,99.0,2,Feb
419,Social Media,Desktop,North,Retargeting,35-44,2024-02-04 20:00:00,91,3,13.53,Checkout,0,0.0,2,Feb
420,Email,Desktop,West,Lead Gen,35-44,2024-02-04 22:00:00,670,1,3.37,Converted,1,99.0,2,Feb
421,Email,Desktop,East,Retargeting,45-54,2024-02-05 00:00:00,216,4,1.92,Bounced,0,0.0,2,Feb
422,Email,Desktop,North,Retargeting,35-44,2024-02-05 02:00:00,609,9,10.51,Awareness,0,0.0,2,Feb
423,Organic Search,Tablet,South,Product Launch,35-44,2024-02-05 04:00:00,571,12,12.43,Bounced,0,0.0,2,Feb
424,Paid Search,Desktop,East,Seasonal Offer,25-34,2024-02-05 06:00:00,333,7,12.83,Awareness,0,0.0,2,Feb
425,Organic Search,Desktop,West,Lead Gen,35-44,2024-02-05 08:00:00,816,5,9.8,Product View,0,0.0,2,Feb
426,Social Media,Mobile,East,Brand Awareness,25-34,2024-02-05 10:00:00,668,13,12.58,Bounced,0,0.0,2,Feb
427,Paid Search,Tablet,South,Retargeting,25-34,2024-02-05 12:00:00,465,11,10.66,Converted,1,499.0,2,Feb
428,Referral,Desktop,South,Brand Awareness,45-54,2024-02-05 14:00:00,242,14,1.77,Checkout,0,0.0,2,Feb
429,Paid Search,Mobile,North,Seasonal Offer,35-44,2024-02-05 16:00:00,435,6,11.55,Product View,0,0.0,2,Feb
430,Organic Search,Mobile,South,Retargeting,55+,2024-02-05 18:00:00,847,1,3.1,Checkout,0,0.0,2,Feb
431,Organic Search,Mobile,East,Brand Awareness,25-34,2024-02-05 20:00:00,163,7,3.93,Checkout,0,0.0,2,Feb
432,Email,Desktop,North,Product Launch,35-44,2024-02-05 22:00:00,248,12,6.22,Converted,1,249.0,2,Feb
433,Social Media,Mobile,South,Brand Awareness,25-34,2024-02-06 00:00:00,450,5,5.06,Checkout,0,0.0,2,Feb
434,Organic Search,Desktop,North,Product Launch,55+,2024-02-06 02:00:00,348,7,5.16,Checkout,0,0.0,2,Feb
435,Organic Search,Mobile,North,Lead Gen,18-24,2024-02-06 04:00:00,186,5,2.95,Bounced,0,0.0,2,Feb
436,Social Media,Mobile,West,Seasonal Offer,35-44,2024-02-06 06:00:00,217,5,4.76,Checkout,0,0.0,2,Feb
437,Organic Search,Desktop,North,Brand Awareness,45-54,2024-02-06 08:00:00,505,3,0.79,Checkout,0,0.0,2,Feb
438,Email,Mobile,North,Retargeting,25-34,2024-02-06 10:00:00,191,5,7.36,Converted,1,99.0,2,Feb
439,Social Media,Desktop,South,Seasonal Offer,55+,2024-02-06 12:00:00,158,8,11.64,Awareness,0,0.0,2,Feb
440,Organic Search,Mobile,East,Brand Awareness,45-54,2024-02-06 14:00:00,333,14,13.0,Awareness,0,0.0,2,Feb
441,Organic Search,Desktop,East,Retargeting,25-34,2024-02-06 16:00:00,118,8,12.4,Bounced,0,0.0,2,Feb
442,Direct,Desktop,South,Retargeting,18-24,2024-02-06 18:00:00,191,2,6.54,Bounced,0,0.0,2,Feb
443,Paid Search,Desktop,East,Retargeting,25-34,2024-02-06 20:00:00,65,11,11.09,Checkout,0,0.0,2,Feb
444,Paid Search,Tablet,North,Retargeting,25-34,2024-02-06 22:00:00,256,1,4.67,Converted,1,99.0,2,Feb
445,Email,Desktop,West,Brand Awareness,45-54,2024-02-07 00:00:00,180,2,1.31,Converted,1,249.0,2,Feb
446,Referral,Desktop,North,Lead Gen,55+,2024-02-07 02:00:00,622,11,10.3,Bounced,0,0.0,2,Feb
447,Direct,Desktop,North,Product Launch,18-24,2024-02-07 04:00:00,76,7,9.91,Awareness,0,0.0,2,Feb
448,Email,Mobile,West,Product Launch,25-34,2024-02-07 06:00:00,745,3,12.12,Converted,1,99.0,2,Feb
449,Paid Search,Mobile,South,Product Launch,35-44,2024-02-07 08:00:00,689,8,9.43,Converted,1,49.0,2,Feb
450,Organic Search,Desktop,North,Lead Gen,18-24,2024-02-07 10:00:00,260,4,2.77,Product View,0,0.0,2,Feb
451,Email,Desktop,North,Retargeting,25-34,2024-02-07 12:00:00,568,10,12.87,Converted,1,149.0,2,Feb
452,Social Media,Desktop,South,Retargeting,25-34,2024-02-07 14:00:00,730,10,9.6,Bounced,0,0.0,2,Feb
453,Paid Search,Desktop,North,Seasonal Offer,35-44,2024-02-07 16:00:00,194,8,12.21,Awareness,0,0.0,2,Feb
454,Referral,Desktop,North,Product Launch,35-44,2024-02-07 18:00:00,753,14,11.72,Awareness,0,0.0,2,Feb
455,Organic Search,Mobile,East,Product Launch,35-44,2024-02-07 20:00:00,849,2,4.82,Product View,0,0.0,2,Feb
456,Paid Search,Desktop,South,Retargeting,18-24,2024-02-07 22:00:00,616,13,1.58,Checkout,0,0.0,2,Feb
457,Organic Search,Desktop,North,Product Launch,45-54,2024-02-08 00:00:00,633,14,3.06,Awareness,0,0.0,2,Feb
458,Paid Search,Desktop,North,Retargeting,35-44,2024-02-08 02:00:00,603,5,1.85,Bounced,0,0.0,2,Feb
459,Organic Search,Tablet,West,Retargeting,45-54,2024-02-08 04:00:00,95,6,4.03,Checkout,0,0.0,2,Feb
460,Organic Search,Tablet,West,Retargeting,25-34,2024-02-08 06:00:00,109,1,7.16,Product View,0,0.0,2,Feb
461,Organic Search,Mobile,West,Brand Awareness,45-54,2024-02-08 08:00:00,169,14,13.65,Bounced,0,0.0,2,Feb
462,Social Media,Desktop,North,Brand Awareness,45-54,2024-02-08 10:00:00,429,1,13.14,Checkout,0,0.0,2,Feb
463,Email,Desktop,North,Brand Awareness,25-34,2024-02-08 12:00:00,159,14,10.92,Product View,0,0.0,2,Feb
464,Social Media,Desktop,West,Brand Awareness,25-34,2024-02-08 14:00:00,795,9,0.85,Product View,0,0.0,2,Feb
465,Direct,Desktop,East,Lead Gen,55+,2024-02-08 16:00:00,475,5,5.45,Awareness,0,0.0,2,Feb
466,Paid Search,Mobile,East,Seasonal Offer,35-44,2024-02-08 18:00:00,861,14,10.39,Converted,1,49.0,2,Feb
467,Organic Search,Mobile,East,Seasonal Offer,55+,2024-02-08 20:00:00,58,4,2.37,Awareness,0,0.0,2,Feb
468,Referral,Mobile,East,Retargeting,45-54,2024-02-08 22:00:00,231,14,12.12,Converted,1,99.0,2,Feb
469,Organic Search,Mobile,South,Product Launch,35-44,2024-02-09 00:00:00,266,1,13.76,Converted,1,249.0,2,Feb
470,Direct,Desktop,West,Brand Awareness,18-24,2024-02-09 02:00:00,628,3,5.63,Awareness,0,0.0,2,Feb
471,Organic Search,Mobile,North,Seasonal Offer,25-34,2024-02-09 04:00:00,637,13,10.73,Awareness,0,0.0,2,Feb
472,Direct,Desktop,West,Seasonal Offer,55+,2024-02-09 06:00:00,828,4,2.65,Bounced,0,0.0,2,Feb
473,Organic Search,Desktop,East,Brand Awareness,25-34,2024-02-09 08:00:00,368,11,10.52,Product View,0,0.0,2,Feb
474,Referral,Mobile,North,Lead Gen,18-24,2024-02-09 10:00:00,428,11,0.81,Product View,0,0.0,2,Feb
475,Social Media,Desktop,South,Lead Gen,35-44,2024-02-09 12:00:00,468,5,2.69,Bounced,0,0.0,2,Feb
476,Direct,Desktop,West,Seasonal Offer,35-44,2024-02-09 14:00:00,318,14,10.79,Checkout,0,0.0,2,Feb
477,Organic Search,Desktop,North,Lead Gen,25-34,2024-02-09 16:00:00,281,10,10.82,Converted,1,49.0,2,Feb
478,Social Media,Mobile,North,Brand Awareness,25-34,2024-02-09 18:00:00,721,12,9.8,Product View,0,0.0,2,Feb
479,Direct,Mobile,East,Seasonal Offer,25-34,2024-02-09 20:00:00,129,14,7.42,Converted,1,249.0,2,Feb
480,Social Media,Desktop,East,Brand Awareness,18-24,2024-02-09 22:00:00,614,5,10.29,Product View,0,0.0,2,Feb
481,Social Media,Mobile,West,Lead Gen,45-54,2024-02-10 00:00:00,451,10,11.72,Bounced,0,0.0,2,Feb
482,Social Media,Desktop,South,Brand Awareness,25-34,2024-02-10 02:00:00,672,8,14.51,Bounced,0,0.0,2,Feb
483,Paid Search,Desktop,North,Lead Gen,45-54,2024-02-10 04:00:00,723,13,13.39,Bounced,0,0.0,2,Feb
484,Social Media,Mobile,East,Lead Gen,45-54,2024-02-10 06:00:00,735,13,12.02,Bounced,0,0.0,2,Feb
485,Social Media,Mobile,West,Brand Awareness,35-44,2024-02-10 08:00:00,47,3,10.57,Awareness,0,0.0,2,Feb
486,Referral,Tablet,East,Lead Gen,25-34,2024-02-10 10:00:00,500,7,8.83,Converted,1,499.0,2,Feb
487,Organic Search,Desktop,West,Retargeting,35-44,2024-02-10 12:00:00,667,14,2.25,Awareness,0,0.0,2,Feb
488,Organic Search,Mobile,East,Brand Awareness,25-34,2024-02-10 14:00:00,752,13,2.9,Bounced,0,0.0,2,Feb
489,Direct,Mobile,South,Retargeting,25-34,2024-02-10 16:00:00,36,6,12.39,Product View,0,0.0,2,Feb
490,Referral,Tablet,North,Brand Awareness,45-54,2024-02-10 18:00:00,448,10,12.15,Product View,0,0.0,2,Feb
491,Paid Search,Desktop,East,Lead Gen,25-34,2024-02-10 20:00:00,409,11,9.41,Converted,1,249.0,2,Feb
492,Social Media,Mobile,North,Lead Gen,45-54,2024-02-10 22:00:00,537,10,6.86,Awareness,0,0.0,2,Feb
493,Organic Search,Mobile,West,Seasonal Offer,18-24,2024-02-11 00:00:00,143,10,0.88,Product View,0,0.0,2,Feb
494,Organic Search,Desktop,South,Seasonal Offer,18-24,2024-02-11 02:00:00,881,11,5.24,Checkout,0,0.0,2,Feb
495,Paid Search,Desktop,North,Retargeting,55+,2024-02-11 04:00:00,540,6,6.6,Bounced,0,0.0,2,Feb
496,Paid Search,Desktop,East,Lead Gen,35-44,2024-02-11 06:00:00,625,10,7.54,Converted,1,499.0,2,Feb
497,Social Media,Mobile,North,Seasonal Offer,35-44,2024-02-11 08:00:00,880,9,13.98,Bounced,0,0.0,2,Feb
498,Organic Search,Mobile,North,Lead Gen,35-44,2024-02-11 10:00:00,643,14,2.08,Converted,1,99.0,2,Feb
499,Direct,Mobile,West,Brand Awareness,25-34,2024-02-11 12:00:00,498,7,8.02,Bounced,0,0.0,2,Feb
500,Direct,Mobile,South,Seasonal Offer,35-44,2024-02-11 14:00:00,122,13,5.83,Product View,0,0.0,2,Feb
501,Social Media,Mobile,South,Retargeting,18-24,2024-02-11 16:00:00,521,11,14.86,Bounced,0,0.0,2,Feb
502,Social Media,Desktop,North,Seasonal Offer,35-44,2024-02-11 18:00:00,857,7,13.0,Checkout,0,0.0,2,Feb
503,Paid Search,Desktop,North,Lead Gen,35-44,2024-02-11 20:00:00,131,11,6.86,Awareness,0,0.0,2,Feb
504,Email,Desktop,West,Product Launch,55+,2024-02-11 22:00:00,522,14,15.0,Bounced,0,0.0,2,Feb
505,Social Media,Desktop,North,Product Launch,35-44,2024-02-12 00:00:00,792,1,7.95,Checkout,0,0.0,2,Feb
506,Organic Search,Desktop,West,Lead Gen,18-24,2024-02-12 02:00:00,565,1,2.92,Converted,1,99.0,2,Feb
507,Referral,Mobile,South,Brand Awareness,35-44,2024-02-12 04:00:00,514,9,8.56,Checkout,0,0.0,2,Feb
508,Email,Desktop,South,Seasonal Offer,18-24,2024-02-12 06:00:00,508,9,3.78,Converted,1,249.0,2,Feb
509,Referral,Desktop,West,Product Launch,25-34,2024-02-12 08:00:00,196,12,9.73,Converted,1,99.0,2,Feb
510,Email,Desktop,North,Brand Awareness,18-24,2024-02-12 10:00:00,169,11,14.09,Awareness,0,0.0,2,Feb
511,Social Media,Desktop,South,Lead Gen,35-44,2024-02-12 12:00:00,123,10,11.9,Checkout,0,0.0,2,Feb
512,Paid Search,Tablet,East,Brand Awareness,18-24,2024-02-12 14:00:00,210,3,4.46,Awareness,0,0.0,2,Feb
513,Referral,Mobile,West,Lead Gen,25-34,2024-02-12 16:00:00,605,11,4.8,Bounced,0,0.0,2,Feb
514,Referral,Mobile,South,Seasonal Offer,55+,2024-02-12 18:00:00,33,11,1.5,Awareness,0,0.0,2,Feb
515,Organic Search,Desktop,South,Brand Awareness,35-44,2024-02-12 20:00:00,635,8,4.65,Converted,1,99.0,2,Feb
516,Organic Search,Mobile,South,Seasonal Offer,18-24,2024-02-12 22:00:00,418,9,1.84,Awareness,0,0.0,2,Feb
517,Paid Search,Mobile,East,Brand Awareness,25-34,2024-02-13 00:00:00,301,1,7.74,Product View,0,0.0,2,Feb
518,Email,Mobile,East,Lead Gen,35-44,2024-02-13 02:00:00,824,12,10.77,Checkout,0,0.0,2,Feb
519,Direct,Desktop,East,Lead Gen,45-54,2024-02-13 04:00:00,161,14,11.39,Checkout,0,0.0,2,Feb
520,Organic Search,Mobile,North,Brand Awareness,18-24,2024-02-13 06:00:00,613,3,1.36,Bounced,0,0.0,2,Feb
521,Social Media,Mobile,West,Lead Gen,45-54,2024-02-13 08:00:00,845,13,5.43,Bounced,0,0.0,2,Feb
522,Paid Search,Mobile,North,Retargeting,35-44,2024-02-13 10:00:00,622,6,4.68,Converted,1,149.0,2,Feb
523,Direct,Mobile,East,Retargeting,35-44,2024-02-13 12:00:00,541,4,2.01,Product View,0,0.0,2,Feb
524,Email,Desktop,West,Seasonal Offer,55+,2024-02-13 14:00:00,715,8,5.76,Checkout,0,0.0,2,Feb
525,Email,Mobile,North,Retargeting,35-44,2024-02-13 16:00:00,841,9,4.84,Bounced,0,0.0,2,Feb
526,Paid Search,Desktop,North,Retargeting,45-54,2024-02-13 18:00:00,81,7,9.7,Bounced,0,0.0,2,Feb
527,Paid Search,Mobile,North,Product Launch,25-34,2024-02-13 20:00:00,319,11,13.31,Checkout,0,0.0,2,Feb
528,Organic Search,Desktop,East,Product Launch,35-44,2024-02-13 22:00:00,475,1,7.1,Checkout,0,0.0,2,Feb
529,Organic Search,Desktop,South,Product Launch,35-44,2024-02-14 00:00:00,266,14,11.33,Awareness,0,0.0,2,Feb
530,Referral,Desktop,West,Product Launch,25-34,2024-02-14 02:00:00,818,2,2.62,Product View,0,0.0,2,Feb
531,Email,Mobile,East,Lead Gen,35-44,2024-02-14 04:00:00,520,1,13.48,Converted,1,149.0,2,Feb
532,Direct,Desktop,West,Seasonal Offer,25-34,2024-02-14 06:00:00,309,9,2.71,Awareness,0,0.0,2,Feb
533,Direct,Mobile,East,Seasonal Offer,18-24,2024-02-14 08:00:00,73,4,3.29,Checkout,0,0.0,2,Feb
534,Social Media,Mobile,North,Retargeting,25-34,2024-02-14 10:00:00,795,10,2.04,Bounced,0,0.0,2,Feb
535,Email,Desktop,North,Seasonal Offer,35-44,2024-02-14 12:00:00,388,14,4.99,Checkout,0,0.0,2,Feb
536,Referral,Desktop,South,Retargeting,55+,2024-02-14 14:00:00,675,8,8.51,Awareness,0,0.0,2,Feb
537,Email,Desktop,South,Seasonal Offer,25-34,2024-02-14 16:00:00,597,5,14.83,Awareness,0,0.0,2,Feb
538,Organic Search,Mobile,West,Brand Awareness,35-44,2024-02-14 18:00:00,555,5,12.0,Product View,0,0.0,2,Feb
539,Paid Search,Mobile,South,Brand Awareness,18-24,2024-02-14 20:00:00,719,5,6.02,Bounced,0,0.0,2,Feb
540,Organic Search,Desktop,South,Seasonal Offer,55+,2024-02-14 22:00:00,491,11,8.85,Product View,0,0.0,2,Feb
541,Direct,Desktop,West,Lead Gen,35-44,2024-02-15 00:00:00,130,5,9.54,Converted,1,149.0,2,Feb
542,Social Media,Mobile,East,Retargeting,45-54,2024-02-15 02:00:00,721,3,12.43,Checkout,0,0.0,2,Feb
543,Organic Search,Mobile,South,Seasonal Offer,45-54,2024-02-15 04:00:00,490,6,11.18,Checkout,0,0.0,2,Feb
544,Social Media,Mobile,East,Retargeting,25-34,2024-02-15 06:00:00,798,14,8.75,Converted,1,149.0,2,Feb
545,Social Media,Mobile,North,Product Launch,35-44,2024-02-15 08:00:00,297,1,10.2,Bounced,0,0.0,2,Feb
546,Paid Search,Desktop,South,Seasonal Offer,55+,2024-02-15 10:00:00,391,8,11.32,Product View,0,0.0,2,Feb
547,Organic Search,Desktop,North,Lead Gen,18-24,2024-02-15 12:00:00,437,13,2.43,Converted,1,149.0,2,Feb
548,Social Media,Desktop,North,Product Launch,35-44,2024-02-15 14:00:00,66,4,3.41,Bounced,0,0.0,2,Feb
549,Social Media,Desktop,East,Seasonal Offer,55+,2024-02-15 16:00:00,497,6,10.48,Bounced,0,0.0,2,Feb
550,Email,Desktop,West,Brand Awareness,25-34,2024-02-15 18:00:00,745,2,12.83,Checkout,0,0.0,2,Feb
551,Social Media,Desktop,South,Seasonal Offer,45-54,2024-02-15 20:00:00,288,2,6.43,Product View,0,0.0,2,Feb
552,Referral,Desktop,East,Brand Awareness,55+,2024-02-15 22:00:00,538,8,14.71,Converted,1,149.0,2,Feb
553,Social Media,Tablet,West,Brand Awareness,35-44,2024-02-16 00:00:00,696,14,3.63,Awareness,0,0.0,2,Feb
554,Social Media,Mobile,North,Seasonal Offer,25-34,2024-02-16 02:00:00,779,1,6.54,Bounced,0,0.0,2,Feb
555,Referral,Mobile,South,Seasonal Offer,25-34,2024-02-16 04:00:00,338,8,5.99,Converted,1,99.0,2,Feb
556,Paid Search,Mobile,North,Brand Awareness,18-24,2024-02-16 06:00:00,641,10,13.99,Awareness,0,0.0,2,Feb
557,Organic Search,Desktop,North,Retargeting,45-54,2024-02-16 08:00:00,302,10,4.64,Bounced,0,0.0,2,Feb
558,Organic Search,Mobile,South,Product Launch,45-54,2024-02-16 10:00:00,654,1,7.33,Awareness,0,0.0,2,Feb
559,Email,Desktop,West,Lead Gen,35-44,2024-02-16 12:00:00,139,9,3.21,Checkout,0,0.0,2,Feb
560,Social Media,Mobile,West,Seasonal Offer,25-34,2024-02-16 14:00:00,684,1,8.06,Bounced,0,0.0,2,Feb
561,Social Media,Desktop,South,Product Launch,18-24,2024-02-16 16:00:00,708,4,12.93,Bounced,0,0.0,2,Feb
562,Organic Search,Tablet,South,Product Launch,45-54,2024-02-16 18:00:00,289,9,4.91,Awareness,0,0.0,2,Feb
563,Organic Search,Desktop,East,Retargeting,35-44,2024-02-16 20:00:00,686,1,12.26,Bounced,0,0.0,2,Feb
564,Organic Search,Desktop,East,Product Launch,55+,2024-02-16 22:00:00,771,9,13.71,Product View,0,0.0,2,Feb
565,Paid Search,Tablet,North,Seasonal Offer,35-44,2024-02-17 00:00:00,297,14,1.56,Bounced,0,0.0,2,Feb
566,Social Media,Desktop,South,Product Launch,45-54,2024-02-17 02:00:00,61,8,11.47,Bounced,0,0.0,2,Feb
567,Paid Search,Mobile,West,Seasonal Offer,35-44,2024-02-17 04:00:00,840,5,4.2,Awareness,0,0.0,2,Feb
568,Paid Search,Mobile,North,Seasonal Offer,35-44,2024-02-17 06:00:00,760,6,3.04,Awareness,0,0.0,2,Feb
569,Referral,Mobile,North,Brand Awareness,25-34,2024-02-17 08:00:00,206,5,9.22,Awareness,0,0.0,2,Feb
570,Paid Search,Tablet,North,Retargeting,55+,2024-02-17 10:00:00,133,4,10.73,Bounced,0,0.0,2,Feb
571,Paid Search,Tablet,North,Lead Gen,35-44,2024-02-17 12:00:00,265,12,6.22,Bounced,0,0.0,2,Feb
572,Email,Desktop,West,Brand Awareness,25-34,2024-02-17 14:00:00,122,10,1.07,Converted,1,49.0,2,Feb
573,Paid Search,Mobile,North,Lead Gen,18-24,2024-02-17 16:00:00,230,14,13.68,Bounced,0,0.0,2,Feb
574,Social Media,Mobile,South,Seasonal Offer,25-34,2024-02-17 18:00:00,840,13,11.1,Bounced,0,0.0,2,Feb
575,Referral,Mobile,East,Brand Awareness,35-44,2024-02-17 20:00:00,772,12,4.44,Awareness,0,0.0,2,Feb
576,Referral,Desktop,West,Product Launch,25-34,2024-02-17 22:00:00,796,4,7.7,Awareness,0,0.0,2,Feb
577,Organic Search,Mobile,South,Product Launch,25-34,2024-02-18 00:00:00,626,14,0.9,Converted,1,149.0,2,Feb
578,Referral,Tablet,South,Lead Gen,35-44,2024-02-18 02:00:00,64,10,5.42,Product View,0,0.0,2,Feb
579,Paid Search,Tablet,South,Seasonal Offer,25-34,2024-02-18 04:00:00,146,8,8.08,Bounced,0,0.0,2,Feb
580,Organic Search,Desktop,East,Lead Gen,45-54,2024-02-18 06:00:00,717,8,8.0,Bounced,0,0.0,2,Feb
581,Paid Search,Desktop,East,Retargeting,25-34,2024-02-18 08:00:00,487,9,3.52,Checkout,0,0.0,2,Feb
582,Direct,Desktop,East,Product Launch,35-44,2024-02-18 10:00:00,500,3,11.76,Product View,0,0.0,2,Feb
583,Paid Search,Mobile,South,Brand Awareness,18-24,2024-02-18 12:00:00,817,10,4.83,Bounced,0,0.0,2,Feb
584,Paid Search,Mobile,East,Brand Awareness,25-34,2024-02-18 14:00:00,428,8,8.92,Bounced,0,0.0,2,Feb
585,Social Media,Desktop,North,Brand Awareness,25-34,2024-02-18 16:00:00,626,3,4.44,Bounced,0,0.0,2,Feb
586,Organic Search,Desktop,East,Product Launch,45-54,2024-02-18 18:00:00,146,2,6.66,Converted,1,49.0,2,Feb
587,Organic Search,Desktop,West,Seasonal Offer,45-54,2024-02-18 20:00:00,391,2,3.51,Bounced,0,0.0,2,Feb
588,Organic Search,Desktop,South,Product Launch,25-34,2024-02-18 22:00:00,233,9,9.68,Bounced,0,0.0,2,Feb
589,Organic Search,Tablet,South,Product Launch,35-44,2024-02-19 00:00:00,175,4,6.67,Bounced,0,0.0,2,Feb
590,Organic Search,Mobile,North,Brand Awareness,25-34,2024-02-19 02:00:00,473,5,0.73,Bounced,0,0.0,2,Feb
591,Organic Search,Desktop,East,Product Launch,55+,2024-02-19 04:00:00,756,2,0.91,Product View,0,0.0,2,Feb
592,Social Media,Mobile,East,Brand Awareness,55+,2024-02-19 06:00:00,646,9,7.33,Bounced,0,0.0,2,Feb
593,Organic Search,Desktop,West,Seasonal Offer,35-44,2024-02-19 08:00:00,890,7,3.16,Bounced,0,0.0,2,Feb
594,Paid Search,Tablet,North,Retargeting,35-44,2024-02-19 10:00:00,326,3,8.98,Awareness,0,0.0,2,Feb
595,Referral,Desktop,West,Brand Awareness,45-54,2024-02-19 12:00:00,897,6,6.42,Bounced,0,0.0,2,Feb
596,Paid Search,Desktop,West,Lead Gen,35-44,2024-02-19 14:00:00,610,7,9.99,Bounced,0,0.0,2,Feb
597,Social Media,Desktop,South,Retargeting,35-44,2024-02-19 16:00:00,516,14,14.31,Bounced,0,0.0,2,Feb
598,Organic Search,Mobile,South,Seasonal Offer,55+,2024-02-19 18:00:00,796,12,8.17,Awareness,0,0.0,2,Feb
599,Organic Search,Mobile,East,Retargeting,35-44,2024-02-19 20:00:00,260,6,11.92,Product View,0,0.0,2,Feb
600,Organic Search,Mobile,East,Brand Awareness,35-44,2024-02-19 22:00:00,232,10,11.42,Checkout,0,0.0,2,Feb
601,Organic Search,Desktop,West,Seasonal Offer,45-54,2024-02-20 00:00:00,391,11,13.87,Checkout,0,0.0,2,Feb
602,Organic Search,Desktop,East,Lead Gen,35-44,2024-02-20 02:00:00,424,10,3.6,Product View,0,0.0,2,Feb
603,Organic Search,Desktop,West,Brand Awareness,35-44,2024-02-20 04:00:00,277,6,12.5,Awareness,0,0.0,2,Feb
604,Organic Search,Mobile,East,Brand Awareness,25-34,2024-02-20 06:00:00,469,13,13.63,Checkout,0,0.0,2,Feb
605,Organic Search,Desktop,East,Seasonal Offer,25-34,2024-02-20 08:00:00,425,8,6.2,Bounced,0,0.0,2,Feb
606,Paid Search,Mobile,South,Seasonal Offer,18-24,2024-02-20 10:00:00,790,14,5.05,Awareness,0,0.0,2,Feb
607,Organic Search,Mobile,South,Retargeting,35-44,2024-02-20 12:00:00,685,8,14.3,Product View,0,0.0,2,Feb
608,Paid Search,Mobile,South,Lead Gen,25-34,2024-02-20 14:00:00,824,5,9.6,Product View,0,0.0,2,Feb
609,Paid Search,Desktop,South,Retargeting,55+,2024-02-20 16:00:00,385,14,6.02,Converted,1,499.0,2,Feb
610,Social Media,Desktop,North,Retargeting,35-44,2024-02-20 18:00:00,430,4,11.98,Bounced,0,0.0,2,Feb
611,Organic Search,Desktop,South,Brand Awareness,45-54,2024-02-20 20:00:00,270,11,4.91,Checkout,0,0.0,2,Feb
612,Email,Mobile,North,Seasonal Offer,25-34,2024-02-20 22:00:00,370,5,3.06,Product View,0,0.0,2,Feb
613,Social Media,Mobile,South,Brand Awareness,45-54,2024-02-21 00:00:00,258,9,8.39,Bounced,0,0.0,2,Feb
614,Organic Search,Desktop,East,Lead Gen,35-44,2024-02-21 02:00:00,572,12,8.71,Awareness,0,0.0,2,Feb
615,Referral,Desktop,West,Retargeting,35-44,2024-02-21 04:00:00,650,10,12.47,Product View,0,0.0,2,Feb
616,Referral,Mobile,East,Lead Gen,25-34,2024-02-21 06:00:00,568,6,7.13,Converted,1,249.0,2,Feb
617,Organic Search,Mobile,East,Seasonal Offer,35-44,2024-02-21 08:00:00,884,3,12.31,Checkout,0,0.0,2,Feb
618,Organic Search,Desktop,North,Seasonal Offer,35-44,2024-02-21 10:00:00,701,3,5.01,Product View,0,0.0,2,Feb
619,Email,Mobile,South,Product Launch,35-44,2024-02-21 12:00:00,558,14,8.84,Awareness,0,0.0,2,Feb
620,Email,Desktop,West,Lead Gen,55+,2024-02-21 14:00:00,296,1,3.52,Checkout,0,0.0,2,Feb
621,Organic Search,Desktop,West,Brand Awareness,45-54,2024-02-21 16:00:00,158,5,6.09,Converted,1,149.0,2,Feb
622,Organic Search,Tablet,South,Lead Gen,55+,2024-02-21 18:00:00,249,6,12.93,Converted,1,499.0,2,Feb
623,Paid Search,Mobile,North,Retargeting,35-44,2024-02-21 20:00:00,111,8,3.63,Awareness,0,0.0,2,Feb
624,Paid Search,Mobile,North,Seasonal Offer,55+,2024-02-21 22:00:00,590,11,12.25,Product View,0,0.0,2,Feb
625,Social Media,Desktop,North,Seasonal Offer,45-54,2024-02-22 00:00:00,582,9,4.6,Checkout,0,0.0,2,Feb
626,Paid Search,Mobile,West,Lead Gen,25-34,2024-02-22 02:00:00,49,7,1.0,Awareness,0,0.0,2,Feb
627,Paid Search,Desktop,North,Lead Gen,25-34,2024-02-22 04:00:00,356,1,2.09,Checkout,0,0.0,2,Feb
628,Email,Desktop,North,Lead Gen,25-34,2024-02-22 06:00:00,66,7,11.32,Product View,0,0.0,2,Feb
629,Organic Search,Mobile,West,Retargeting,18-24,2024-02-22 08:00:00,411,10,4.3,Checkout,0,0.0,2,Feb
630,Organic Search,Desktop,West,Retargeting,25-34,2024-02-22 10:00:00,68,9,9.99,Bounced,0,0.0,2,Feb
631,Social Media,Mobile,East,Brand Awareness,18-24,2024-02-22 12:00:00,138,4,10.64,Product View,0,0.0,2,Feb
632,Referral,Mobile,West,Lead Gen,35-44,2024-02-22 14:00:00,458,11,5.5,Checkout,0,0.0,2,Feb
633,Paid Search,Desktop,South,Brand Awareness,25-34,2024-02-22 16:00:00,93,12,7.39,Bounced,0,0.0,2,Feb
634,Social Media,Desktop,West,Product Launch,25-34,2024-02-22 18:00:00,204,7,6.35,Product View,0,0.0,2,Feb
635,Organic Search,Desktop,West,Retargeting,45-54,2024-02-22 20:00:00,820,9,14.24,Awareness,0,0.0,2,Feb
636,Paid Search,Desktop,North,Seasonal Offer,45-54,2024-02-22 22:00:00,61,1,5.14,Checkout,0,0.0,2,Feb
637,Social Media,Mobile,East,Product Launch,55+,2024-02-23 00:00:00,750,12,3.16,Checkout,0,0.0,2,Feb
638,Organic Search,Mobile,North,Seasonal Offer,35-44,2024-02-23 02:00:00,560,10,5.8,Awareness,0,0.0,2,Feb
639,Organic Search,Desktop,East,Product Launch,25-34,2024-02-23 04:00:00,135,9,10.21,Bounced,0,0.0,2,Feb
640,Paid Search,Desktop,North,Brand Awareness,25-34,2024-02-23 06:00:00,511,4,10.61,Product View,0,0.0,2,Feb
641,Organic Search,Mobile,South,Brand Awareness,25-34,2024-02-23 08:00:00,235,12,13.9,Awareness,0,0.0,2,Feb
642,Paid Search,Mobile,North,Retargeting,25-34,2024-02-23 10:00:00,276,8,13.29,Awareness,0,0.0,2,Feb
643,Organic Search,Desktop,North,Seasonal Offer,25-34,2024-02-23 12:00:00,864,3,4.68,Product View,0,0.0,2,Feb
644,Paid Search,Desktop,South,Product Launch,55+,2024-02-23 14:00:00,708,2,7.1,Awareness,0,0.0,2,Feb
645,Organic Search,Mobile,South,Lead Gen,18-24,2024-02-23 16:00:00,118,13,11.34,Checkout,0,0.0,2,Feb
646,Referral,Desktop,West,Lead Gen,25-34,2024-02-23 18:00:00,345,12,13.79,Checkout,0,0.0,2,Feb
647,Social Media,Desktop,North,Retargeting,25-34,2024-02-23 20:00:00,40,8,5.39,Awareness,0,0.0,2,Feb
648,Social Media,Mobile,South,Seasonal Offer,35-44,2024-02-23 22:00:00,78,8,6.94,Bounced,0,0.0,2,Feb
649,Email,Mobile,South,Lead Gen,25-34,2024-02-24 00:00:00,602,3,13.54,Checkout,0,0.0,2,Feb
650,Paid Search,Mobile,West,Retargeting,25-34,2024-02-24 02:00:00,200,13,5.7,Awareness,0,0.0,2,Feb
651,Organic Search,Mobile,East,Retargeting,18-24,2024-02-24 04:00:00,172,8,7.47,Converted,1,149.0,2,Feb
652,Social Media,Mobile,South,Seasonal Offer,25-34,2024-02-24 06:00:00,236,11,13.62,Product View,0,0.0,2,Feb
653,Social Media,Desktop,South,Lead Gen,18-24,2024-02-24 08:00:00,492,11,12.13,Bounced,0,0.0,2,Feb
654,Email,Desktop,North,Lead Gen,35-44,2024-02-24 10:00:00,538,6,4.03,Awareness,0,0.0,2,Feb
655,Paid Search,Desktop,West,Lead Gen,18-24,2024-02-24 12:00:00,230,10,5.21,Product View,0,0.0,2,Feb
656,Organic Search,Desktop,North,Brand Awareness,45-54,2024-02-24 14:00:00,34,9,5.62,Checkout,0,0.0,2,Feb
657,Organic Search,Mobile,East,Lead Gen,35-44,2024-02-24 16:00:00,240,10,13.73,Bounced,0,0.0,2,Feb
658,Paid Search,Mobile,West,Product Launch,35-44,2024-02-24 18:00:00,58,13,14.98,Converted,1,49.0,2,Feb
659,Social Media,Tablet,North,Brand Awareness,25-34,2024-02-24 20:00:00,219,6,11.72,Bounced,0,0.0,2,Feb
660,Social Media,Mobile,South,Brand Awareness,25-34,2024-02-24 22:00:00,217,8,7.52,Bounced,0,0.0,2,Feb
661,Paid Search,Desktop,South,Brand Awareness,18-24,2024-02-25 00:00:00,866,2,0.65,Bounced,0,0.0,2,Feb
662,Direct,Desktop,West,Brand Awareness,35-44,2024-02-25 02:00:00,796,1,10.61,Bounced,0,0.0,2,Feb
663,Social Media,Mobile,South,Retargeting,35-44,2024-02-25 04:00:00,179,10,6.15,Bounced,0,0.0,2,Feb
664,Organic Search,Mobile,North,Product Launch,25-34,2024-02-25 06:00:00,554,10,9.68,Checkout,0,0.0,2,Feb
665,Organic Search,Mobile,West,Seasonal Offer,35-44,2024-02-25 08:00:00,395,2,9.3,Checkout,0,0.0,2,Feb
666,Organic Search,Mobile,South,Lead Gen,45-54,2024-02-25 10:00:00,186,12,7.47,Product View,0,0.0,2,Feb
667,Organic Search,Mobile,South,Brand Awareness,45-54,2024-02-25 12:00:00,109,4,14.19,Converted,1,99.0,2,Feb
668,Organic Search,Mobile,East,Seasonal Offer,18-24,2024-02-25 14:00:00,897,10,0.84,Bounced,0,0.0,2,Feb
669,Organic Search,Desktop,East,Retargeting,35-44,2024-02-25 16:00:00,302,9,10.83,Converted,1,49.0,2,Feb
670,Organic Search,Mobile,West,Seasonal Offer,18-24,2024-02-25 18:00:00,689,7,6.44,Awareness,0,0.0,2,Feb
671,Organic Search,Mobile,East,Brand Awareness,35-44,2024-02-25 20:00:00,747,9,10.85,Bounced,0,0.0,2,Feb
672,Referral,Desktop,North,Product Launch,25-34,2024-02-25 22:00:00,655,9,10.29,Bounced,0,0.0,2,Feb
673,Organic Search,Mobile,South,Seasonal Offer,18-24,2024-02-26 00:00:00,547,9,0.65,Awareness,0,0.0,2,Feb
674,Social Media,Desktop,South,Brand Awareness,45-54,2024-02-26 02:00:00,819,8,4.64,Bounced,0,0.0,2,Feb
675,Paid Search,Tablet,South,Brand Awareness,35-44,2024-02-26 04:00:00,261,6,3.24,Checkout,0,0.0,2,Feb
676,Direct,Desktop,West,Lead Gen,25-34,2024-02-26 06:00:00,678,14,2.92,Awareness,0,0.0,2,Feb
677,Organic Search,Mobile,West,Lead Gen,18-24,2024-02-26 08:00:00,189,11,11.06,Checkout,0,0.0,2,Feb
678,Paid Search,Desktop,East,Product Launch,35-44,2024-02-26 10:00:00,373,10,3.97,Bounced,0,0.0,2,Feb
679,Direct,Mobile,South,Lead Gen,55+,2024-02-26 12:00:00,318,7,7.38,Converted,1,99.0,2,Feb
680,Referral,Desktop,South,Product Launch,35-44,2024-02-26 14:00:00,234,2,4.08,Checkout,0,0.0,2,Feb
681,Email,Desktop,South,Retargeting,55+,2024-02-26 16:00:00,867,11,8.91,Product View,0,0.0,2,Feb
682,Organic Search,Desktop,South,Retargeting,18-24,2024-02-26 18:00:00,334,1,10.95,Bounced,0,0.0,2,Feb
683,Organic Search,Tablet,South,Lead Gen,35-44,2024-02-26 20:00:00,389,13,5.3,Bounced,0,0.0,2,Feb
684,Social Media,Desktop,North,Retargeting,45-54,2024-02-26 22:00:00,699,5,9.24,Checkout,0,0.0,2,Feb
685,Referral,Desktop,South,Seasonal Offer,35-44,2024-02-27 00:00:00,899,8,12.46,Converted,1,99.0,2,Feb
686,Social Media,Mobile,North,Seasonal Offer,18-24,2024-02-27 02:00:00,429,3,1.87,Product View,0,0.0,2,Feb
687,Social Media,Mobile,South,Seasonal Offer,35-44,2024-02-27 04:00:00,478,7,10.8,Awareness,0,0.0,2,Feb
688,Organic Search,Tablet,West,Retargeting,35-44,2024-02-27 06:00:00,135,5,5.19,Product View,0,0.0,2,Feb
689,Email,Desktop,West,Seasonal Offer,35-44,2024-02-27 08:00:00,111,12,2.28,Checkout,0,0.0,2,Feb
690,Organic Search,Mobile,North,Product Launch,45-54,2024-02-27 10:00:00,371,10,8.41,Awareness,0,0.0,2,Feb
691,Paid Search,Desktop,South,Brand Awareness,45-54,2024-02-27 12:00:00,811,13,3.78,Product View,0,0.0,2,Feb
692,Paid Search,Desktop,West,Lead Gen,35-44,2024-02-27 14:00:00,450,8,12.41,Bounced,0,0.0,2,Feb
693,Paid Search,Mobile,West,Product Launch,25-34,2024-02-27 16:00:00,78,6,1.12,Checkout,0,0.0,2,Feb
694,Organic Search,Mobile,South,Seasonal Offer,25-34,2024-02-27 18:00:00,235,6,1.93,Awareness,0,0.0,2,Feb
695,Organic Search,Mobile,South,Brand Awareness,45-54,2024-02-27 20:00:00,247,7,8.05,Awareness,0,0.0,2,Feb
696,Social Media,Desktop,West,Lead Gen,55+,2024-02-27 22:00:00,847,7,9.04,Product View,0,0.0,2,Feb
697,Organic Search,Desktop,South,Product Launch,18-24,2024-02-28 00:00:00,705,4,11.08,Product View,0,0.0,2,Feb
698,Social Media,Desktop,East,Lead Gen,35-44,2024-02-28 02:00:00,465,10,4.26,Product View,0,0.0,2,Feb
699,Organic Search,Tablet,South,Retargeting,25-34,2024-02-28 04:00:00,820,12,12.71,Converted,1,149.0,2,Feb
700,Paid Search,Desktop,West,Seasonal Offer,25-34,2024-02-28 06:00:00,351,10,14.32,Product View,0,0.0,2,Feb
701,Social Media,Desktop,West,Product Launch,35-44,2024-02-28 08:00:00,260,10,7.74,Awareness,0,0.0,2,Feb
702,Organic Search,Desktop,North,Product Launch,35-44,2024-02-28 10:00:00,740,13,11.53,Converted,1,99.0,2,Feb
703,Paid Search,Mobile,East,Brand Awareness,18-24,2024-02-28 12:00:00,516,8,8.11,Product View,0,0.0,2,Feb
704,Organic Search,Desktop,West,Brand Awareness,45-54,2024-02-28 14:00:00,458,6,1.51,Product View,0,0.0,2,Feb
705,Organic Search,Tablet,East,Brand Awareness,45-54,2024-02-28 16:00:00,755,11,5.23,Converted,1,99.0,2,Feb
706,Direct,Desktop,South,Lead Gen,55+,2024-02-28 18:00:00,313,13,1.77,Converted,1,99.0,2,Feb
707,Paid Search,Mobile,West,Seasonal Offer,25-34,2024-02-28 20:00:00,515,8,14.84,Awareness,0,0.0,2,Feb
708,Email,Desktop,North,Lead Gen,35-44,2024-02-28 22:00:00,305,7,3.82,Awareness,0,0.0,2,Feb
709,Organic Search,Mobile,West,Seasonal Offer,25-34,2024-02-29 00:00:00,462,1,9.72,Bounced,0,0.0,2,Feb
710,Social Media,Tablet,North,Product Launch,25-34,2024-02-29 02:00:00,214,4,4.62,Converted,1,99.0,2,Feb
711,Email,Desktop,East,Lead Gen,35-44,2024-02-29 04:00:00,751,7,9.97,Converted,1,49.0,2,Feb
712,Social Media,Tablet,North,Lead Gen,45-54,2024-02-29 06:00:00,662,9,3.55,Converted,1,49.0,2,Feb
713,Paid Search,Desktop,South,Lead Gen,18-24,2024-02-29 08:00:00,245,2,11.89,Awareness,0,0.0,2,Feb
714,Paid Search,Tablet,South,Retargeting,55+,2024-02-29 10:00:00,126,5,2.11,Awareness,0,0.0,2,Feb
715,Paid Search,Mobile,South,Seasonal Offer,45-54,2024-02-29 12:00:00,148,9,13.48,Product View,0,0.0,2,Feb
716,Referral,Desktop,West,Seasonal Offer,45-54,2024-02-29 14:00:00,394,9,12.69,Bounced,0,0.0,2,Feb
717,Email,Desktop,South,Lead Gen,45-54,2024-02-29 16:00:00,823,6,10.34,Awareness,0,0.0,2,Feb
718,Direct,Desktop,South,Retargeting,25-34,2024-02-29 18:00:00,432,7,1.48,Bounced,0,0.0,2,Feb
719,Organic Search,Desktop,West,Lead Gen,45-54,2024-02-29 20:00:00,647,9,3.52,Converted,1,149.0,2,Feb
720,Email,Desktop,East,Seasonal Offer,25-34,2024-02-29 22:00:00,426,14,12.96,Converted,1,99.0,2,Feb
721,Referral,Desktop,South,Product Launch,45-54,2024-03-01 00:00:00,487,14,2.27,Checkout,0,0.0,3,Mar
722,Organic Search,Desktop,South,Retargeting,25-34,2024-03-01 02:00:00,347,10,2.76,Converted,1,49.0,3,Mar
723,Organic Search,Mobile,West,Retargeting,25-34,2024-03-01 04:00:00,411,8,8.39,Bounced,0,0.0,3,Mar
724,Email,Desktop,East,Lead Gen,35-44,2024-03-01 06:00:00,171,14,4.48,Checkout,0,0.0,3,Mar
725,Social Media,Desktop,East,Product Launch,25-34,2024-03-01 08:00:00,486,10,3.72,Awareness,0,0.0,3,Mar
726,Email,Mobile,East,Seasonal Offer,25-34,2024-03-01 10:00:00,530,6,8.85,Checkout,0,0.0,3,Mar
727,Organic Search,Desktop,West,Brand Awareness,25-34,2024-03-01 12:00:00,352,6,5.9,Checkout,0,0.0,3,Mar
728,Email,Desktop,North,Seasonal Offer,45-54,2024-03-01 14:00:00,297,7,2.54,Converted,1,99.0,3,Mar
729,Organic Search,Desktop,North,Seasonal Offer,35-44,2024-03-01 16:00:00,832,7,8.26,Checkout,0,0.0,3,Mar
730,Organic Search,Tablet,South,Product Launch,25-34,2024-03-01 18:00:00,516,2,6.11,Awareness,0,0.0,3,Mar
731,Organic Search,Mobile,South,Retargeting,25-34,2024-03-01 20:00:00,708,9,11.15,Bounced,0,0.0,3,Mar
732,Email,Desktop,South,Seasonal Offer,25-34,2024-03-01 22:00:00,189,4,1.99,Product View,0,0.0,3,Mar
733,Social Media,Mobile,North,Retargeting,35-44,2024-03-02 00:00:00,772,13,9.5,Awareness,0,0.0,3,Mar
734,Social Media,Mobile,West,Product Launch,35-44,2024-03-02 02:00:00,43,13,6.83,Converted,1,149.0,3,Mar
735,Paid Search,Mobile,South,Product Launch,18-24,2024-03-02 04:00:00,734,10,6.39,Bounced,0,0.0,3,Mar
736,Referral,Mobile,West,Lead Gen,25-34,2024-03-02 06:00:00,184,9,3.87,Converted,1,249.0,3,Mar
737,Paid Search,Mobile,South,Brand Awareness,25-34,2024-03-02 08:00:00,130,12,0.94,Bounced,0,0.0,3,Mar
738,Email,Desktop,West,Product Launch,25-34,2024-03-02 10:00:00,601,11,12.79,Product View,0,0.0,3,Mar
739,Paid Search,Desktop,West,Product Launch,25-34,2024-03-02 12:00:00,72,10,5.23,Converted,1,499.0,3,Mar
740,Paid Search,Desktop,North,Retargeting,45-54,2024-03-02 14:00:00,222,3,10.38,Product View,0,0.0,3,Mar
741,Paid Search,Mobile,West,Product Launch,25-34,2024-03-02 16:00:00,340,5,14.24,Bounced,0,0.0,3,Mar
742,Paid Search,Mobile,East,Seasonal Offer,35-44,2024-03-02 18:00:00,650,5,8.69,Checkout,0,0.0,3,Mar
743,Email,Mobile,North,Lead Gen,35-44,2024-03-02 20:00:00,634,7,6.26,Converted,1,149.0,3,Mar
744,Paid Search,Tablet,South,Lead Gen,25-34,2024-03-02 22:00:00,757,12,4.39,Converted,1,99.0,3,Mar
745,Organic Search,Desktop,North,Seasonal Offer,35-44,2024-03-03 00:00:00,494,4,14.04,Awareness,0,0.0,3,Mar
746,Referral,Mobile,East,Product Launch,35-44,2024-03-03 02:00:00,192,11,10.39,Converted,1,49.0,3,Mar
747,Paid Search,Mobile,East,Brand Awareness,25-34,2024-03-03 04:00:00,380,13,10.15,Bounced,0,0.0,3,Mar
748,Social Media,Tablet,West,Product Launch,45-54,2024-03-03 06:00:00,263,12,6.68,Bounced,0,0.0,3,Mar
749,Referral,Tablet,East,Lead Gen,25-34,2024-03-03 08:00:00,432,4,12.75,Bounced,0,0.0,3,Mar
750,Social Media,Mobile,East,Brand Awareness,45-54,2024-03-03 10:00:00,380,13,10.85,Checkout,0,0.0,3,Mar
751,Organic Search,Desktop,East,Retargeting,35-44,2024-03-03 12:00:00,196,13,4.61,Awareness,0,0.0,3,Mar
752,Referral,Mobile,East,Retargeting,35-44,2024-03-03 14:00:00,177,1,9.19,Converted,1,49.0,3,Mar
753,Social Media,Desktop,South,Product Launch,45-54,2024-03-03 16:00:00,57,6,6.74,Awareness,0,0.0,3,Mar
754,Paid Search,Mobile,South,Product Launch,45-54,2024-03-03 18:00:00,288,4,0.6,Bounced,0,0.0,3,Mar
755,Organic Search,Tablet,North,Brand Awareness,35-44,2024-03-03 20:00:00,627,11,12.21,Product View,0,0.0,3,Mar
756,Email,Desktop,West,Brand Awareness,45-54,2024-03-03 22:00:00,649,10,2.28,Bounced,0,0.0,3,Mar
757,Social Media,Mobile,South,Product Launch,25-34,2024-03-04 00:00:00,471,10,7.89,Bounced,0,0.0,3,Mar
758,Social Media,Desktop,East,Lead Gen,35-44,2024-03-04 02:00:00,658,5,5.38,Product View,0,0.0,3,Mar
759,Referral,Desktop,West,Retargeting,18-24,2024-03-04 04:00:00,556,14,5.46,Awareness,0,0.0,3,Mar
760,Email,Desktop,South,Brand Awareness,18-24,2024-03-04 06:00:00,240,11,7.42,Converted,1,149.0,3,Mar
761,Organic Search,Mobile,North,Lead Gen,45-54,2024-03-04 08:00:00,859,9,14.96,Product View,0,0.0,3,Mar
762,Paid Search,Tablet,East,Product Launch,18-24,2024-03-04 10:00:00,572,4,6.42,Checkout,0,0.0,3,Mar
763,Organic Search,Tablet,West,Seasonal Offer,25-34,2024-03-04 12:00:00,474,1,3.14,Bounced,0,0.0,3,Mar
764,Email,Desktop,South,Brand Awareness,45-54,2024-03-04 14:00:00,823,11,9.4,Checkout,0,0.0,3,Mar
765,Organic Search,Mobile,West,Seasonal Offer,18-24,2024-03-04 16:00:00,482,9,3.93,Awareness,0,0.0,3,Mar
766,Social Media,Mobile,South,Lead Gen,25-34,2024-03-04 18:00:00,726,5,2.03,Bounced,0,0.0,3,Mar
767,Email,Desktop,North,Retargeting,35-44,2024-03-04 20:00:00,433,10,1.23,Awareness,0,0.0,3,Mar
768,Referral,Desktop,East,Lead Gen,35-44,2024-03-04 22:00:00,95,13,0.83,Awareness,0,0.0,3,Mar
769,Paid Search,Desktop,North,Retargeting,45-54,2024-03-05 00:00:00,434,12,6.75,Checkout,0,0.0,3,Mar
770,Email,Tablet,East,Lead Gen,35-44,2024-03-05 02:00:00,857,13,6.69,Awareness,0,0.0,3,Mar
771,Organic Search,Mobile,East,Brand Awareness,35-44,2024-03-05 04:00:00,604,11,3.19,Product View,0,0.0,3,Mar
772,Email,Mobile,West,Brand Awareness,35-44,2024-03-05 06:00:00,464,7,11.87,Product View,0,0.0,3,Mar
773,Organic Search,Desktop,South,Seasonal Offer,25-34,2024-03-05 08:00:00,257,3,2.37,Converted,1,99.0,3,Mar
774,Paid Search,Mobile,North,Lead Gen,35-44,2024-03-05 10:00:00,505,4,13.77,Checkout,0,0.0,3,Mar
775,Email,Desktop,North,Lead Gen,45-54,2024-03-05 12:00:00,497,12,9.02,Bounced,0,0.0,3,Mar
776,Organic Search,Desktop,North,Seasonal Offer,25-34,2024-03-05 14:00:00,130,10,0.9,Checkout,0,0.0,3,Mar
777,Organic Search,Mobile,West,Product Launch,25-34,2024-03-05 16:00:00,452,9,14.46,Product View,0,0.0,3,Mar
778,Email,Desktop,West,Lead Gen,18-24,2024-03-05 18:00:00,385,10,4.97,Converted,1,149.0,3,Mar
779,Email,Mobile,West,Lead Gen,35-44,2024-03-05 20:00:00,168,13,7.02,Converted,1,49.0,3,Mar
780,Social Media,Desktop,East,Lead Gen,18-24,2024-03-05 22:00:00,660,1,4.62,Checkout,0,0.0,3,Mar
781,Social Media,Mobile,North,Product Launch,35-44,2024-03-06 00:00:00,598,12,11.06,Awareness,0,0.0,3,Mar
782,Social Media,Desktop,East,Brand Awareness,45-54,2024-03-06 02:00:00,160,11,7.54,Bounced,0,0.0,3,Mar
783,Organic Search,Mobile,North,Seasonal Offer,35-44,2024-03-06 04:00:00,578,5,2.42,Checkout,0,0.0,3,Mar
784,Paid Search,Desktop,North,Product Launch,25-34,2024-03-06 06:00:00,497,8,2.01,Product View,0,0.0,3,Mar
785,Organic Search,Desktop,South,Retargeting,45-54,2024-03-06 08:00:00,509,10,11.02,Awareness,0,0.0,3,Mar
786,Referral,Tablet,North,Retargeting,25-34,2024-03-06 10:00:00,140,7,3.94,Checkout,0,0.0,3,Mar
787,Social Media,Desktop,West,Product Launch,35-44,2024-03-06 12:00:00,182,14,2.5,Bounced,0,0.0,3,Mar
788,Paid Search,Mobile,West,Product Launch,35-44,2024-03-06 14:00:00,791,14,7.74,Product View,0,0.0,3,Mar
789,Paid Search,Tablet,West,Brand Awareness,25-34,2024-03-06 16:00:00,271,4,12.14,Product View,0,0.0,3,Mar
790,Referral,Desktop,South,Retargeting,55+,2024-03-06 18:00:00,749,7,4.54,Product View,0,0.0,3,Mar
791,Organic Search,Desktop,South,Seasonal Offer,25-34,2024-03-06 20:00:00,711,1,4.51,Bounced,0,0.0,3,Mar
792,Social Media,Mobile,East,Lead Gen,55+,2024-03-06 22:00:00,798,6,12.59,Awareness,0,0.0,3,Mar
793,Paid Search,Tablet,North,Lead Gen,18-24,2024-03-07 00:00:00,308,9,2.64,Checkout,0,0.0,3,Mar
794,Social Media,Tablet,North,Brand Awareness,25-34,2024-03-07 02:00:00,392,3,9.44,Checkout,0,0.0,3,Mar
795,Organic Search,Mobile,West,Brand Awareness,25-34,2024-03-07 04:00:00,654,4,14.35,Bounced,0,0.0,3,Mar
796,Referral,Mobile,West,Retargeting,18-24,2024-03-07 06:00:00,437,8,12.7,Bounced,0,0.0,3,Mar
797,Referral,Desktop,West,Seasonal Offer,35-44,2024-03-07 08:00:00,204,12,1.4,Converted,1,99.0,3,Mar
798,Social Media,Tablet,West,Seasonal Offer,35-44,2024-03-07 10:00:00,630,5,5.14,Bounced,0,0.0,3,Mar
799,Social Media,Tablet,West,Product Launch,45-54,2024-03-07 12:00:00,164,5,2.56,Awareness,0,0.0,3,Mar
800,Referral,Desktop,West,Brand Awareness,25-34,2024-03-07 14:00:00,535,1,14.26,Product View,0,0.0,3,Mar
801,Social Media,Desktop,North,Lead Gen,25-34,2024-03-07 16:00:00,323,6,14.8,Converted,1,49.0,3,Mar
802,Organic Search,Desktop,South,Lead Gen,35-44,2024-03-07 18:00:00,524,14,3.91,Bounced,0,0.0,3,Mar
803,Social Media,Desktop,West,Retargeting,25-34,2024-03-07 20:00:00,844,2,10.21,Checkout,0,0.0,3,Mar
804,Social Media,Mobile,North,Lead Gen,35-44,2024-03-07 22:00:00,448,1,12.7,Bounced,0,0.0,3,Mar
805,Paid Search,Desktop,West,Seasonal Offer,35-44,2024-03-08 00:00:00,235,6,3.89,Converted,1,149.0,3,Mar
806,Email,Desktop,East,Seasonal Offer,18-24,2024-03-08 02:00:00,347,5,3.22,Awareness,0,0.0,3,Mar
807,Referral,Desktop,East,Brand Awareness,45-54,2024-03-08 04:00:00,102,13,0.66,Converted,1,49.0,3,Mar
808,Referral,Tablet,North,Retargeting,35-44,2024-03-08 06:00:00,288,5,6.47,Converted,1,149.0,3,Mar
809,Paid Search,Mobile,South,Lead Gen,35-44,2024-03-08 08:00:00,387,9,13.54,Checkout,0,0.0,3,Mar
810,Organic Search,Desktop,East,Brand Awareness,25-34,2024-03-08 10:00:00,177,12,13.59,Converted,1,49.0,3,Mar
811,Direct,Desktop,East,Product Launch,25-34,2024-03-08 12:00:00,254,10,2.35,Product View,0,0.0,3,Mar
812,Email,Tablet,South,Product Launch,25-34,2024-03-08 14:00:00,134,10,3.46,Converted,1,99.0,3,Mar
813,Organic Search,Mobile,East,Lead Gen,25-34,2024-03-08 16:00:00,585,13,6.42,Bounced,0,0.0,3,Mar
814,Referral,Desktop,West,Lead Gen,25-34,2024-03-08 18:00:00,385,3,11.82,Product View,0,0.0,3,Mar
815,Referral,Desktop,South,Lead Gen,45-54,2024-03-08 20:00:00,567,1,9.37,Product View,0,0.0,3,Mar
816,Paid Search,Desktop,East,Seasonal Offer,35-44,2024-03-08 22:00:00,845,14,7.95,Checkout,0,0.0,3,Mar
817,Social Media,Desktop,South,Lead Gen,35-44,2024-03-09 00:00:00,290,14,9.08,Awareness,0,0.0,3,Mar
818,Paid Search,Mobile,West,Product Launch,25-34,2024-03-09 02:00:00,600,8,1.89,Converted,1,49.0,3,Mar
819,Organic Search,Tablet,East,Lead Gen,55+,2024-03-09 04:00:00,602,12,7.43,Bounced,0,0.0,3,Mar
820,Paid Search,Desktop,North,Retargeting,25-34,2024-03-09 06:00:00,846,5,14.88,Product View,0,0.0,3,Mar
821,Email,Mobile,East,Product Launch,45-54,2024-03-09 08:00:00,99,11,1.78,Awareness,0,0.0,3,Mar
822,Organic Search,Desktop,East,Retargeting,55+,2024-03-09 10:00:00,476,5,8.03,Checkout,0,0.0,3,Mar
823,Paid Search,Mobile,West,Product Launch,35-44,2024-03-09 12:00:00,476,8,4.79,Bounced,0,0.0,3,Mar
824,Paid Search,Mobile,North,Brand Awareness,55+,2024-03-09 14:00:00,812,8,8.33,Converted,1,49.0,3,Mar
825,Social Media,Desktop,North,Product Launch,35-44,2024-03-09 16:00:00,286,11,8.82,Converted,1,49.0,3,Mar
826,Referral,Desktop,North,Product Launch,25-34,2024-03-09 18:00:00,666,2,8.87,Product View,0,0.0,3,Mar
827,Paid Search,Mobile,West,Retargeting,25-34,2024-03-09 20:00:00,560,3,12.86,Bounced,0,0.0,3,Mar
828,Paid Search,Desktop,West,Retargeting,25-34,2024-03-09 22:00:00,148,10,6.15,Awareness,0,0.0,3,Mar
829,Email,Desktop,West,Product Launch,18-24,2024-03-10 00:00:00,861,10,7.99,Converted,1,99.0,3,Mar
830,Paid Search,Mobile,West,Product Launch,35-44,2024-03-10 02:00:00,95,1,0.66,Awareness,0,0.0,3,Mar
831,Organic Search,Tablet,West,Seasonal Offer,25-34,2024-03-10 04:00:00,274,3,11.95,Bounced,0,0.0,3,Mar
832,Paid Search,Desktop,North,Brand Awareness,45-54,2024-03-10 06:00:00,86,12,4.26,Converted,1,99.0,3,Mar
833,Organic Search,Mobile,South,Brand Awareness,25-34,2024-03-10 08:00:00,73,4,12.34,Converted,1,249.0,3,Mar
834,Organic Search,Desktop,West,Lead Gen,25-34,2024-03-10 10:00:00,553,11,4.35,Bounced,0,0.0,3,Mar
835,Paid Search,Mobile,South,Product Launch,55+,2024-03-10 12:00:00,453,7,0.66,Bounced,0,0.0,3,Mar
836,Paid Search,Mobile,East,Product Launch,25-34,2024-03-10 14:00:00,777,9,2.75,Bounced,0,0.0,3,Mar
837,Referral,Mobile,East,Product Launch,35-44,2024-03-10 16:00:00,565,12,14.79,Bounced,0,0.0,3,Mar
838,Paid Search,Desktop,West,Product Launch,45-54,2024-03-10 18:00:00,424,5,5.14,Converted,1,49.0,3,Mar
839,Social Media,Mobile,East,Brand Awareness,25-34,2024-03-10 20:00:00,479,12,2.08,Awareness,0,0.0,3,Mar
840,Social Media,Mobile,South,Retargeting,35-44,2024-03-10 22:00:00,286,1,2.22,Bounced,0,0.0,3,Mar
841,Organic Search,Desktop,East,Seasonal Offer,25-34,2024-03-11 00:00:00,825,2,5.0,Awareness,0,0.0,3,Mar
842,Social Media,Desktop,East,Retargeting,45-54,2024-03-11 02:00:00,865,10,1.05,Bounced,0,0.0,3,Mar
843,Organic Search,Desktop,South,Retargeting,35-44,2024-03-11 04:00:00,390,2,7.92,Bounced,0,0.0,3,Mar
844,Direct,Desktop,East,Brand Awareness,25-34,2024-03-11 06:00:00,792,9,3.6,Checkout,0,0.0,3,Mar
845,Organic Search,Mobile,West,Seasonal Offer,45-54,2024-03-11 08:00:00,635,10,8.03,Converted,1,49.0,3,Mar
846,Paid Search,Desktop,South,Product Launch,25-34,2024-03-11 10:00:00,409,7,2.54,Product View,0,0.0,3,Mar
847,Organic Search,Desktop,South,Brand Awareness,45-54,2024-03-11 12:00:00,472,2,6.73,Awareness,0,0.0,3,Mar
848,Direct,Mobile,North,Brand Awareness,45-54,2024-03-11 14:00:00,563,1,9.17,Converted,1,149.0,3,Mar
849,Paid Search,Desktop,North,Seasonal Offer,45-54,2024-03-11 16:00:00,503,5,1.4,Bounced,0,0.0,3,Mar
850,Social Media,Mobile,South,Lead Gen,45-54,2024-03-11 18:00:00,186,12,6.28,Checkout,0,0.0,3,Mar
851,Organic Search,Desktop,South,Brand Awareness,25-34,2024-03-11 20:00:00,118,1,4.89,Converted,1,149.0,3,Mar
852,Email,Tablet,North,Retargeting,55+,2024-03-11 22:00:00,231,9,3.99,Product View,0,0.0,3,Mar
853,Organic Search,Mobile,West,Retargeting,25-34,2024-03-12 00:00:00,491,3,9.27,Bounced,0,0.0,3,Mar
854,Referral,Mobile,East,Product Launch,35-44,2024-03-12 02:00:00,510,2,9.03,Checkout,0,0.0,3,Mar
855,Organic Search,Desktop,East,Brand Awareness,25-34,2024-03-12 04:00:00,738,14,9.65,Bounced,0,0.0,3,Mar
856,Organic Search,Mobile,East,Product Launch,55+,2024-03-12 06:00:00,586,13,2.8,Product View,0,0.0,3,Mar
857,Organic Search,Desktop,South,Brand Awareness,35-44,2024-03-12 08:00:00,483,6,4.64,Converted,1,49.0,3,Mar
858,Paid Search,Desktop,West,Seasonal Offer,45-54,2024-03-12 10:00:00,499,3,3.54,Converted,1,149.0,3,Mar
859,Social Media,Desktop,North,Brand Awareness,18-24,2024-03-12 12:00:00,409,5,8.34,Bounced,0,0.0,3,Mar
860,Organic Search,Mobile,West,Lead Gen,45-54,2024-03-12 14:00:00,430,10,7.19,Product View,0,0.0,3,Mar
861,Email,Desktop,West,Retargeting,45-54,2024-03-12 16:00:00,108,14,5.29,Bounced,0,0.0,3,Mar
862,Paid Search,Mobile,East,Seasonal Offer,35-44,2024-03-12 18:00:00,580,8,11.9,Awareness,0,0.0,3,Mar
863,Social Media,Desktop,North,Retargeting,25-34,2024-03-12 20:00:00,825,10,1.86,Product View,0,0.0,3,Mar
864,Paid Search,Desktop,West,Product Launch,25-34,2024-03-12 22:00:00,415,2,14.64,Product View,0,0.0,3,Mar
865,Paid Search,Mobile,North,Seasonal Offer,18-24,2024-03-13 00:00:00,696,12,2.19,Converted,1,149.0,3,Mar
866,Social Media,Desktop,South,Lead Gen,25-34,2024-03-13 02:00:00,690,13,11.71,Awareness,0,0.0,3,Mar
867,Organic Search,Mobile,East,Retargeting,25-34,2024-03-13 04:00:00,372,5,5.84,Awareness,0,0.0,3,Mar
868,Organic Search,Desktop,North,Brand Awareness,25-34,2024-03-13 06:00:00,474,11,13.05,Bounced,0,0.0,3,Mar
869,Referral,Mobile,South,Brand Awareness,25-34,2024-03-13 08:00:00,81,8,1.58,Converted,1,99.0,3,Mar
870,Referral,Mobile,South,Brand Awareness,25-34,2024-03-13 10:00:00,280,1,5.93,Checkout,0,0.0,3,Mar
871,Paid Search,Desktop,South,Seasonal Offer,18-24,2024-03-13 12:00:00,688,10,5.36,Converted,1,99.0,3,Mar
872,Organic Search,Desktop,West,Lead Gen,55+,2024-03-13 14:00:00,358,10,14.9,Checkout,0,0.0,3,Mar
873,Social Media,Mobile,West,Lead Gen,35-44,2024-03-13 16:00:00,523,14,14.79,Awareness,0,0.0,3,Mar
874,Paid Search,Mobile,East,Lead Gen,25-34,2024-03-13 18:00:00,379,11,3.25,Bounced,0,0.0,3,Mar
875,Organic Search,Desktop,East,Retargeting,35-44,2024-03-13 20:00:00,799,13,9.63,Awareness,0,0.0,3,Mar
876,Organic Search,Desktop,South,Seasonal Offer,35-44,2024-03-13 22:00:00,814,12,8.27,Bounced,0,0.0,3,Mar
877,Social Media,Mobile,East,Brand Awareness,55+,2024-03-14 00:00:00,488,13,2.74,Product View,0,0.0,3,Mar
878,Social Media,Mobile,West,Retargeting,25-34,2024-03-14 02:00:00,527,12,2.93,Checkout,0,0.0,3,Mar
879,Organic Search,Desktop,East,Lead Gen,25-34,2024-03-14 04:00:00,154,4,14.84,Checkout,0,0.0,3,Mar
880,Organic Search,Desktop,North,Brand Awareness,55+,2024-03-14 06:00:00,233,5,7.06,Checkout,0,0.0,3,Mar
881,Organic Search,Desktop,West,Seasonal Offer,25-34,2024-03-14 08:00:00,797,14,2.32,Awareness,0,0.0,3,Mar
882,Social Media,Mobile,South,Product Launch,18-24,2024-03-14 10:00:00,672,10,3.61,Product View,0,0.0,3,Mar
883,Organic Search,Desktop,South,Lead Gen,18-24,2024-03-14 12:00:00,50,12,4.39,Bounced,0,0.0,3,Mar
884,Organic Search,Tablet,East,Lead Gen,18-24,2024-03-14 14:00:00,619,14,7.91,Bounced,0,0.0,3,Mar
885,Email,Desktop,West,Lead Gen,55+,2024-03-14 16:00:00,876,11,5.37,Checkout,0,0.0,3,Mar
886,Organic Search,Desktop,South,Lead Gen,25-34,2024-03-14 18:00:00,592,3,7.1,Awareness,0,0.0,3,Mar
887,Social Media,Mobile,South,Brand Awareness,55+,2024-03-14 20:00:00,391,12,2.91,Bounced,0,0.0,3,Mar
888,Organic Search,Tablet,West,Seasonal Offer,55+,2024-03-14 22:00:00,390,2,5.24,Converted,1,49.0,3,Mar
889,Organic Search,Mobile,West,Retargeting,35-44,2024-03-15 00:00:00,807,12,1.52,Bounced,0,0.0,3,Mar
890,Organic Search,Desktop,South,Brand Awareness,18-24,2024-03-15 02:00:00,145,3,13.4,Converted,1,49.0,3,Mar
891,Email,Mobile,East,Seasonal Offer,18-24,2024-03-15 04:00:00,84,11,3.38,Awareness,0,0.0,3,Mar
892,Referral,Mobile,East,Retargeting,25-34,2024-03-15 06:00:00,321,5,11.48,Checkout,0,0.0,3,Mar
893,Email,Desktop,East,Lead Gen,25-34,2024-03-15 08:00:00,80,7,5.57,Checkout,0,0.0,3,Mar
894,Paid Search,Desktop,North,Seasonal Offer,35-44,2024-03-15 10:00:00,871,2,7.38,Product View,0,0.0,3,Mar
895,Social Media,Desktop,West,Lead Gen,25-34,2024-03-15 12:00:00,814,13,4.72,Bounced,0,0.0,3,Mar
896,Organic Search,Desktop,South,Seasonal Offer,55+,2024-03-15 14:00:00,283,14,10.6,Converted,1,499.0,3,Mar
897,Organic Search,Tablet,North,Product Launch,35-44,2024-03-15 16:00:00,521,7,12.75,Converted,1,49.0,3,Mar
898,Referral,Desktop,East,Lead Gen,35-44,2024-03-15 18:00:00,602,6,4.65,Checkout,0,0.0,3,Mar
899,Organic Search,Tablet,North,Lead Gen,45-54,2024-03-15 20:00:00,888,14,4.01,Converted,1,49.0,3,Mar
900,Organic Search,Mobile,South,Lead Gen,18-24,2024-03-15 22:00:00,892,7,10.38,Awareness,0,0.0,3,Mar
901,Organic Search,Mobile,South,Brand Awareness,25-34,2024-03-16 00:00:00,254,7,3.33,Bounced,0,0.0,3,Mar
902,Organic Search,Mobile,West,Retargeting,18-24,2024-03-16 02:00:00,498,9,9.78,Bounced,0,0.0,3,Mar
903,Organic Search,Desktop,East,Lead Gen,18-24,2024-03-16 04:00:00,877,7,1.87,Bounced,0,0.0,3,Mar
904,Social Media,Desktop,East,Lead Gen,35-44,2024-03-16 06:00:00,132,14,9.49,Bounced,0,0.0,3,Mar
905,Paid Search,Desktop,North,Brand Awareness,25-34,2024-03-16 08:00:00,77,12,7.94,Bounced,0,0.0,3,Mar
906,Referral,Mobile,East,Brand Awareness,25-34,2024-03-16 10:00:00,766,13,2.15,Bounced,0,0.0,3,Mar
907,Email,Desktop,North,Product Launch,55+,2024-03-16 12:00:00,371,6,9.91,Converted,1,499.0,3,Mar
908,Paid Search,Mobile,South,Seasonal Offer,25-34,2024-03-16 14:00:00,262,10,6.98,Product View,0,0.0,3,Mar
909,Organic Search,Desktop,South,Lead Gen,35-44,2024-03-16 16:00:00,611,8,3.65,Bounced,0,0.0,3,Mar
910,Paid Search,Desktop,South,Seasonal Offer,18-24,2024-03-16 18:00:00,588,7,5.62,Bounced,0,0.0,3,Mar
911,Social Media,Desktop,South,Brand Awareness,25-34,2024-03-16 20:00:00,257,6,7.64,Bounced,0,0.0,3,Mar
912,Organic Search,Tablet,South,Brand Awareness,35-44,2024-03-16 22:00:00,551,4,1.83,Converted,1,149.0,3,Mar
913,Social Media,Mobile,North,Product Launch,55+,2024-03-17 00:00:00,726,7,14.39,Bounced,0,0.0,3,Mar
914,Paid Search,Desktop,South,Retargeting,25-34,2024-03-17 02:00:00,621,12,10.15,Bounced,0,0.0,3,Mar
915,Social Media,Mobile,North,Brand Awareness,18-24,2024-03-17 04:00:00,42,8,1.99,Checkout,0,0.0,3,Mar
916,Paid Search,Desktop,South,Lead Gen,25-34,2024-03-17 06:00:00,528,8,12.43,Converted,1,149.0,3,Mar
917,Organic Search,Tablet,North,Product Launch,18-24,2024-03-17 08:00:00,474,12,5.18,Checkout,0,0.0,3,Mar
918,Referral,Mobile,North,Retargeting,25-34,2024-03-17 10:00:00,855,12,9.15,Bounced,0,0.0,3,Mar
919,Email,Desktop,North,Product Launch,35-44,2024-03-17 12:00:00,369,4,4.52,Awareness,0,0.0,3,Mar
920,Organic Search,Mobile,East,Brand Awareness,18-24,2024-03-17 14:00:00,353,10,11.13,Bounced,0,0.0,3,Mar
921,Referral,Desktop,North,Retargeting,25-34,2024-03-17 16:00:00,625,9,10.98,Product View,0,0.0,3,Mar
922,Paid Search,Tablet,North,Seasonal Offer,35-44,2024-03-17 18:00:00,627,3,8.5,Bounced,0,0.0,3,Mar
923,Referral,Desktop,South,Retargeting,25-34,2024-03-17 20:00:00,186,9,3.99,Product View,0,0.0,3,Mar
924,Email,Mobile,North,Lead Gen,18-24,2024-03-17 22:00:00,685,3,4.18,Converted,1,149.0,3,Mar
925,Paid Search,Desktop,North,Seasonal Offer,55+,2024-03-18 00:00:00,604,13,6.05,Converted,1,149.0,3,Mar
926,Organic Search,Mobile,West,Seasonal Offer,25-34,2024-03-18 02:00:00,460,7,2.6,Bounced,0,0.0,3,Mar
927,Organic Search,Mobile,East,Lead Gen,45-54,2024-03-18 04:00:00,584,4,5.4,Checkout,0,0.0,3,Mar
928,Social Media,Mobile,West,Seasonal Offer,25-34,2024-03-18 06:00:00,436,5,10.42,Checkout,0,0.0,3,Mar
929,Social Media,Mobile,South,Brand Awareness,25-34,2024-03-18 08:00:00,187,13,12.55,Converted,1,149.0,3,Mar
930,Organic Search,Mobile,East,Retargeting,25-34,2024-03-18 10:00:00,214,3,5.32,Checkout,0,0.0,3,Mar
931,Organic Search,Desktop,East,Retargeting,25-34,2024-03-18 12:00:00,827,2,3.89,Bounced,0,0.0,3,Mar
932,Email,Desktop,West,Lead Gen,18-24,2024-03-18 14:00:00,520,12,12.57,Product View,0,0.0,3,Mar
933,Direct,Desktop,East,Brand Awareness,25-34,2024-03-18 16:00:00,864,8,13.42,Awareness,0,0.0,3,Mar
934,Social Media,Tablet,West,Seasonal Offer,45-54,2024-03-18 18:00:00,565,14,6.45,Bounced,0,0.0,3,Mar
935,Organic Search,Desktop,North,Retargeting,35-44,2024-03-18 20:00:00,386,7,0.89,Product View,0,0.0,3,Mar
936,Organic Search,Mobile,West,Retargeting,18-24,2024-03-18 22:00:00,746,7,10.58,Bounced,0,0.0,3,Mar
937,Organic Search,Mobile,East,Retargeting,35-44,2024-03-19 00:00:00,391,8,11.87,Checkout,0,0.0,3,Mar
938,Referral,Desktop,East,Retargeting,45-54,2024-03-19 02:00:00,253,13,0.76,Bounced,0,0.0,3,Mar
939,Organic Search,Desktop,South,Product Launch,35-44,2024-03-19 04:00:00,642,1,9.13,Converted,1,49.0,3,Mar
940,Social Media,Desktop,South,Lead Gen,18-24,2024-03-19 06:00:00,233,12,9.03,Bounced,0,0.0,3,Mar
941,Organic Search,Desktop,South,Seasonal Offer,45-54,2024-03-19 08:00:00,37,8,5.99,Awareness,0,0.0,3,Mar
942,Social Media,Desktop,South,Seasonal Offer,25-34,2024-03-19 10:00:00,501,10,11.37,Checkout,0,0.0,3,Mar
943,Social Media,Desktop,East,Lead Gen,25-34,2024-03-19 12:00:00,201,12,6.71,Awareness,0,0.0,3,Mar
944,Email,Mobile,South,Brand Awareness,35-44,2024-03-19 14:00:00,749,14,10.31,Checkout,0,0.0,3,Mar
945,Organic Search,Tablet,West,Lead Gen,45-54,2024-03-19 16:00:00,125,14,8.0,Converted,1,99.0,3,Mar
946,Organic Search,Desktop,North,Retargeting,55+,2024-03-19 18:00:00,703,5,4.1,Awareness,0,0.0,3,Mar
947,Organic Search,Desktop,East,Retargeting,55+,2024-03-19 20:00:00,832,8,9.29,Bounced,0,0.0,3,Mar
948,Referral,Desktop,South,Lead Gen,18-24,2024-03-19 22:00:00,637,9,11.19,Product View,0,0.0,3,Mar
949,Referral,Mobile,East,Lead Gen,55+,2024-03-20 00:00:00,335,13,14.62,Product View,0,0.0,3,Mar
950,Social Media,Mobile,South,Seasonal Offer,18-24,2024-03-20 02:00:00,686,2,6.01,Converted,1,49.0,3,Mar
951,Social Media,Desktop,East,Seasonal Offer,25-34,2024-03-20 04:00:00,287,3,1.43,Checkout,0,0.0,3,Mar
952,Social Media,Desktop,South,Product Launch,35-44,2024-03-20 06:00:00,503,6,14.83,Awareness,0,0.0,3,Mar
953,Organic Search,Mobile,North,Product Launch,25-34,2024-03-20 08:00:00,329,9,9.55,Bounced,0,0.0,3,Mar
954,Referral,Mobile,South,Retargeting,35-44,2024-03-20 10:00:00,494,14,14.22,Bounced,0,0.0,3,Mar
955,Paid Search,Desktop,West,Product Launch,25-34,2024-03-20 12:00:00,643,10,2.01,Product View,0,0.0,3,Mar
956,Paid Search,Mobile,East,Product Launch,55+,2024-03-20 14:00:00,718,10,5.46,Awareness,0,0.0,3,Mar
957,Paid Search,Desktop,East,Brand Awareness,25-34,2024-03-20 16:00:00,357,8,2.44,Awareness,0,0.0,3,Mar
958,Organic Search,Desktop,West,Lead Gen,25-34,2024-03-20 18:00:00,139,14,12.61,Awareness,0,0.0,3,Mar
959,Organic Search,Mobile,West,Seasonal Offer,55+,2024-03-20 20:00:00,739,13,13.26,Awareness,0,0.0,3,Mar
960,Email,Mobile,North,Product Launch,18-24,2024-03-20 22:00:00,158,6,7.77,Awareness,0,0.0,3,Mar
961,Organic Search,Desktop,East,Seasonal Offer,35-44,2024-03-21 00:00:00,166,5,3.21,Converted,1,49.0,3,Mar
962,Social Media,Tablet,North,Product Launch,35-44,2024-03-21 02:00:00,568,14,2.34,Bounced,0,0.0,3,Mar
963,Organic Search,Desktop,East,Product Launch,35-44,2024-03-21 04:00:00,678,13,9.03,Converted,1,99.0,3,Mar
964,Paid Search,Mobile,East,Retargeting,35-44,2024-03-21 06:00:00,193,3,7.84,Product View,0,0.0,3,Mar
965,Organic Search,Desktop,North,Brand Awareness,25-34,2024-03-21 08:00:00,378,12,10.57,Bounced,0,0.0,3,Mar
966,Paid Search,Mobile,East,Lead Gen,45-54,2024-03-21 10:00:00,492,4,4.93,Product View,0,0.0,3,Mar
967,Social Media,Tablet,East,Lead Gen,18-24,2024-03-21 12:00:00,897,13,6.33,Converted,1,149.0,3,Mar
968,Organic Search,Desktop,North,Retargeting,25-34,2024-03-21 14:00:00,672,13,0.81,Checkout,0,0.0,3,Mar
969,Social Media,Tablet,South,Retargeting,18-24,2024-03-21 16:00:00,533,7,9.35,Awareness,0,0.0,3,Mar
970,Paid Search,Mobile,North,Lead Gen,35-44,2024-03-21 18:00:00,180,7,6.64,Converted,1,49.0,3,Mar
971,Social Media,Mobile,East,Lead Gen,35-44,2024-03-21 20:00:00,275,3,13.84,Awareness,0,0.0,3,Mar
972,Referral,Desktop,West,Brand Awareness,55+,2024-03-21 22:00:00,139,4,9.81,Checkout,0,0.0,3,Mar
973,Email,Mobile,South,Product Launch,35-44,2024-03-22 00:00:00,614,3,6.28,Bounced,0,0.0,3,Mar
974,Organic Search,Mobile,West,Brand Awareness,35-44,2024-03-22 02:00:00,827,2,4.32,Converted,1,99.0,3,Mar
975,Organic Search,Desktop,South,Lead Gen,55+,2024-03-22 04:00:00,304,6,13.63,Awareness,0,0.0,3,Mar
976,Organic Search,Tablet,West,Product Launch,25-34,2024-03-22 06:00:00,899,7,0.74,Product View,0,0.0,3,Mar
977,Social Media,Desktop,South,Lead Gen,35-44,2024-03-22 08:00:00,96,4,5.24,Awareness,0,0.0,3,Mar
978,Organic Search,Desktop,North,Brand Awareness,35-44,2024-03-22 10:00:00,79,5,14.18,Converted,1,149.0,3,Mar
979,Paid Search,Mobile,South,Brand Awareness,25-34,2024-03-22 12:00:00,845,8,9.98,Awareness,0,0.0,3,Mar
980,Social Media,Mobile,South,Brand Awareness,45-54,2024-03-22 14:00:00,544,9,8.22,Bounced,0,0.0,3,Mar
981,Paid Search,Mobile,South,Product Launch,25-34,2024-03-22 16:00:00,255,7,3.45,Converted,1,99.0,3,Mar
982,Email,Desktop,East,Seasonal Offer,35-44,2024-03-22 18:00:00,607,10,12.58,Bounced,0,0.0,3,Mar
983,Organic Search,Tablet,West,Seasonal Offer,35-44,2024-03-22 20:00:00,535,14,3.46,Bounced,0,0.0,3,Mar
984,Organic Search,Desktop,North,Lead Gen,55+,2024-03-22 22:00:00,184,1,4.1,Converted,1,249.0,3,Mar
985,Email,Desktop,West,Product Launch,45-54,2024-03-23 00:00:00,509,11,3.28,Product View,0,0.0,3,Mar
986,Paid Search,Desktop,West,Retargeting,35-44,2024-03-23 02:00:00,140,14,2.79,Awareness,0,0.0,3,Mar
987,Social Media,Mobile,North,Seasonal Offer,35-44,2024-03-23 04:00:00,512,3,14.32,Converted,1,149.0,3,Mar
988,Paid Search,Tablet,East,Product Launch,25-34,2024-03-23 06:00:00,837,11,9.23,Product View,0,0.0,3,Mar
989,Organic Search,Mobile,South,Product Launch,25-34,2024-03-23 08:00:00,797,5,9.75,Bounced,0,0.0,3,Mar
990,Email,Mobile,East,Seasonal Offer,55+,2024-03-23 10:00:00,303,3,14.34,Product View,0,0.0,3,Mar
991,Email,Desktop,East,Product Launch,55+,2024-03-23 12:00:00,184,1,3.84,Bounced,0,0.0,3,Mar
992,Social Media,Mobile,South,Product Launch,45-54,2024-03-23 14:00:00,680,2,0.59,Bounced,0,0.0,3,Mar
993,Organic Search,Desktop,West,Seasonal Offer,18-24,2024-03-23 16:00:00,196,8,9.18,Converted,1,499.0,3,Mar
994,Social Media,Desktop,South,Brand Awareness,45-54,2024-03-23 18:00:00,48,7,7.86,Converted,1,149.0,3,Mar
995,Paid Search,Desktop,North,Lead Gen,55+,2024-03-23 20:00:00,374,13,7.43,Bounced,0,0.0,3,Mar
996,Organic Search,Mobile,South,Retargeting,25-34,2024-03-23 22:00:00,764,10,1.4,Awareness,0,0.0,3,Mar
997,Referral,Mobile,West,Lead Gen,35-44,2024-03-24 00:00:00,598,3,7.09,Converted,1,149.0,3,Mar
998,Organic Search,Mobile,East,Brand Awareness,45-54,2024-03-24 02:00:00,323,4,4.67,Awareness,0,0.0,3,Mar
999,Direct,Desktop,East,Brand Awareness,35-44,2024-03-24 04:00:00,674,14,4.48,Bounced,0,0.0,3,Mar
1000,Paid Search,Desktop,South,Product Launch,55+,2024-03-24 06:00:00,491,13,3.72,Bounced,0,0.0,3,Mar
1001,Organic Search,Mobile,North,Lead Gen,25-34,2024-03-24 08:00:00,367,3,5.32,Checkout,0,0.0,3,Mar
1002,Social Media,Desktop,West,Brand Awareness,35-44,2024-03-24 10:00:00,833,13,5.62,Product View,0,0.0,3,Mar
1003,Referral,Mobile,East,Lead Gen,45-54,2024-03-24 12:00:00,481,4,4.98,Bounced,0,0.0,3,Mar
1004,Email,Mobile,South,Brand Awareness,25-34,2024-03-24 14:00:00,373,8,14.69,Bounced,0,0.0,3,Mar
1005,Email,Desktop,North,Retargeting,45-54,2024-03-24 16:00:00,746,9,14.02,Checkout,0,0.0,3,Mar
1006,Social Media,Tablet,North,Brand Awareness,35-44,2024-03-24 18:00:00,660,7,8.83,Bounced,0,0.0,3,Mar
1007,Social Media,Mobile,East,Lead Gen,25-34,2024-03-24 20:00:00,794,9,14.73,Checkout,0,0.0,3,Mar
1008,Email,Desktop,East,Product Launch,18-24,2024-03-24 22:00:00,114,14,14.87,Converted,1,249.0,3,Mar
1009,Organic Search,Mobile,West,Lead Gen,25-34,2024-03-25 00:00:00,726,9,5.66,Converted,1,249.0,3,Mar
1010,Paid Search,Desktop,North,Seasonal Offer,35-44,2024-03-25 02:00:00,766,7,6.96,Converted,1,149.0,3,Mar
1011,Organic Search,Mobile,West,Lead Gen,55+,2024-03-25 04:00:00,689,7,14.41,Bounced,0,0.0,3,Mar
1012,Direct,Mobile,North,Retargeting,25-34,2024-03-25 06:00:00,418,8,9.33,Product View,0,0.0,3,Mar
1013,Referral,Tablet,North,Retargeting,25-34,2024-03-25 08:00:00,821,12,3.59,Converted,1,99.0,3,Mar
1014,Organic Search,Mobile,South,Retargeting,25-34,2024-03-25 10:00:00,256,10,10.5,Bounced,0,0.0,3,Mar
1015,Social Media,Desktop,East,Brand Awareness,35-44,2024-03-25 12:00:00,315,12,3.48,Bounced,0,0.0,3,Mar
1016,Referral,Mobile,North,Retargeting,55+,2024-03-25 14:00:00,313,12,5.42,Converted,1,49.0,3,Mar
1017,Organic Search,Desktop,West,Lead Gen,35-44,2024-03-25 16:00:00,722,3,3.8,Awareness,0,0.0,3,Mar
1018,Social Media,Mobile,East,Product Launch,35-44,2024-03-25 18:00:00,138,8,4.05,Bounced,0,0.0,3,Mar
1019,Referral,Mobile,West,Retargeting,35-44,2024-03-25 20:00:00,164,1,0.57,Awareness,0,0.0,3,Mar
1020,Organic Search,Desktop,East,Lead Gen,18-24,2024-03-25 22:00:00,320,13,13.27,Bounced,0,0.0,3,Mar
1021,Social Media,Desktop,East,Brand Awareness,35-44,2024-03-26 00:00:00,831,6,4.79,Checkout,0,0.0,3,Mar
1022,Organic Search,Mobile,North,Brand Awareness,35-44,2024-03-26 02:00:00,644,2,1.75,Checkout,0,0.0,3,Mar
1023,Referral,Mobile,South,Product Launch,35-44,2024-03-26 04:00:00,742,7,1.76,Bounced,0,0.0,3,Mar
1024,Direct,Desktop,North,Product Launch,45-54,2024-03-26 06:00:00,537,13,8.56,Bounced,0,0.0,3,Mar
1025,Referral,Desktop,East,Lead Gen,45-54,2024-03-26 08:00:00,658,3,14.9,Checkout,0,0.0,3,Mar
1026,Paid Search,Desktop,North,Product Launch,45-54,2024-03-26 10:00:00,873,11,2.6,Converted,1,249.0,3,Mar
1027,Referral,Mobile,North,Product Launch,55+,2024-03-26 12:00:00,851,10,1.94,Bounced,0,0.0,3,Mar
1028,Email,Desktop,East,Brand Awareness,55+,2024-03-26 14:00:00,58,5,6.86,Checkout,0,0.0,3,Mar
1029,Paid Search,Mobile,East,Lead Gen,35-44,2024-03-26 16:00:00,423,10,8.67,Product View,0,0.0,3,Mar
1030,Email,Desktop,North,Product Launch,18-24,2024-03-26 18:00:00,56,2,4.77,Checkout,0,0.0,3,Mar
1031,Organic Search,Mobile,North,Lead Gen,25-34,2024-03-26 20:00:00,496,1,4.89,Product View,0,0.0,3,Mar
1032,Social Media,Desktop,North,Retargeting,45-54,2024-03-26 22:00:00,42,5,6.65,Product View,0,0.0,3,Mar
1033,Organic Search,Mobile,West,Brand Awareness,18-24,2024-03-27 00:00:00,583,9,5.06,Awareness,0,0.0,3,Mar
1034,Organic Search,Desktop,North,Brand Awareness,18-24,2024-03-27 02:00:00,474,9,13.77,Converted,1,149.0,3,Mar
1035,Organic Search,Mobile,West,Brand Awareness,18-24,2024-03-27 04:00:00,253,7,1.11,Bounced,0,0.0,3,Mar
1036,Social Media,Desktop,South,Seasonal Offer,35-44,2024-03-27 06:00:00,492,14,3.9,Bounced,0,0.0,3,Mar
1037,Paid Search,Mobile,West,Lead Gen,35-44,2024-03-27 08:00:00,50,9,12.22,Bounced,0,0.0,3,Mar
1038,Email,Mobile,North,Retargeting,25-34,2024-03-27 10:00:00,416,4,12.59,Bounced,0,0.0,3,Mar
1039,Organic Search,Desktop,South,Product Launch,18-24,2024-03-27 12:00:00,677,3,2.12,Awareness,0,0.0,3,Mar
1040,Paid Search,Mobile,West,Retargeting,35-44,2024-03-27 14:00:00,355,11,14.62,Checkout,0,0.0,3,Mar
1041,Social Media,Mobile,West,Lead Gen,25-34,2024-03-27 16:00:00,762,4,10.55,Converted,1,249.0,3,Mar
1042,Email,Desktop,East,Brand Awareness,25-34,2024-03-27 18:00:00,496,7,4.45,Converted,1,49.0,3,Mar
1043,Paid Search,Desktop,South,Seasonal Offer,35-44,2024-03-27 20:00:00,686,8,7.11,Product View,0,0.0,3,Mar
1044,Social Media,Desktop,East,Lead Gen,35-44,2024-03-27 22:00:00,551,2,4.81,Awareness,0,0.0,3,Mar
1045,Referral,Mobile,South,Lead Gen,25-34,2024-03-28 00:00:00,254,5,2.68,Bounced,0,0.0,3,Mar
1046,Social Media,Mobile,West,Product Launch,35-44,2024-03-28 02:00:00,682,5,4.72,Awareness,0,0.0,3,Mar
1047,Organic Search,Desktop,East,Retargeting,25-34,2024-03-28 04:00:00,504,13,8.91,Product View,0,0.0,3,Mar
1048,Organic Search,Mobile,North,Retargeting,45-54,2024-03-28 06:00:00,647,9,12.48,Awareness,0,0.0,3,Mar
1049,Referral,Mobile,West,Product Launch,25-34,2024-03-28 08:00:00,809,13,5.77,Converted,1,99.0,3,Mar
1050,Organic Search,Tablet,South,Seasonal Offer,25-34,2024-03-28 10:00:00,735,13,5.54,Bounced,0,0.0,3,Mar
1051,Referral,Mobile,South,Brand Awareness,45-54,2024-03-28 12:00:00,487,13,7.29,Product View,0,0.0,3,Mar
1052,Social Media,Tablet,East,Brand Awareness,35-44,2024-03-28 14:00:00,669,3,9.85,Product View,0,0.0,3,Mar
1053,Referral,Mobile,East,Seasonal Offer,25-34,2024-03-28 16:00:00,242,12,11.4,Bounced,0,0.0,3,Mar
1054,Email,Desktop,South,Product Launch,18-24,2024-03-28 18:00:00,692,6,5.24,Product View,0,0.0,3,Mar
1055,Direct,Mobile,West,Lead Gen,45-54,2024-03-28 20:00:00,510,10,9.0,Product View,0,0.0,3,Mar
1056,Paid Search,Desktop,East,Retargeting,45-54,2024-03-28 22:00:00,209,12,6.15,Awareness,0,0.0,3,Mar
1057,Email,Desktop,North,Lead Gen,25-34,2024-03-29 00:00:00,858,5,10.89,Awareness,0,0.0,3,Mar
1058,Paid Search,Desktop,South,Retargeting,35-44,2024-03-29 02:00:00,567,2,2.89,Converted,1,99.0,3,Mar
1059,Paid Search,Mobile,North,Lead Gen,18-24,2024-03-29 04:00:00,556,2,4.23,Bounced,0,0.0,3,Mar
1060,Social Media,Mobile,South,Product Launch,35-44,2024-03-29 06:00:00,51,4,6.68,Bounced,0,0.0,3,Mar
1061,Referral,Desktop,North,Product Launch,18-24,2024-03-29 08:00:00,374,12,13.4,Product View,0,0.0,3,Mar
1062,Direct,Desktop,West,Seasonal Offer,25-34,2024-03-29 10:00:00,606,4,8.81,Awareness,0,0.0,3,Mar
1063,Email,Desktop,South,Lead Gen,18-24,2024-03-29 12:00:00,792,7,14.5,Bounced,0,0.0,3,Mar
1064,Paid Search,Mobile,West,Lead Gen,25-34,2024-03-29 14:00:00,50,14,2.0,Product View,0,0.0,3,Mar
1065,Paid Search,Desktop,East,Seasonal Offer,25-34,2024-03-29 16:00:00,774,12,7.17,Bounced,0,0.0,3,Mar
1066,Email,Mobile,South,Seasonal Offer,25-34,2024-03-29 18:00:00,437,14,6.58,Awareness,0,0.0,3,Mar
1067,Organic Search,Desktop,West,Product Launch,18-24,2024-03-29 20:00:00,516,1,9.2,Product View,0,0.0,3,Mar
1068,Organic Search,Desktop,North,Product Launch,25-34,2024-03-29 22:00:00,557,11,12.27,Awareness,0,0.0,3,Mar
1069,Paid Search,Desktop,West,Lead Gen,45-54,2024-03-30 00:00:00,445,6,12.7,Awareness,0,0.0,3,Mar
1070,Organic Search,Desktop,South,Product Launch,25-34,2024-03-30 02:00:00,301,11,10.22,Converted,1,249.0,3,Mar
1071,Organic Search,Tablet,West,Product Launch,35-44,2024-03-30 04:00:00,234,13,9.8,Bounced,0,0.0,3,Mar
1072,Organic Search,Desktop,North,Lead Gen,25-34,2024-03-30 06:00:00,327,9,14.26,Awareness,0,0.0,3,Mar
1073,Organic Search,Desktop,North,Seasonal Offer,25-34,2024-03-30 08:00:00,701,2,6.06,Bounced,0,0.0,3,Mar
1074,Organic Search,Desktop,North,Lead Gen,35-44,2024-03-30 10:00:00,582,12,12.58,Converted,1,249.0,3,Mar
1075,Direct,Desktop,East,Brand Awareness,55+,2024-03-30 12:00:00,137,5,13.86,Product View,0,0.0,3,Mar
1076,Paid Search,Desktop,South,Lead Gen,18-24,2024-03-30 14:00:00,666,10,7.63,Bounced,0,0.0,3,Mar
1077,Paid Search,Desktop,North,Brand Awareness,18-24,2024-03-30 16:00:00,181,11,11.07,Bounced,0,0.0,3,Mar
1078,Social Media,Mobile,East,Lead Gen,35-44,2024-03-30 18:00:00,42,10,5.97,Bounced,0,0.0,3,Mar
1079,Organic Search,Mobile,North,Brand Awareness,55+,2024-03-30 20:00:00,744,4,2.8,Bounced,0,0.0,3,Mar
1080,Referral,Desktop,West,Brand Awareness,55+,2024-03-30 22:00:00,108,4,9.0,Converted,1,49.0,3,Mar
1081,Email,Desktop,South,Lead Gen,25-34,2024-03-31 00:00:00,583,8,3.35,Bounced,0,0.0,3,Mar
1082,Organic Search,Tablet,West,Product Launch,25-34,2024-03-31 02:00:00,198,14,7.14,Converted,1,149.0,3,Mar
1083,Paid Search,Desktop,East,Retargeting,35-44,2024-03-31 04:00:00,278,6,13.16,Checkout,0,0.0,3,Mar
1084,Referral,Desktop,West,Product Launch,35-44,2024-03-31 06:00:00,150,7,1.75,Converted,1,49.0,3,Mar
1085,Referral,Desktop,West,Brand Awareness,35-44,2024-03-31 08:00:00,416,11,0.94,Bounced,0,0.0,3,Mar
1086,Paid Search,Desktop,North,Lead Gen,45-54,2024-03-31 10:00:00,468,12,9.29,Converted,1,99.0,3,Mar
1087,Social Media,Mobile,West,Lead Gen,35-44,2024-03-31 12:00:00,301,9,5.3,Checkout,0,0.0,3,Mar
1088,Organic Search,Desktop,North,Lead Gen,25-34,2024-03-31 14:00:00,329,13,6.56,Checkout,0,0.0,3,Mar
1089,Direct,Mobile,North,Lead Gen,25-34,2024-03-31 16:00:00,750,3,6.38,Product View,0,0.0,3,Mar
1090,Organic Search,Desktop,South,Retargeting,35-44,2024-03-31 18:00:00,502,11,1.76,Bounced,0,0.0,3,Mar
1091,Referral,Desktop,East,Seasonal Offer,25-34,2024-03-31 20:00:00,187,2,0.55,Checkout,0,0.0,3,Mar
1092,Social Media,Mobile,East,Brand Awareness,25-34,2024-03-31 22:00:00,662,3,13.53,Awareness,0,0.0,3,Mar
1093,Social Media,Desktop,East,Retargeting,18-24,2024-04-01 00:00:00,256,8,3.66,Checkout,0,0.0,4,Apr
1094,Paid Search,Mobile,North,Product Launch,25-34,2024-04-01 02:00:00,450,13,6.68,Checkout,0,0.0,4,Apr
1095,Organic Search,Desktop,East,Seasonal Offer,25-34,2024-04-01 04:00:00,53,9,14.59,Converted,1,99.0,4,Apr
1096,Organic Search,Mobile,North,Seasonal Offer,45-54,2024-04-01 06:00:00,771,10,12.49,Product View,0,0.0,4,Apr
1097,Organic Search,Desktop,South,Lead Gen,25-34,2024-04-01 08:00:00,567,5,2.06,Awareness,0,0.0,4,Apr
1098,Organic Search,Mobile,East,Retargeting,35-44,2024-04-01 10:00:00,599,8,7.87,Checkout,0,0.0,4,Apr
1099,Email,Desktop,North,Product Launch,25-34,2024-04-01 12:00:00,806,14,11.09,Bounced,0,0.0,4,Apr
1100,Paid Search,Mobile,East,Lead Gen,18-24,2024-04-01 14:00:00,667,11,10.63,Bounced,0,0.0,4,Apr
1101,Organic Search,Desktop,East,Lead Gen,55+,2024-04-01 16:00:00,816,7,11.53,Converted,1,149.0,4,Apr
1102,Direct,Mobile,South,Brand Awareness,45-54,2024-04-01 18:00:00,569,12,7.13,Converted,1,249.0,4,Apr
1103,Referral,Desktop,West,Seasonal Offer,18-24,2024-04-01 20:00:00,842,14,3.05,Bounced,0,0.0,4,Apr
1104,Referral,Tablet,East,Product Launch,35-44,2024-04-01 22:00:00,157,12,7.24,Converted,1,99.0,4,Apr
1105,Direct,Desktop,South,Seasonal Offer,25-34,2024-04-02 00:00:00,123,13,9.89,Checkout,0,0.0,4,Apr
1106,Organic Search,Desktop,East,Retargeting,55+,2024-04-02 02:00:00,732,9,9.32,Product View,0,0.0,4,Apr
1107,Paid Search,Desktop,East,Brand Awareness,25-34,2024-04-02 04:00:00,450,4,1.52,Bounced,0,0.0,4,Apr
1108,Email,Desktop,East,Lead Gen,25-34,2024-04-02 06:00:00,301,13,1.44,Awareness,0,0.0,4,Apr
1109,Social Media,Desktop,East,Brand Awareness,35-44,2024-04-02 08:00:00,513,10,14.5,Converted,1,99.0,4,Apr
1110,Organic Search,Tablet,West,Lead Gen,45-54,2024-04-02 10:00:00,34,3,2.7,Converted,1,149.0,4,Apr
1111,Email,Tablet,West,Brand Awareness,25-34,2024-04-02 12:00:00,186,9,4.77,Converted,1,99.0,4,Apr
1112,Organic Search,Desktop,East,Lead Gen,35-44,2024-04-02 14:00:00,81,8,11.63,Checkout,0,0.0,4,Apr
1113,Organic Search,Tablet,East,Seasonal Offer,18-24,2024-04-02 16:00:00,272,7,6.44,Product View,0,0.0,4,Apr
1114,Social Media,Mobile,South,Seasonal Offer,55+,2024-04-02 18:00:00,692,1,3.13,Bounced,0,0.0,4,Apr
1115,Social Media,Desktop,South,Seasonal Offer,18-24,2024-04-02 20:00:00,803,2,7.27,Product View,0,0.0,4,Apr
1116,Social Media,Mobile,North,Seasonal Offer,55+,2024-04-02 22:00:00,449,9,8.75,Product View,0,0.0,4,Apr
1117,Organic Search,Mobile,West,Brand Awareness,25-34,2024-04-03 00:00:00,846,5,7.07,Checkout,0,0.0,4,Apr
1118,Referral,Tablet,East,Lead Gen,25-34,2024-04-03 02:00:00,454,1,13.82,Converted,1,499.0,4,Apr
1119,Organic Search,Desktop,West,Seasonal Offer,55+,2024-04-03 04:00:00,109,9,4.63,Bounced,0,0.0,4,Apr
1120,Organic Search,Mobile,South,Brand Awareness,55+,2024-04-03 06:00:00,724,1,10.09,Converted,1,249.0,4,Apr
1121,Referral,Desktop,West,Lead Gen,35-44,2024-04-03 08:00:00,383,8,2.13,Checkout,0,0.0,4,Apr
1122,Direct,Desktop,West,Brand Awareness,18-24,2024-04-03 10:00:00,648,5,6.19,Converted,1,49.0,4,Apr
1123,Referral,Desktop,East,Seasonal Offer,35-44,2024-04-03 12:00:00,695,14,11.24,Product View,0,0.0,4,Apr
1124,Email,Tablet,East,Retargeting,35-44,2024-04-03 14:00:00,322,11,3.76,Bounced,0,0.0,4,Apr
1125,Social Media,Mobile,South,Brand Awareness,35-44,2024-04-03 16:00:00,746,12,9.05,Checkout,0,0.0,4,Apr
1126,Social Media,Mobile,East,Seasonal Offer,35-44,2024-04-03 18:00:00,145,6,2.72,Awareness,0,0.0,4,Apr
1127,Organic Search,Mobile,South,Product Launch,18-24,2024-04-03 20:00:00,558,1,1.99,Converted,1,99.0,4,Apr
1128,Paid Search,Desktop,South,Lead Gen,35-44,2024-04-03 22:00:00,509,2,8.09,Bounced,0,0.0,4,Apr
1129,Paid Search,Desktop,North,Seasonal Offer,35-44,2024-04-04 00:00:00,317,7,10.29,Awareness,0,0.0,4,Apr
1130,Organic Search,Desktop,North,Product Launch,18-24,2024-04-04 02:00:00,697,2,2.14,Awareness,0,0.0,4,Apr
1131,Email,Desktop,North,Brand Awareness,35-44,2024-04-04 04:00:00,506,5,13.81,Checkout,0,0.0,4,Apr
1132,Paid Search,Mobile,West,Brand Awareness,35-44,2024-04-04 06:00:00,54,11,3.77,Bounced,0,0.0,4,Apr
1133,Organic Search,Mobile,North,Product Launch,35-44,2024-04-04 08:00:00,460,9,2.24,Product View,0,0.0,4,Apr
1134,Organic Search,Desktop,East,Product Launch,18-24,2024-04-04 10:00:00,307,5,3.44,Product View,0,0.0,4,Apr
1135,Social Media,Desktop,East,Lead Gen,35-44,2024-04-04 12:00:00,346,12,2.96,Bounced,0,0.0,4,Apr
1136,Organic Search,Desktop,North,Brand Awareness,25-34,2024-04-04 14:00:00,667,3,1.81,Product View,0,0.0,4,Apr
1137,Referral,Desktop,West,Product Launch,35-44,2024-04-04 16:00:00,841,11,12.07,Converted,1,49.0,4,Apr
1138,Paid Search,Tablet,South,Retargeting,45-54,2024-04-04 18:00:00,387,13,7.69,Checkout,0,0.0,4,Apr
1139,Paid Search,Mobile,West,Retargeting,35-44,2024-04-04 20:00:00,305,6,6.13,Converted,1,99.0,4,Apr
1140,Social Media,Mobile,West,Product Launch,18-24,2024-04-04 22:00:00,719,7,14.28,Awareness,0,0.0,4,Apr
1141,Email,Desktop,South,Lead Gen,35-44,2024-04-05 00:00:00,373,10,5.88,Product View,0,0.0,4,Apr
1142,Paid Search,Desktop,South,Brand Awareness,55+,2024-04-05 02:00:00,460,14,2.92,Converted,1,149.0,4,Apr
1143,Social Media,Desktop,South,Retargeting,25-34,2024-04-05 04:00:00,588,11,4.47,Bounced,0,0.0,4,Apr
1144,Social Media,Mobile,East,Product Launch,45-54,2024-04-05 06:00:00,741,10,3.97,Bounced,0,0.0,4,Apr
1145,Organic Search,Mobile,South,Product Launch,35-44,2024-04-05 08:00:00,592,11,7.73,Checkout,0,0.0,4,Apr
1146,Referral,Desktop,South,Seasonal Offer,45-54,2024-04-05 10:00:00,468,8,4.73,Converted,1,49.0,4,Apr
1147,Email,Mobile,West,Product Launch,25-34,2024-04-05 12:00:00,491,3,7.98,Bounced,0,0.0,4,Apr
1148,Social Media,Desktop,West,Lead Gen,25-34,2024-04-05 14:00:00,836,11,10.2,Bounced,0,0.0,4,Apr
1149,Referral,Mobile,North,Retargeting,55+,2024-04-05 16:00:00,299,4,11.77,Converted,1,249.0,4,Apr
1150,Referral,Tablet,West,Seasonal Offer,25-34,2024-04-05 18:00:00,738,10,10.8,Checkout,0,0.0,4,Apr
1151,Social Media,Mobile,South,Retargeting,18-24,2024-04-05 20:00:00,460,4,3.48,Bounced,0,0.0,4,Apr
1152,Email,Mobile,East,Retargeting,35-44,2024-04-05 22:00:00,50,2,2.18,Product View,0,0.0,4,Apr
1153,Social Media,Desktop,West,Lead Gen,18-24,2024-04-06 00:00:00,172,7,8.37,Bounced,0,0.0,4,Apr
1154,Social Media,Desktop,West,Product Launch,45-54,2024-04-06 02:00:00,789,12,3.38,Awareness,0,0.0,4,Apr
1155,Social Media,Desktop,South,Lead Gen,35-44,2024-04-06 04:00:00,897,4,1.73,Bounced,0,0.0,4,Apr
1156,Email,Desktop,West,Product Launch,45-54,2024-04-06 06:00:00,382,4,8.14,Checkout,0,0.0,4,Apr
1157,Organic Search,Mobile,West,Seasonal Offer,45-54,2024-04-06 08:00:00,494,13,5.24,Awareness,0,0.0,4,Apr
1158,Referral,Mobile,South,Lead Gen,18-24,2024-04-06 10:00:00,497,12,11.46,Bounced,0,0.0,4,Apr
1159,Referral,Desktop,West,Lead Gen,25-34,2024-04-06 12:00:00,542,8,5.06,Checkout,0,0.0,4,Apr
1160,Organic Search,Mobile,East,Brand Awareness,45-54,2024-04-06 14:00:00,493,6,14.69,Bounced,0,0.0,4,Apr
1161,Email,Desktop,North,Lead Gen,25-34,2024-04-06 16:00:00,879,6,11.5,Converted,1,149.0,4,Apr
1162,Organic Search,Desktop,West,Brand Awareness,55+,2024-04-06 18:00:00,423,11,1.34,Checkout,0,0.0,4,Apr
1163,Paid Search,Desktop,East,Product Launch,35-44,2024-04-06 20:00:00,815,9,7.88,Bounced,0,0.0,4,Apr
1164,Email,Desktop,West,Product Launch,18-24,2024-04-06 22:00:00,782,4,8.66,Converted,1,499.0,4,Apr
1165,Organic Search,Desktop,North,Product Launch,45-54,2024-04-07 00:00:00,87,9,10.58,Converted,1,49.0,4,Apr
1166,Email,Desktop,South,Brand Awareness,18-24,2024-04-07 02:00:00,155,1,7.72,Product View,0,0.0,4,Apr
1167,Email,Desktop,North,Product Launch,18-24,2024-04-07 04:00:00,870,11,7.51,Checkout,0,0.0,4,Apr
1168,Paid Search,Tablet,West,Retargeting,35-44,2024-04-07 06:00:00,490,9,5.84,Awareness,0,0.0,4,Apr
1169,Organic Search,Desktop,North,Lead Gen,45-54,2024-04-07 08:00:00,81,1,4.44,Converted,1,249.0,4,Apr
1170,Organic Search,Desktop,North,Brand Awareness,35-44,2024-04-07 10:00:00,764,7,14.22,Converted,1,149.0,4,Apr
1171,Social Media,Desktop,South,Product Launch,25-34,2024-04-07 12:00:00,843,6,5.11,Product View,0,0.0,4,Apr
1172,Direct,Mobile,West,Retargeting,25-34,2024-04-07 14:00:00,298,7,1.42,Product View,0,0.0,4,Apr
1173,Social Media,Desktop,North,Lead Gen,25-34,2024-04-07 16:00:00,125,9,2.93,Awareness,0,0.0,4,Apr
1174,Organic Search,Mobile,North,Lead Gen,25-34,2024-04-07 18:00:00,302,10,12.93,Awareness,0,0.0,4,Apr
1175,Social Media,Mobile,South,Product Launch,25-34,2024-04-07 20:00:00,352,4,9.01,Awareness,0,0.0,4,Apr
1176,Social Media,Mobile,East,Retargeting,35-44,2024-04-07 22:00:00,602,12,11.79,Product View,0,0.0,4,Apr
1177,Email,Mobile,West,Brand Awareness,55+,2024-04-08 00:00:00,862,9,12.23,Awareness,0,0.0,4,Apr
1178,Organic Search,Desktop,East,Product Launch,25-34,2024-04-08 02:00:00,722,3,12.44,Converted,1,49.0,4,Apr
1179,Email,Desktop,East,Lead Gen,25-34,2024-04-08 04:00:00,162,10,8.48,Converted,1,99.0,4,Apr
1180,Social Media,Desktop,South,Lead Gen,45-54,2024-04-08 06:00:00,118,11,3.07,Bounced,0,0.0,4,Apr
1181,Direct,Mobile,South,Lead Gen,35-44,2024-04-08 08:00:00,714,11,2.65,Converted,1,249.0,4,Apr
1182,Paid Search,Desktop,West,Product Launch,55+,2024-04-08 10:00:00,853,9,8.82,Product View,0,0.0,4,Apr
1183,Social Media,Desktop,East,Seasonal Offer,25-34,2024-04-08 12:00:00,34,13,5.81,Product View,0,0.0,4,Apr
1184,Referral,Tablet,North,Seasonal Offer,18-24,2024-04-08 14:00:00,386,1,8.59,Product View,0,0.0,4,Apr
1185,Organic Search,Desktop,East,Seasonal Offer,35-44,2024-04-08 16:00:00,372,14,7.73,Checkout,0,0.0,4,Apr
1186,Referral,Mobile,South,Retargeting,35-44,2024-04-08 18:00:00,233,5,9.23,Bounced,0,0.0,4,Apr
1187,Social Media,Mobile,North,Product Launch,25-34,2024-04-08 20:00:00,703,10,0.97,Product View,0,0.0,4,Apr
1188,Organic Search,Desktop,North,Lead Gen,35-44,2024-04-08 22:00:00,602,5,0.98,Awareness,0,0.0,4,Apr
1189,Paid Search,Desktop,South,Retargeting,25-34,2024-04-09 00:00:00,500,1,10.96,Bounced,0,0.0,4,Apr
1190,Social Media,Desktop,North,Seasonal Offer,25-34,2024-04-09 02:00:00,493,1,3.3,Bounced,0,0.0,4,Apr
1191,Organic Search,Mobile,East,Brand Awareness,35-44,2024-04-09 04:00:00,526,3,9.96,Awareness,0,0.0,4,Apr
1192,Social Media,Mobile,South,Retargeting,25-34,2024-04-09 06:00:00,731,9,8.43,Awareness,0,0.0,4,Apr
1193,Paid Search,Mobile,West,Retargeting,35-44,2024-04-09 08:00:00,866,7,14.74,Product View,0,0.0,4,Apr
1194,Social Media,Tablet,South,Product Launch,25-34,2024-04-09 10:00:00,92,6,12.61,Bounced,0,0.0,4,Apr
1195,Organic Search,Mobile,West,Retargeting,25-34,2024-04-09 12:00:00,585,9,6.49,Converted,1,99.0,4,Apr
1196,Referral,Desktop,West,Product Launch,25-34,2024-04-09 14:00:00,268,4,9.44,Bounced,0,0.0,4,Apr
1197,Direct,Desktop,South,Brand Awareness,25-34,2024-04-09 16:00:00,569,4,2.2,Product View,0,0.0,4,Apr
1198,Direct,Mobile,South,Lead Gen,18-24,2024-04-09 18:00:00,227,3,6.1,Bounced,0,0.0,4,Apr
1199,Email,Desktop,West,Lead Gen,35-44,2024-04-09 20:00:00,810,5,11.14,Converted,1,99.0,4,Apr
1200,Organic Search,Desktop,West,Seasonal Offer,45-54,2024-04-09 22:00:00,712,5,9.53,Bounced,0,0.0,4,Apr
1201,Email,Mobile,North,Seasonal Offer,25-34,2024-04-10 00:00:00,59,12,7.52,Converted,1,249.0,4,Apr
1202,Organic Search,Desktop,South,Brand Awareness,18-24,2024-04-10 02:00:00,695,14,3.06,Bounced,0,0.0,4,Apr
1203,Organic Search,Tablet,South,Lead Gen,55+,2024-04-10 04:00:00,238,10,12.15,Product View,0,0.0,4,Apr
1204,Paid Search,Mobile,North,Seasonal Offer,25-34,2024-04-10 06:00:00,92,7,4.46,Bounced,0,0.0,4,Apr
1205,Paid Search,Desktop,South,Retargeting,18-24,2024-04-10 08:00:00,870,7,12.4,Awareness,0,0.0,4,Apr
1206,Email,Tablet,North,Product Launch,25-34,2024-04-10 10:00:00,86,6,9.37,Converted,1,49.0,4,Apr
1207,Social Media,Desktop,North,Seasonal Offer,35-44,2024-04-10 12:00:00,861,4,5.9,Awareness,0,0.0,4,Apr
1208,Paid Search,Desktop,South,Brand Awareness,25-34,2024-04-10 14:00:00,749,7,1.09,Checkout,0,0.0,4,Apr
1209,Organic Search,Desktop,East,Lead Gen,35-44,2024-04-10 16:00:00,462,14,3.87,Awareness,0,0.0,4,Apr
1210,Direct,Desktop,West,Brand Awareness,25-34,2024-04-10 18:00:00,337,2,13.39,Awareness,0,0.0,4,Apr
1211,Paid Search,Desktop,South,Product Launch,18-24,2024-04-10 20:00:00,604,13,12.36,Converted,1,99.0,4,Apr
1212,Paid Search,Desktop,East,Product Launch,25-34,2024-04-10 22:00:00,789,12,8.84,Awareness,0,0.0,4,Apr
1213,Organic Search,Desktop,North,Brand Awareness,35-44,2024-04-11 00:00:00,495,9,7.26,Awareness,0,0.0,4,Apr
1214,Email,Desktop,East,Seasonal Offer,35-44,2024-04-11 02:00:00,682,7,9.88,Converted,1,149.0,4,Apr
1215,Social Media,Mobile,South,Seasonal Offer,18-24,2024-04-11 04:00:00,634,2,7.26,Bounced,0,0.0,4,Apr
1216,Organic Search,Mobile,South,Lead Gen,25-34,2024-04-11 06:00:00,136,10,9.84,Product View,0,0.0,4,Apr
1217,Organic Search,Desktop,East,Lead Gen,35-44,2024-04-11 08:00:00,629,2,4.96,Converted,1,149.0,4,Apr
1218,Social Media,Desktop,South,Retargeting,45-54,2024-04-11 10:00:00,330,13,12.66,Checkout,0,0.0,4,Apr
1219,Social Media,Desktop,West,Retargeting,25-34,2024-04-11 12:00:00,649,6,10.68,Awareness,0,0.0,4,Apr
1220,Organic Search,Desktop,East,Lead Gen,35-44,2024-04-11 14:00:00,75,11,5.28,Checkout,0,0.0,4,Apr
1221,Direct,Mobile,North,Retargeting,25-34,2024-04-11 16:00:00,106,7,12.54,Converted,1,49.0,4,Apr
1222,Organic Search,Mobile,East,Brand Awareness,25-34,2024-04-11 18:00:00,758,9,7.57,Converted,1,99.0,4,Apr
1223,Paid Search,Desktop,East,Seasonal Offer,18-24,2024-04-11 20:00:00,198,4,3.03,Awareness,0,0.0,4,Apr
1224,Referral,Desktop,East,Retargeting,45-54,2024-04-11 22:00:00,843,8,1.63,Product View,0,0.0,4,Apr
1225,Paid Search,Desktop,East,Retargeting,25-34,2024-04-12 00:00:00,158,14,10.64,Converted,1,149.0,4,Apr
1226,Social Media,Mobile,North,Brand Awareness,45-54,2024-04-12 02:00:00,742,10,13.04,Bounced,0,0.0,4,Apr
1227,Paid Search,Desktop,North,Product Launch,35-44,2024-04-12 04:00:00,737,13,12.21,Bounced,0,0.0,4,Apr
1228,Organic Search,Tablet,North,Lead Gen,45-54,2024-04-12 06:00:00,889,2,10.01,Bounced,0,0.0,4,Apr
1229,Direct,Mobile,East,Brand Awareness,25-34,2024-04-12 08:00:00,297,6,2.55,Bounced,0,0.0,4,Apr
1230,Paid Search,Desktop,West,Product Launch,25-34,2024-04-12 10:00:00,629,4,1.86,Bounced,0,0.0,4,Apr
1231,Referral,Mobile,West,Brand Awareness,55+,2024-04-12 12:00:00,794,8,5.5,Converted,1,149.0,4,Apr
1232,Organic Search,Tablet,North,Seasonal Offer,35-44,2024-04-12 14:00:00,779,9,12.9,Converted,1,149.0,4,Apr
1233,Organic Search,Mobile,West,Brand Awareness,45-54,2024-04-12 16:00:00,614,2,14.45,Product View,0,0.0,4,Apr
1234,Organic Search,Desktop,West,Brand Awareness,18-24,2024-04-12 18:00:00,448,7,4.0,Awareness,0,0.0,4,Apr
1235,Social Media,Desktop,West,Seasonal Offer,25-34,2024-04-12 20:00:00,899,7,11.55,Bounced,0,0.0,4,Apr
1236,Paid Search,Mobile,West,Lead Gen,35-44,2024-04-12 22:00:00,896,8,8.82,Checkout,0,0.0,4,Apr
1237,Referral,Mobile,West,Product Launch,18-24,2024-04-13 00:00:00,190,13,0.96,Product View,0,0.0,4,Apr
1238,Paid Search,Mobile,South,Retargeting,35-44,2024-04-13 02:00:00,87,5,8.37,Awareness,0,0.0,4,Apr
1239,Direct,Mobile,North,Lead Gen,25-34,2024-04-13 04:00:00,413,11,12.19,Product View,0,0.0,4,Apr
1240,Organic Search,Mobile,East,Brand Awareness,18-24,2024-04-13 06:00:00,832,13,4.5,Product View,0,0.0,4,Apr
1241,Referral,Tablet,West,Retargeting,25-34,2024-04-13 08:00:00,539,3,13.51,Converted,1,49.0,4,Apr
1242,Email,Desktop,South,Seasonal Offer,25-34,2024-04-13 10:00:00,459,1,3.93,Bounced,0,0.0,4,Apr
1243,Email,Mobile,East,Lead Gen,18-24,2024-04-13 12:00:00,369,4,1.61,Checkout,0,0.0,4,Apr
1244,Email,Mobile,South,Product Launch,35-44,2024-04-13 14:00:00,607,3,2.82,Product View,0,0.0,4,Apr
1245,Email,Mobile,West,Lead Gen,25-34,2024-04-13 16:00:00,55,2,12.64,Converted,1,249.0,4,Apr
1246,Social Media,Mobile,West,Lead Gen,25-34,2024-04-13 18:00:00,839,6,6.55,Awareness,0,0.0,4,Apr
1247,Organic Search,Desktop,West,Retargeting,45-54,2024-04-13 20:00:00,618,7,12.06,Checkout,0,0.0,4,Apr
1248,Organic Search,Mobile,West,Seasonal Offer,25-34,2024-04-13 22:00:00,827,10,8.2,Converted,1,99.0,4,Apr
1249,Referral,Mobile,East,Seasonal Offer,25-34,2024-04-14 00:00:00,401,7,7.47,Checkout,0,0.0,4,Apr
1250,Social Media,Desktop,East,Lead Gen,35-44,2024-04-14 02:00:00,65,12,12.2,Converted,1,499.0,4,Apr
1251,Email,Desktop,South,Seasonal Offer,55+,2024-04-14 04:00:00,560,8,6.64,Product View,0,0.0,4,Apr
1252,Paid Search,Desktop,North,Retargeting,18-24,2024-04-14 06:00:00,819,13,12.13,Product View,0,0.0,4,Apr
1253,Organic Search,Desktop,West,Retargeting,25-34,2024-04-14 08:00:00,862,14,1.96,Bounced,0,0.0,4,Apr
1254,Organic Search,Desktop,South,Product Launch,35-44,2024-04-14 10:00:00,854,2,9.73,Converted,1,49.0,4,Apr
1255,Social Media,Desktop,South,Seasonal Offer,25-34,2024-04-14 12:00:00,296,14,10.69,Converted,1,99.0,4,Apr
1256,Paid Search,Mobile,South,Product Launch,45-54,2024-04-14 14:00:00,823,11,13.54,Bounced,0,0.0,4,Apr
1257,Organic Search,Mobile,West,Brand Awareness,55+,2024-04-14 16:00:00,461,12,3.75,Converted,1,49.0,4,Apr
1258,Paid Search,Mobile,West,Retargeting,55+,2024-04-14 18:00:00,48,10,9.26,Converted,1,99.0,4,Apr
1259,Organic Search,Mobile,South,Lead Gen,25-34,2024-04-14 20:00:00,368,13,6.78,Converted,1,49.0,4,Apr
1260,Social Media,Desktop,West,Retargeting,25-34,2024-04-14 22:00:00,169,6,6.05,Bounced,0,0.0,4,Apr
1261,Organic Search,Desktop,South,Brand Awareness,55+,2024-04-15 00:00:00,96,13,2.05,Bounced,0,0.0,4,Apr
1262,Email,Mobile,East,Lead Gen,25-34,2024-04-15 02:00:00,853,6,2.45,Checkout,0,0.0,4,Apr
1263,Paid Search,Desktop,West,Seasonal Offer,25-34,2024-04-15 04:00:00,559,10,12.64,Awareness,0,0.0,4,Apr
1264,Paid Search,Tablet,East,Seasonal Offer,35-44,2024-04-15 06:00:00,398,12,11.37,Awareness,0,0.0,4,Apr
1265,Organic Search,Mobile,North,Retargeting,25-34,2024-04-15 08:00:00,290,1,6.04,Bounced,0,0.0,4,Apr
1266,Organic Search,Mobile,West,Lead Gen,25-34,2024-04-15 10:00:00,653,2,12.51,Converted,1,149.0,4,Apr
1267,Paid Search,Tablet,North,Lead Gen,45-54,2024-04-15 12:00:00,656,13,1.67,Bounced,0,0.0,4,Apr
1268,Paid Search,Desktop,South,Product Launch,25-34,2024-04-15 14:00:00,707,9,9.56,Converted,1,249.0,4,Apr
1269,Social Media,Desktop,West,Brand Awareness,18-24,2024-04-15 16:00:00,608,8,13.09,Awareness,0,0.0,4,Apr
1270,Organic Search,Mobile,West,Seasonal Offer,25-34,2024-04-15 18:00:00,796,12,12.66,Converted,1,49.0,4,Apr
1271,Social Media,Desktop,West,Retargeting,35-44,2024-04-15 20:00:00,611,13,5.91,Bounced,0,0.0,4,Apr
1272,Referral,Tablet,North,Lead Gen,18-24,2024-04-15 22:00:00,849,4,11.31,Awareness,0,0.0,4,Apr
1273,Email,Desktop,North,Seasonal Offer,25-34,2024-04-16 00:00:00,232,6,6.7,Product View,0,0.0,4,Apr
1274,Organic Search,Mobile,South,Retargeting,35-44,2024-04-16 02:00:00,668,2,12.68,Awareness,0,0.0,4,Apr
1275,Paid Search,Mobile,East,Seasonal Offer,45-54,2024-04-16 04:00:00,439,12,8.2,Awareness,0,0.0,4,Apr
1276,Organic Search,Mobile,East,Retargeting,25-34,2024-04-16 06:00:00,862,5,11.59,Bounced,0,0.0,4,Apr
1277,Organic Search,Desktop,North,Seasonal Offer,45-54,2024-04-16 08:00:00,109,2,1.64,Checkout,0,0.0,4,Apr
1278,Direct,Desktop,West,Product Launch,25-34,2024-04-16 10:00:00,717,13,9.06,Checkout,0,0.0,4,Apr
1279,Organic Search,Mobile,East,Brand Awareness,35-44,2024-04-16 12:00:00,142,5,8.48,Converted,1,49.0,4,Apr
1280,Paid Search,Desktop,East,Seasonal Offer,25-34,2024-04-16 14:00:00,652,7,9.34,Product View,0,0.0,4,Apr
1281,Social Media,Mobile,North,Brand Awareness,18-24,2024-04-16 16:00:00,850,7,10.59,Bounced,0,0.0,4,Apr
1282,Social Media,Mobile,South,Seasonal Offer,35-44,2024-04-16 18:00:00,166,9,13.81,Bounced,0,0.0,4,Apr
1283,Social Media,Mobile,North,Lead Gen,25-34,2024-04-16 20:00:00,674,3,11.89,Bounced,0,0.0,4,Apr
1284,Organic Search,Mobile,North,Product Launch,25-34,2024-04-16 22:00:00,869,12,3.68,Checkout,0,0.0,4,Apr
1285,Paid Search,Desktop,West,Product Launch,25-34,2024-04-17 00:00:00,218,4,12.48,Awareness,0,0.0,4,Apr
1286,Paid Search,Mobile,North,Brand Awareness,35-44,2024-04-17 02:00:00,306,9,2.27,Product View,0,0.0,4,Apr
1287,Organic Search,Mobile,West,Lead Gen,25-34,2024-04-17 04:00:00,766,14,9.52,Bounced,0,0.0,4,Apr
1288,Paid Search,Desktop,South,Retargeting,25-34,2024-04-17 06:00:00,132,8,13.3,Product View,0,0.0,4,Apr
1289,Organic Search,Tablet,West,Product Launch,18-24,2024-04-17 08:00:00,136,12,1.97,Awareness,0,0.0,4,Apr
1290,Organic Search,Desktop,South,Lead Gen,25-34,2024-04-17 10:00:00,604,7,12.82,Bounced,0,0.0,4,Apr
1291,Paid Search,Desktop,South,Lead Gen,25-34,2024-04-17 12:00:00,786,8,12.08,Bounced,0,0.0,4,Apr
1292,Organic Search,Desktop,South,Brand Awareness,25-34,2024-04-17 14:00:00,202,9,7.8,Product View,0,0.0,4,Apr
1293,Social Media,Tablet,North,Lead Gen,18-24,2024-04-17 16:00:00,874,12,4.98,Product View,0,0.0,4,Apr
1294,Social Media,Desktop,West,Lead Gen,25-34,2024-04-17 18:00:00,360,4,6.38,Awareness,0,0.0,4,Apr
1295,Email,Mobile,East,Retargeting,45-54,2024-04-17 20:00:00,751,5,14.55,Checkout,0,0.0,4,Apr
1296,Organic Search,Mobile,North,Brand Awareness,35-44,2024-04-17 22:00:00,220,9,3.42,Awareness,0,0.0,4,Apr
1297,Organic Search,Desktop,South,Brand Awareness,45-54,2024-04-18 00:00:00,699,7,8.9,Bounced,0,0.0,4,Apr
1298,Organic Search,Desktop,East,Lead Gen,18-24,2024-04-18 02:00:00,860,14,1.71,Converted,1,249.0,4,Apr
1299,Social Media,Mobile,North,Retargeting,55+,2024-04-18 04:00:00,254,4,3.66,Awareness,0,0.0,4,Apr
1300,Social Media,Desktop,East,Seasonal Offer,25-34,2024-04-18 06:00:00,713,6,11.57,Bounced,0,0.0,4,Apr
1301,Organic Search,Mobile,South,Product Launch,55+,2024-04-18 08:00:00,352,11,4.89,Converted,1,99.0,4,Apr
1302,Referral,Desktop,East,Brand Awareness,25-34,2024-04-18 10:00:00,537,1,14.79,Product View,0,0.0,4,Apr
1303,Organic Search,Desktop,East,Retargeting,25-34,2024-04-18 12:00:00,577,1,7.76,Bounced,0,0.0,4,Apr
1304,Social Media,Mobile,South,Retargeting,25-34,2024-04-18 14:00:00,163,9,7.99,Bounced,0,0.0,4,Apr
1305,Social Media,Desktop,East,Lead Gen,25-34,2024-04-18 16:00:00,66,8,1.03,Awareness,0,0.0,4,Apr
1306,Referral,Desktop,North,Product Launch,45-54,2024-04-18 18:00:00,122,13,14.37,Converted,1,99.0,4,Apr
1307,Social Media,Desktop,East,Brand Awareness,35-44,2024-04-18 20:00:00,104,1,3.03,Checkout,0,0.0,4,Apr
1308,Email,Desktop,West,Seasonal Offer,55+,2024-04-18 22:00:00,785,13,8.31,Product View,0,0.0,4,Apr
1309,Paid Search,Mobile,North,Lead Gen,35-44,2024-04-19 00:00:00,212,11,6.24,Converted,1,49.0,4,Apr
1310,Email,Mobile,East,Brand Awareness,25-34,2024-04-19 02:00:00,746,2,6.53,Converted,1,99.0,4,Apr
1311,Organic Search,Desktop,West,Brand Awareness,18-24,2024-04-19 04:00:00,488,13,9.83,Bounced,0,0.0,4,Apr
1312,Referral,Mobile,West,Retargeting,55+,2024-04-19 06:00:00,728,4,10.1,Bounced,0,0.0,4,Apr
1313,Social Media,Mobile,West,Product Launch,35-44,2024-04-19 08:00:00,707,1,2.74,Bounced,0,0.0,4,Apr
1314,Email,Desktop,East,Seasonal Offer,35-44,2024-04-19 10:00:00,656,2,7.74,Converted,1,49.0,4,Apr
1315,Paid Search,Desktop,South,Product Launch,25-34,2024-04-19 12:00:00,438,5,11.96,Checkout,0,0.0,4,Apr
1316,Social Media,Tablet,West,Retargeting,35-44,2024-04-19 14:00:00,236,8,6.93,Bounced,0,0.0,4,Apr
1317,Social Media,Mobile,South,Seasonal Offer,55+,2024-04-19 16:00:00,274,6,2.9,Bounced,0,0.0,4,Apr
1318,Email,Mobile,North,Seasonal Offer,25-34,2024-04-19 18:00:00,362,6,5.04,Bounced,0,0.0,4,Apr
1319,Organic Search,Mobile,South,Lead Gen,25-34,2024-04-19 20:00:00,702,4,3.58,Bounced,0,0.0,4,Apr
1320,Organic Search,Desktop,South,Seasonal Offer,25-34,2024-04-19 22:00:00,554,2,2.32,Bounced,0,0.0,4,Apr
1321,Organic Search,Mobile,South,Brand Awareness,45-54,2024-04-20 00:00:00,323,3,5.97,Product View,0,0.0,4,Apr
1322,Organic Search,Mobile,South,Product Launch,18-24,2024-04-20 02:00:00,777,13,8.34,Checkout,0,0.0,4,Apr
1323,Referral,Mobile,South,Product Launch,18-24,2024-04-20 04:00:00,302,6,1.55,Product View,0,0.0,4,Apr
1324,Organic Search,Desktop,North,Lead Gen,25-34,2024-04-20 06:00:00,408,6,9.26,Awareness,0,0.0,4,Apr
1325,Direct,Desktop,North,Seasonal Offer,35-44,2024-04-20 08:00:00,655,5,14.9,Checkout,0,0.0,4,Apr
1326,Paid Search,Desktop,South,Retargeting,25-34,2024-04-20 10:00:00,693,6,14.48,Bounced,0,0.0,4,Apr
1327,Organic Search,Tablet,South,Brand Awareness,18-24,2024-04-20 12:00:00,55,11,12.52,Converted,1,149.0,4,Apr
1328,Email,Desktop,West,Lead Gen,55+,2024-04-20 14:00:00,709,6,4.36,Awareness,0,0.0,4,Apr
1329,Social Media,Desktop,North,Seasonal Offer,55+,2024-04-20 16:00:00,573,13,0.82,Converted,1,99.0,4,Apr
1330,Paid Search,Desktop,East,Retargeting,25-34,2024-04-20 18:00:00,762,1,12.59,Product View,0,0.0,4,Apr
1331,Social Media,Desktop,North,Seasonal Offer,35-44,2024-04-20 20:00:00,747,6,1.31,Bounced,0,0.0,4,Apr
1332,Social Media,Mobile,East,Lead Gen,35-44,2024-04-20 22:00:00,883,5,3.48,Converted,1,149.0,4,Apr
1333,Organic Search,Mobile,West,Retargeting,25-34,2024-04-21 00:00:00,639,8,8.39,Product View,0,0.0,4,Apr
1334,Direct,Mobile,South,Retargeting,25-34,2024-04-21 02:00:00,120,9,3.09,Converted,1,99.0,4,Apr
1335,Direct,Desktop,West,Retargeting,25-34,2024-04-21 04:00:00,505,14,12.59,Bounced,0,0.0,4,Apr
1336,Social Media,Mobile,South,Retargeting,25-34,2024-04-21 06:00:00,755,6,11.77,Bounced,0,0.0,4,Apr
1337,Organic Search,Desktop,North,Seasonal Offer,25-34,2024-04-21 08:00:00,217,13,11.46,Bounced,0,0.0,4,Apr
1338,Social Media,Desktop,South,Retargeting,45-54,2024-04-21 10:00:00,598,12,12.33,Bounced,0,0.0,4,Apr
1339,Organic Search,Desktop,East,Seasonal Offer,25-34,2024-04-21 12:00:00,648,12,3.69,Bounced,0,0.0,4,Apr
1340,Organic Search,Desktop,East,Retargeting,35-44,2024-04-21 14:00:00,224,10,11.07,Converted,1,99.0,4,Apr
1341,Organic Search,Desktop,West,Retargeting,25-34,2024-04-21 16:00:00,563,4,5.65,Checkout,0,0.0,4,Apr
1342,Paid Search,Mobile,North,Lead Gen,35-44,2024-04-21 18:00:00,727,3,10.17,Product View,0,0.0,4,Apr
1343,Referral,Mobile,East,Seasonal Offer,25-34,2024-04-21 20:00:00,114,10,2.27,Product View,0,0.0,4,Apr
1344,Email,Mobile,West,Seasonal Offer,35-44,2024-04-21 22:00:00,621,12,10.73,Awareness,0,0.0,4,Apr
1345,Email,Desktop,North,Product Launch,45-54,2024-04-22 00:00:00,870,1,14.6,Converted,1,49.0,4,Apr
1346,Paid Search,Desktop,North,Lead Gen,45-54,2024-04-22 02:00:00,106,7,1.13,Converted,1,249.0,4,Apr
1347,Paid Search,Desktop,West,Seasonal Offer,25-34,2024-04-22 04:00:00,359,5,1.86,Product View,0,0.0,4,Apr
1348,Paid Search,Tablet,East,Lead Gen,35-44,2024-04-22 06:00:00,412,4,2.29,Converted,1,99.0,4,Apr
1349,Direct,Mobile,East,Lead Gen,55+,2024-04-22 08:00:00,462,9,6.74,Awareness,0,0.0,4,Apr
1350,Organic Search,Mobile,West,Lead Gen,35-44,2024-04-22 10:00:00,406,7,4.72,Awareness,0,0.0,4,Apr
1351,Referral,Desktop,East,Brand Awareness,18-24,2024-04-22 12:00:00,370,10,12.2,Awareness,0,0.0,4,Apr
1352,Social Media,Mobile,West,Seasonal Offer,35-44,2024-04-22 14:00:00,206,13,7.37,Converted,1,49.0,4,Apr
1353,Paid Search,Desktop,East,Lead Gen,18-24,2024-04-22 16:00:00,455,8,7.53,Bounced,0,0.0,4,Apr
1354,Email,Mobile,East,Brand Awareness,45-54,2024-04-22 18:00:00,453,4,10.9,Converted,1,49.0,4,Apr
1355,Paid Search,Tablet,West,Brand Awareness,35-44,2024-04-22 20:00:00,203,10,5.75,Product View,0,0.0,4,Apr
1356,Referral,Tablet,West,Retargeting,25-34,2024-04-22 22:00:00,435,12,5.62,Awareness,0,0.0,4,Apr
1357,Referral,Mobile,East,Retargeting,18-24,2024-04-23 00:00:00,111,10,11.48,Converted,1,49.0,4,Apr
1358,Paid Search,Desktop,West,Seasonal Offer,25-34,2024-04-23 02:00:00,50,8,11.81,Converted,1,49.0,4,Apr
1359,Organic Search,Tablet,East,Retargeting,55+,2024-04-23 04:00:00,720,4,0.71,Converted,1,99.0,4,Apr
1360,Social Media,Mobile,South,Seasonal Offer,18-24,2024-04-23 06:00:00,427,1,2.58,Awareness,0,0.0,4,Apr
1361,Referral,Desktop,North,Brand Awareness,25-34,2024-04-23 08:00:00,359,11,3.59,Bounced,0,0.0,4,Apr
1362,Organic Search,Desktop,North,Brand Awareness,55+,2024-04-23 10:00:00,254,8,5.6,Awareness,0,0.0,4,Apr
1363,Social Media,Desktop,East,Seasonal Offer,25-34,2024-04-23 12:00:00,806,1,4.73,Bounced,0,0.0,4,Apr
1364,Social Media,Desktop,North,Retargeting,25-34,2024-04-23 14:00:00,431,13,10.19,Product View,0,0.0,4,Apr
1365,Email,Desktop,East,Retargeting,35-44,2024-04-23 16:00:00,810,12,12.51,Converted,1,99.0,4,Apr
1366,Organic Search,Mobile,West,Seasonal Offer,25-34,2024-04-23 18:00:00,792,3,3.29,Converted,1,499.0,4,Apr
1367,Social Media,Desktop,South,Product Launch,25-34,2024-04-23 20:00:00,814,7,8.66,Bounced,0,0.0,4,Apr
1368,Referral,Desktop,North,Retargeting,18-24,2024-04-23 22:00:00,884,3,5.83,Converted,1,49.0,4,Apr
1369,Organic Search,Mobile,North,Lead Gen,35-44,2024-04-24 00:00:00,467,13,7.83,Bounced,0,0.0,4,Apr
1370,Organic Search,Mobile,West,Retargeting,55+,2024-04-24 02:00:00,301,8,9.5,Converted,1,149.0,4,Apr
1371,Direct,Mobile,South,Product Launch,18-24,2024-04-24 04:00:00,309,5,13.46,Awareness,0,0.0,4,Apr
1372,Organic Search,Desktop,South,Brand Awareness,25-34,2024-04-24 06:00:00,252,3,3.29,Bounced,0,0.0,4,Apr
1373,Referral,Tablet,South,Brand Awareness,25-34,2024-04-24 08:00:00,616,5,1.76,Checkout,0,0.0,4,Apr
1374,Paid Search,Tablet,West,Brand Awareness,45-54,2024-04-24 10:00:00,692,5,9.59,Bounced,0,0.0,4,Apr
1375,Organic Search,Desktop,North,Retargeting,25-34,2024-04-24 12:00:00,538,8,6.21,Checkout,0,0.0,4,Apr
1376,Referral,Desktop,North,Brand Awareness,45-54,2024-04-24 14:00:00,371,12,2.86,Checkout,0,0.0,4,Apr
1377,Paid Search,Mobile,South,Product Launch,18-24,2024-04-24 16:00:00,646,9,2.2,Checkout,0,0.0,4,Apr
1378,Paid Search,Mobile,West,Product Launch,55+,2024-04-24 18:00:00,71,6,8.6,Bounced,0,0.0,4,Apr
1379,Paid Search,Tablet,West,Retargeting,35-44,2024-04-24 20:00:00,205,10,4.86,Checkout,0,0.0,4,Apr
1380,Social Media,Mobile,West,Lead Gen,35-44,2024-04-24 22:00:00,274,3,14.96,Product View,0,0.0,4,Apr
1381,Organic Search,Mobile,South,Retargeting,25-34,2024-04-25 00:00:00,282,2,6.39,Bounced,0,0.0,4,Apr
1382,Paid Search,Mobile,West,Brand Awareness,45-54,2024-04-25 02:00:00,303,11,3.58,Product View,0,0.0,4,Apr
1383,Direct,Desktop,South,Retargeting,25-34,2024-04-25 04:00:00,363,3,9.62,Checkout,0,0.0,4,Apr
1384,Organic Search,Desktop,South,Product Launch,18-24,2024-04-25 06:00:00,633,9,4.04,Bounced,0,0.0,4,Apr
1385,Social Media,Desktop,South,Retargeting,25-34,2024-04-25 08:00:00,40,7,7.66,Product View,0,0.0,4,Apr
1386,Paid Search,Mobile,East,Retargeting,45-54,2024-04-25 10:00:00,181,11,7.5,Product View,0,0.0,4,Apr
1387,Email,Mobile,South,Lead Gen,45-54,2024-04-25 12:00:00,218,11,7.08,Bounced,0,0.0,4,Apr
1388,Organic Search,Mobile,West,Product Launch,35-44,2024-04-25 14:00:00,705,9,12.04,Checkout,0,0.0,4,Apr
1389,Direct,Desktop,East,Seasonal Offer,35-44,2024-04-25 16:00:00,667,13,3.64,Converted,1,99.0,4,Apr
1390,Paid Search,Mobile,North,Seasonal Offer,18-24,2024-04-25 18:00:00,240,6,13.61,Product View,0,0.0,4,Apr
1391,Organic Search,Desktop,North,Product Launch,45-54,2024-04-25 20:00:00,126,8,11.97,Awareness,0,0.0,4,Apr
1392,Organic Search,Desktop,West,Seasonal Offer,45-54,2024-04-25 22:00:00,850,10,5.33,Converted,1,49.0,4,Apr
1393,Organic Search,Mobile,West,Brand Awareness,35-44,2024-04-26 00:00:00,368,11,3.12,Checkout,0,0.0,4,Apr
1394,Paid Search,Mobile,West,Seasonal Offer,25-34,2024-04-26 02:00:00,76,9,4.55,Product View,0,0.0,4,Apr
1395,Paid Search,Tablet,West,Brand Awareness,55+,2024-04-26 04:00:00,849,3,5.32,Checkout,0,0.0,4,Apr
1396,Email,Desktop,East,Product Launch,45-54,2024-04-26 06:00:00,765,7,8.58,Awareness,0,0.0,4,Apr
1397,Paid Search,Desktop,West,Seasonal Offer,35-44,2024-04-26 08:00:00,86,9,1.17,Checkout,0,0.0,4,Apr
1398,Organic Search,Desktop,South,Seasonal Offer,25-34,2024-04-26 10:00:00,104,2,13.76,Awareness,0,0.0,4,Apr
1399,Social Media,Desktop,North,Brand Awareness,35-44,2024-04-26 12:00:00,283,12,1.93,Awareness,0,0.0,4,Apr
1400,Social Media,Mobile,West,Brand Awareness,35-44,2024-04-26 14:00:00,692,7,4.55,Checkout,0,0.0,4,Apr
1401,Organic Search,Mobile,South,Retargeting,25-34,2024-04-26 16:00:00,600,5,2.08,Checkout,0,0.0,4,Apr
1402,Organic Search,Mobile,West,Lead Gen,25-34,2024-04-26 18:00:00,866,8,4.22,Converted,1,499.0,4,Apr
1403,Organic Search,Desktop,South,Seasonal Offer,25-34,2024-04-26 20:00:00,627,4,12.65,Converted,1,249.0,4,Apr
1404,Email,Mobile,East,Lead Gen,35-44,2024-04-26 22:00:00,199,1,9.42,Product View,0,0.0,4,Apr
1405,Social Media,Desktop,North,Lead Gen,25-34,2024-04-27 00:00:00,175,11,3.8,Bounced,0,0.0,4,Apr
1406,Paid Search,Mobile,North,Seasonal Offer,25-34,2024-04-27 02:00:00,868,13,13.14,Converted,1,149.0,4,Apr
1407,Email,Desktop,East,Brand Awareness,45-54,2024-04-27 04:00:00,62,10,12.11,Product View,0,0.0,4,Apr
1408,Email,Desktop,South,Retargeting,35-44,2024-04-27 06:00:00,544,8,11.43,Bounced,0,0.0,4,Apr
1409,Social Media,Mobile,West,Product Launch,18-24,2024-04-27 08:00:00,825,6,12.79,Converted,1,149.0,4,Apr
1410,Referral,Tablet,South,Seasonal Offer,25-34,2024-04-27 10:00:00,286,13,9.48,Product View,0,0.0,4,Apr
1411,Organic Search,Desktop,North,Seasonal Offer,45-54,2024-04-27 12:00:00,155,8,7.77,Bounced,0,0.0,4,Apr
1412,Organic Search,Desktop,East,Product Launch,45-54,2024-04-27 14:00:00,142,3,5.92,Converted,1,499.0,4,Apr
1413,Organic Search,Mobile,East,Lead Gen,25-34,2024-04-27 16:00:00,844,8,3.74,Bounced,0,0.0,4,Apr
1414,Organic Search,Desktop,South,Retargeting,55+,2024-04-27 18:00:00,834,8,8.58,Bounced,0,0.0,4,Apr
1415,Social Media,Desktop,South,Lead Gen,18-24,2024-04-27 20:00:00,371,12,13.4,Converted,1,149.0,4,Apr
1416,Referral,Desktop,East,Product Launch,55+,2024-04-27 22:00:00,77,1,9.11,Bounced,0,0.0,4,Apr
1417,Organic Search,Desktop,North,Product Launch,25-34,2024-04-28 00:00:00,393,4,13.83,Checkout,0,0.0,4,Apr
1418,Organic Search,Tablet,West,Retargeting,18-24,2024-04-28 02:00:00,816,7,5.68,Converted,1,49.0,4,Apr
1419,Paid Search,Mobile,West,Product Launch,25-34,2024-04-28 04:00:00,427,13,10.58,Product View,0,0.0,4,Apr
1420,Referral,Mobile,South,Product Launch,25-34,2024-04-28 06:00:00,224,14,9.91,Converted,1,49.0,4,Apr
1421,Paid Search,Tablet,East,Retargeting,35-44,2024-04-28 08:00:00,880,11,10.22,Awareness,0,0.0,4,Apr
1422,Paid Search,Desktop,East,Seasonal Offer,45-54,2024-04-28 10:00:00,766,1,9.85,Converted,1,149.0,4,Apr
1423,Organic Search,Desktop,East,Lead Gen,45-54,2024-04-28 12:00:00,754,3,3.71,Bounced,0,0.0,4,Apr
1424,Organic Search,Desktop,North,Seasonal Offer,25-34,2024-04-28 14:00:00,350,3,2.58,Product View,0,0.0,4,Apr
1425,Direct,Desktop,South,Seasonal Offer,25-34,2024-04-28 16:00:00,823,6,14.69,Product View,0,0.0,4,Apr
1426,Direct,Desktop,South,Lead Gen,18-24,2024-04-28 18:00:00,167,5,1.16,Converted,1,149.0,4,Apr
1427,Organic Search,Tablet,South,Seasonal Offer,18-24,2024-04-28 20:00:00,384,12,7.28,Checkout,0,0.0,4,Apr
1428,Direct,Mobile,North,Retargeting,35-44,2024-04-28 22:00:00,874,11,6.66,Converted,1,149.0,4,Apr
1429,Social Media,Desktop,South,Lead Gen,18-24,2024-04-29 00:00:00,99,7,5.72,Bounced,0,0.0,4,Apr
1430,Referral,Mobile,West,Brand Awareness,35-44,2024-04-29 02:00:00,840,3,11.84,Converted,1,49.0,4,Apr
1431,Paid Search,Mobile,South,Seasonal Offer,35-44,2024-04-29 04:00:00,611,11,11.31,Awareness,0,0.0,4,Apr
1432,Paid Search,Tablet,South,Product Launch,25-34,2024-04-29 06:00:00,512,1,13.63,Checkout,0,0.0,4,Apr
1433,Paid Search,Mobile,South,Lead Gen,35-44,2024-04-29 08:00:00,749,11,6.23,Awareness,0,0.0,4,Apr
1434,Social Media,Mobile,North,Brand Awareness,25-34,2024-04-29 10:00:00,741,3,8.68,Awareness,0,0.0,4,Apr
1435,Organic Search,Mobile,West,Product Launch,25-34,2024-04-29 12:00:00,88,8,13.44,Product View,0,0.0,4,Apr
1436,Organic Search,Mobile,West,Brand Awareness,45-54,2024-04-29 14:00:00,800,5,14.91,Awareness,0,0.0,4,Apr
1437,Paid Search,Mobile,East,Seasonal Offer,25-34,2024-04-29 16:00:00,418,3,14.55,Product View,0,0.0,4,Apr
1438,Social Media,Desktop,East,Product Launch,18-24,2024-04-29 18:00:00,882,14,10.91,Bounced,0,0.0,4,Apr
1439,Organic Search,Desktop,West,Seasonal Offer,35-44,2024-04-29 20:00:00,380,8,2.58,Bounced,0,0.0,4,Apr
1440,Social Media,Mobile,South,Product Launch,25-34,2024-04-29 22:00:00,875,6,0.84,Awareness,0,0.0,4,Apr
1441,Direct,Desktop,South,Lead Gen,35-44,2024-04-30 00:00:00,898,3,12.47,Bounced,0,0.0,4,Apr
1442,Organic Search,Desktop,South,Retargeting,25-34,2024-04-30 02:00:00,368,14,12.69,Bounced,0,0.0,4,Apr
1443,Social Media,Mobile,North,Retargeting,25-34,2024-04-30 04:00:00,706,5,11.32,Awareness,0,0.0,4,Apr
1444,Paid Search,Desktop,South,Brand Awareness,45-54,2024-04-30 06:00:00,786,1,4.56,Converted,1,499.0,4,Apr
1445,Referral,Mobile,North,Product Launch,35-44,2024-04-30 08:00:00,625,6,9.78,Product View,0,0.0,4,Apr
1446,Organic Search,Mobile,West,Seasonal Offer,18-24,2024-04-30 10:00:00,465,14,5.09,Checkout,0,0.0,4,Apr
1447,Social Media,Tablet,South,Lead Gen,25-34,2024-04-30 12:00:00,479,12,7.03,Awareness,0,0.0,4,Apr
1448,Email,Desktop,South,Lead Gen,45-54,2024-04-30 14:00:00,406,13,6.05,Product View,0,0.0,4,Apr
1449,Referral,Desktop,East,Lead Gen,18-24,2024-04-30 16:00:00,420,14,13.75,Awareness,0,0.0,4,Apr
1450,Social Media,Mobile,West,Retargeting,35-44,2024-04-30 18:00:00,510,9,3.9,Bounced,0,0.0,4,Apr
1451,Paid Search,Mobile,South,Seasonal Offer,35-44,2024-04-30 20:00:00,850,12,8.88,Awareness,0,0.0,4,Apr
1452,Social Media,Tablet,North,Lead Gen,35-44,2024-04-30 22:00:00,143,7,5.73,Checkout,0,0.0,4,Apr
1453,Referral,Desktop,West,Lead Gen,45-54,2024-05-01 00:00:00,775,11,10.11,Converted,1,99.0,5,May
1454,Social Media,Desktop,East,Brand Awareness,35-44,2024-05-01 02:00:00,803,13,8.69,Bounced,0,0.0,5,May
1455,Organic Search,Tablet,West,Product Launch,35-44,2024-05-01 04:00:00,201,8,13.9,Product View,0,0.0,5,May
1456,Referral,Desktop,North,Product Launch,45-54,2024-05-01 06:00:00,47,6,1.97,Bounced,0,0.0,5,May
1457,Social Media,Mobile,East,Product Launch,35-44,2024-05-01 08:00:00,264,11,3.7,Checkout,0,0.0,5,May
1458,Social Media,Desktop,North,Brand Awareness,25-34,2024-05-01 10:00:00,339,5,11.61,Checkout,0,0.0,5,May
1459,Organic Search,Desktop,West,Retargeting,25-34,2024-05-01 12:00:00,698,12,5.85,Awareness,0,0.0,5,May
1460,Social Media,Desktop,East,Brand Awareness,35-44,2024-05-01 14:00:00,752,6,2.9,Awareness,0,0.0,5,May
1461,Paid Search,Desktop,North,Lead Gen,45-54,2024-05-01 16:00:00,310,7,7.8,Checkout,0,0.0,5,May
1462,Social Media,Mobile,West,Seasonal Offer,25-34,2024-05-01 18:00:00,860,9,9.96,Awareness,0,0.0,5,May
1463,Organic Search,Tablet,North,Lead Gen,25-34,2024-05-01 20:00:00,225,8,1.15,Converted,1,149.0,5,May
1464,Social Media,Desktop,South,Lead Gen,55+,2024-05-01 22:00:00,144,5,4.73,Converted,1,49.0,5,May
1465,Direct,Mobile,West,Seasonal Offer,35-44,2024-05-02 00:00:00,426,7,12.24,Converted,1,499.0,5,May
1466,Organic Search,Desktop,East,Product Launch,25-34,2024-05-02 02:00:00,701,8,8.04,Awareness,0,0.0,5,May
1467,Direct,Mobile,East,Brand Awareness,35-44,2024-05-02 04:00:00,696,1,1.01,Bounced,0,0.0,5,May
1468,Paid Search,Desktop,South,Retargeting,55+,2024-05-02 06:00:00,592,8,4.59,Checkout,0,0.0,5,May
1469,Referral,Tablet,North,Lead Gen,45-54,2024-05-02 08:00:00,447,11,9.77,Converted,1,99.0,5,May
1470,Email,Mobile,North,Lead Gen,35-44,2024-05-02 10:00:00,313,7,3.39,Awareness,0,0.0,5,May
1471,Social Media,Mobile,East,Retargeting,25-34,2024-05-02 12:00:00,614,11,12.5,Bounced,0,0.0,5,May
1472,Email,Mobile,North,Brand Awareness,45-54,2024-05-02 14:00:00,357,12,10.31,Converted,1,99.0,5,May
1473,Referral,Mobile,West,Lead Gen,35-44,2024-05-02 16:00:00,370,12,7.33,Checkout,0,0.0,5,May
1474,Paid Search,Tablet,West,Retargeting,45-54,2024-05-02 18:00:00,651,2,13.78,Converted,1,499.0,5,May
1475,Paid Search,Mobile,East,Lead Gen,25-34,2024-05-02 20:00:00,827,2,6.18,Converted,1,249.0,5,May
1476,Social Media,Tablet,West,Product Launch,18-24,2024-05-02 22:00:00,250,12,3.91,Bounced,0,0.0,5,May
1477,Email,Mobile,East,Product Launch,25-34,2024-05-03 00:00:00,38,6,10.09,Bounced,0,0.0,5,May
1478,Email,Desktop,North,Lead Gen,25-34,2024-05-03 02:00:00,111,3,8.81,Awareness,0,0.0,5,May
1479,Email,Mobile,North,Lead Gen,35-44,2024-05-03 04:00:00,861,1,5.36,Bounced,0,0.0,5,May
1480,Paid Search,Desktop,North,Product Launch,55+,2024-05-03 06:00:00,323,8,5.48,Product View,0,0.0,5,May
1481,Email,Mobile,South,Lead Gen,35-44,2024-05-03 08:00:00,404,7,6.27,Bounced,0,0.0,5,May
1482,Organic Search,Desktop,East,Brand Awareness,45-54,2024-05-03 10:00:00,563,4,4.72,Converted,1,49.0,5,May
1483,Social Media,Mobile,West,Brand Awareness,25-34,2024-05-03 12:00:00,444,14,10.8,Checkout,0,0.0,5,May
1484,Organic Search,Desktop,North,Seasonal Offer,45-54,2024-05-03 14:00:00,128,1,9.94,Awareness,0,0.0,5,May
1485,Paid Search,Desktop,South,Brand Awareness,45-54,2024-05-03 16:00:00,711,2,6.89,Product View,0,0.0,5,May
1486,Paid Search,Desktop,West,Lead Gen,35-44,2024-05-03 18:00:00,731,9,6.27,Checkout,0,0.0,5,May
1487,Paid Search,Tablet,West,Lead Gen,35-44,2024-05-03 20:00:00,647,4,5.79,Awareness,0,0.0,5,May
1488,Social Media,Desktop,West,Retargeting,35-44,2024-05-03 22:00:00,861,3,4.61,Product View,0,0.0,5,May
1489,Paid Search,Desktop,North,Brand Awareness,35-44,2024-05-04 00:00:00,806,8,1.74,Awareness,0,0.0,5,May
1490,Paid Search,Mobile,West,Product Launch,25-34,2024-05-04 02:00:00,411,4,4.39,Checkout,0,0.0,5,May
1491,Organic Search,Mobile,East,Product Launch,45-54,2024-05-04 04:00:00,892,7,5.16,Bounced,0,0.0,5,May
1492,Paid Search,Desktop,South,Seasonal Offer,55+,2024-05-04 06:00:00,533,13,8.44,Checkout,0,0.0,5,May
1493,Organic Search,Desktop,West,Retargeting,25-34,2024-05-04 08:00:00,476,14,11.72,Product View,0,0.0,5,May
1494,Organic Search,Desktop,West,Product Launch,35-44,2024-05-04 10:00:00,709,14,6.24,Converted,1,249.0,5,May
1495,Social Media,Tablet,East,Seasonal Offer,35-44,2024-05-04 12:00:00,373,14,14.2,Bounced,0,0.0,5,May
1496,Social Media,Desktop,West,Brand Awareness,35-44,2024-05-04 14:00:00,454,5,12.5,Bounced,0,0.0,5,May
1497,Social Media,Desktop,North,Retargeting,35-44,2024-05-04 16:00:00,654,5,14.78,Checkout,0,0.0,5,May
1498,Paid Search,Desktop,North,Retargeting,45-54,2024-05-04 18:00:00,869,11,13.2,Checkout,0,0.0,5,May
1499,Paid Search,Desktop,North,Lead Gen,25-34,2024-05-04 20:00:00,335,6,9.44,Checkout,0,0.0,5,May
1500,Referral,Mobile,West,Brand Awareness,18-24,2024-05-04 22:00:00,177,12,9.18,Product View,0,0.0,5,May
1501,Paid Search,Desktop,South,Retargeting,45-54,2024-05-05 00:00:00,878,13,2.38,Awareness,0,0.0,5,May
1502,Paid Search,Desktop,South,Seasonal Offer,35-44,2024-05-05 02:00:00,761,4,10.97,Checkout,0,0.0,5,May
1503,Organic Search,Desktop,West,Product Launch,45-54,2024-05-05 04:00:00,483,2,9.2,Awareness,0,0.0,5,May
1504,Paid Search,Desktop,South,Brand Awareness,18-24,2024-05-05 06:00:00,62,6,7.85,Bounced,0,0.0,5,May
1505,Paid Search,Desktop,South,Brand Awareness,18-24,2024-05-05 08:00:00,761,13,10.55,Converted,1,149.0,5,May
1506,Paid Search,Mobile,West,Retargeting,55+,2024-05-05 10:00:00,530,5,6.94,Product View,0,0.0,5,May
1507,Social Media,Mobile,North,Retargeting,18-24,2024-05-05 12:00:00,348,3,8.1,Awareness,0,0.0,5,May
1508,Social Media,Tablet,West,Retargeting,45-54,2024-05-05 14:00:00,726,4,6.28,Awareness,0,0.0,5,May
1509,Social Media,Mobile,North,Seasonal Offer,45-54,2024-05-05 16:00:00,222,3,10.9,Converted,1,49.0,5,May
1510,Email,Mobile,North,Lead Gen,35-44,2024-05-05 18:00:00,209,3,13.21,Converted,1,49.0,5,May
1511,Email,Desktop,South,Retargeting,18-24,2024-05-05 20:00:00,896,4,12.69,Converted,1,99.0,5,May
1512,Social Media,Mobile,South,Lead Gen,35-44,2024-05-05 22:00:00,547,2,11.9,Awareness,0,0.0,5,May
1513,Direct,Mobile,North,Lead Gen,45-54,2024-05-06 00:00:00,420,4,0.7,Awareness,0,0.0,5,May
1514,Organic Search,Mobile,North,Brand Awareness,25-34,2024-05-06 02:00:00,550,10,13.72,Converted,1,149.0,5,May
1515,Organic Search,Mobile,South,Product Launch,25-34,2024-05-06 04:00:00,386,11,4.49,Checkout,0,0.0,5,May
1516,Organic Search,Desktop,East,Product Launch,25-34,2024-05-06 06:00:00,602,2,13.38,Checkout,0,0.0,5,May
1517,Social Media,Mobile,North,Seasonal Offer,18-24,2024-05-06 08:00:00,493,14,3.36,Bounced,0,0.0,5,May
1518,Referral,Mobile,North,Seasonal Offer,45-54,2024-05-06 10:00:00,704,10,6.87,Converted,1,149.0,5,May
1519,Organic Search,Tablet,North,Product Launch,45-54,2024-05-06 12:00:00,128,8,11.37,Product View,0,0.0,5,May
1520,Referral,Desktop,South,Product Launch,55+,2024-05-06 14:00:00,177,10,9.78,Bounced,0,0.0,5,May
1521,Organic Search,Desktop,West,Brand Awareness,35-44,2024-05-06 16:00:00,599,5,6.53,Bounced,0,0.0,5,May
1522,Referral,Desktop,North,Brand Awareness,45-54,2024-05-06 18:00:00,756,13,10.34,Awareness,0,0.0,5,May
1523,Paid Search,Mobile,North,Product Launch,25-34,2024-05-06 20:00:00,345,7,8.46,Checkout,0,0.0,5,May
1524,Organic Search,Desktop,North,Retargeting,35-44,2024-05-06 22:00:00,211,11,4.5,Bounced,0,0.0,5,May
1525,Paid Search,Desktop,West,Retargeting,35-44,2024-05-07 00:00:00,576,4,9.87,Bounced,0,0.0,5,May
1526,Organic Search,Tablet,West,Brand Awareness,55+,2024-05-07 02:00:00,332,10,3.46,Awareness,0,0.0,5,May
1527,Organic Search,Desktop,North,Lead Gen,45-54,2024-05-07 04:00:00,587,6,10.56,Converted,1,49.0,5,May
1528,Paid Search,Mobile,North,Product Launch,55+,2024-05-07 06:00:00,628,13,0.55,Converted,1,249.0,5,May
1529,Email,Desktop,East,Seasonal Offer,45-54,2024-05-07 08:00:00,33,12,8.46,Awareness,0,0.0,5,May
1530,Social Media,Mobile,West,Retargeting,45-54,2024-05-07 10:00:00,807,14,6.32,Bounced,0,0.0,5,May
1531,Paid Search,Mobile,East,Lead Gen,18-24,2024-05-07 12:00:00,136,10,4.9,Bounced,0,0.0,5,May
1532,Social Media,Tablet,North,Retargeting,45-54,2024-05-07 14:00:00,104,4,7.98,Bounced,0,0.0,5,May
1533,Social Media,Tablet,North,Lead Gen,35-44,2024-05-07 16:00:00,69,6,9.86,Awareness,0,0.0,5,May
1534,Organic Search,Desktop,North,Product Launch,25-34,2024-05-07 18:00:00,668,1,14.5,Checkout,0,0.0,5,May
1535,Paid Search,Desktop,North,Product Launch,18-24,2024-05-07 20:00:00,724,6,12.58,Awareness,0,0.0,5,May
1536,Organic Search,Desktop,South,Product Launch,35-44,2024-05-07 22:00:00,148,6,10.9,Awareness,0,0.0,5,May
1537,Organic Search,Mobile,South,Brand Awareness,25-34,2024-05-08 00:00:00,102,2,7.45,Awareness,0,0.0,5,May
1538,Social Media,Mobile,South,Lead Gen,25-34,2024-05-08 02:00:00,581,12,6.19,Bounced,0,0.0,5,May
1539,Organic Search,Desktop,East,Seasonal Offer,35-44,2024-05-08 04:00:00,233,10,0.97,Checkout,0,0.0,5,May
1540,Social Media,Mobile,West,Seasonal Offer,55+,2024-05-08 06:00:00,125,10,5.71,Converted,1,249.0,5,May
1541,Social Media,Desktop,North,Product Launch,45-54,2024-05-08 08:00:00,308,9,12.8,Bounced,0,0.0,5,May
1542,Organic Search,Mobile,West,Seasonal Offer,25-34,2024-05-08 10:00:00,172,6,6.07,Converted,1,149.0,5,May
1543,Social Media,Tablet,South,Retargeting,25-34,2024-05-08 12:00:00,144,12,7.19,Bounced,0,0.0,5,May
1544,Organic Search,Desktop,North,Lead Gen,25-34,2024-05-08 14:00:00,505,11,4.44,Bounced,0,0.0,5,May
1545,Direct,Desktop,North,Lead Gen,25-34,2024-05-08 16:00:00,162,13,4.47,Checkout,0,0.0,5,May
1546,Paid Search,Desktop,East,Lead Gen,18-24,2024-05-08 18:00:00,197,7,1.4,Bounced,0,0.0,5,May
1547,Email,Mobile,West,Retargeting,55+,2024-05-08 20:00:00,274,2,9.4,Checkout,0,0.0,5,May
1548,Social Media,Mobile,East,Brand Awareness,35-44,2024-05-08 22:00:00,306,2,7.0,Bounced,0,0.0,5,May
1549,Organic Search,Desktop,South,Retargeting,18-24,2024-05-09 00:00:00,288,2,9.29,Converted,1,249.0,5,May
1550,Social Media,Desktop,West,Lead Gen,25-34,2024-05-09 02:00:00,75,10,8.43,Bounced,0,0.0,5,May
1551,Direct,Desktop,South,Lead Gen,35-44,2024-05-09 04:00:00,375,13,12.08,Awareness,0,0.0,5,May
1552,Social Media,Mobile,East,Lead Gen,35-44,2024-05-09 06:00:00,876,11,11.39,Awareness,0,0.0,5,May
1553,Email,Mobile,East,Seasonal Offer,18-24,2024-05-09 08:00:00,266,9,11.69,Awareness,0,0.0,5,May
1554,Referral,Desktop,North,Brand Awareness,55+,2024-05-09 10:00:00,82,3,7.74,Bounced,0,0.0,5,May
1555,Organic Search,Mobile,West,Retargeting,25-34,2024-05-09 12:00:00,177,13,5.63,Bounced,0,0.0,5,May
1556,Organic Search,Mobile,West,Lead Gen,18-24,2024-05-09 14:00:00,728,4,14.03,Bounced,0,0.0,5,May
1557,Social Media,Desktop,North,Product Launch,18-24,2024-05-09 16:00:00,562,1,1.29,Awareness,0,0.0,5,May
1558,Paid Search,Desktop,West,Brand Awareness,35-44,2024-05-09 18:00:00,119,1,2.71,Awareness,0,0.0,5,May
1559,Email,Mobile,South,Product Launch,18-24,2024-05-09 20:00:00,262,4,6.58,Converted,1,249.0,5,May
1560,Referral,Tablet,South,Brand Awareness,18-24,2024-05-09 22:00:00,756,14,9.4,Bounced,0,0.0,5,May
1561,Paid Search,Desktop,East,Lead Gen,25-34,2024-05-10 00:00:00,80,2,0.62,Converted,1,49.0,5,May
1562,Organic Search,Desktop,South,Brand Awareness,35-44,2024-05-10 02:00:00,694,8,10.93,Checkout,0,0.0,5,May
1563,Email,Desktop,West,Brand Awareness,18-24,2024-05-10 04:00:00,865,13,8.6,Converted,1,149.0,5,May
1564,Organic Search,Mobile,North,Lead Gen,25-34,2024-05-10 06:00:00,657,4,7.53,Product View,0,0.0,5,May
1565,Email,Desktop,East,Product Launch,25-34,2024-05-10 08:00:00,423,3,6.64,Bounced,0,0.0,5,May
1566,Paid Search,Desktop,North,Product Launch,25-34,2024-05-10 10:00:00,243,3,8.03,Product View,0,0.0,5,May
1567,Social Media,Mobile,East,Seasonal Offer,35-44,2024-05-10 12:00:00,480,6,2.85,Bounced,0,0.0,5,May
1568,Organic Search,Mobile,East,Product Launch,18-24,2024-05-10 14:00:00,368,12,2.08,Product View,0,0.0,5,May
1569,Social Media,Desktop,North,Product Launch,18-24,2024-05-10 16:00:00,380,13,4.7,Bounced,0,0.0,5,May
1570,Paid Search,Desktop,South,Brand Awareness,35-44,2024-05-10 18:00:00,678,6,10.79,Awareness,0,0.0,5,May
1571,Social Media,Mobile,South,Seasonal Offer,25-34,2024-05-10 20:00:00,314,6,9.03,Product View,0,0.0,5,May
1572,Organic Search,Desktop,South,Lead Gen,18-24,2024-05-10 22:00:00,612,6,7.46,Product View,0,0.0,5,May
1573,Email,Desktop,South,Lead Gen,25-34,2024-05-11 00:00:00,274,8,8.79,Checkout,0,0.0,5,May
1574,Referral,Mobile,North,Retargeting,55+,2024-05-11 02:00:00,579,8,8.61,Converted,1,499.0,5,May
1575,Organic Search,Desktop,West,Seasonal Offer,35-44,2024-05-11 04:00:00,757,9,4.95,Checkout,0,0.0,5,May
1576,Organic Search,Mobile,East,Brand Awareness,45-54,2024-05-11 06:00:00,668,1,1.91,Converted,1,49.0,5,May
1577,Organic Search,Tablet,North,Retargeting,45-54,2024-05-11 08:00:00,613,10,13.5,Checkout,0,0.0,5,May
1578,Social Media,Desktop,South,Retargeting,55+,2024-05-11 10:00:00,255,8,9.2,Bounced,0,0.0,5,May
1579,Social Media,Desktop,South,Lead Gen,45-54,2024-05-11 12:00:00,856,5,10.62,Awareness,0,0.0,5,May
1580,Social Media,Mobile,North,Product Launch,35-44,2024-05-11 14:00:00,470,3,7.23,Bounced,0,0.0,5,May
1581,Organic Search,Mobile,East,Brand Awareness,25-34,2024-05-11 16:00:00,503,11,11.47,Bounced,0,0.0,5,May
1582,Paid Search,Tablet,North,Seasonal Offer,25-34,2024-05-11 18:00:00,473,10,8.98,Product View,0,0.0,5,May
1583,Social Media,Mobile,North,Retargeting,35-44,2024-05-11 20:00:00,825,3,1.28,Awareness,0,0.0,5,May
1584,Paid Search,Desktop,West,Brand Awareness,55+,2024-05-11 22:00:00,441,6,13.41,Converted,1,499.0,5,May
1585,Direct,Mobile,North,Lead Gen,25-34,2024-05-12 00:00:00,843,8,4.93,Checkout,0,0.0,5,May
1586,Organic Search,Desktop,West,Retargeting,35-44,2024-05-12 02:00:00,275,10,2.5,Bounced,0,0.0,5,May
1587,Social Media,Desktop,East,Retargeting,25-34,2024-05-12 04:00:00,612,2,1.78,Checkout,0,0.0,5,May
1588,Paid Search,Desktop,North,Lead Gen,25-34,2024-05-12 06:00:00,736,12,10.95,Checkout,0,0.0,5,May
1589,Paid Search,Desktop,North,Lead Gen,25-34,2024-05-12 08:00:00,529,9,10.71,Product View,0,0.0,5,May
1590,Social Media,Mobile,South,Lead Gen,35-44,2024-05-12 10:00:00,579,5,10.65,Bounced,0,0.0,5,May
1591,Social Media,Desktop,North,Brand Awareness,25-34,2024-05-12 12:00:00,146,5,13.78,Bounced,0,0.0,5,May
1592,Direct,Desktop,South,Brand Awareness,35-44,2024-05-12 14:00:00,779,1,5.56,Bounced,0,0.0,5,May
1593,Organic Search,Desktop,South,Brand Awareness,45-54,2024-05-12 16:00:00,393,6,8.64,Bounced,0,0.0,5,May
1594,Organic Search,Mobile,South,Product Launch,45-54,2024-05-12 18:00:00,233,13,9.48,Converted,1,49.0,5,May
1595,Email,Mobile,East,Retargeting,25-34,2024-05-12 20:00:00,380,11,14.7,Converted,1,99.0,5,May
1596,Social Media,Desktop,West,Brand Awareness,45-54,2024-05-12 22:00:00,348,11,5.03,Awareness,0,0.0,5,May
1597,Organic Search,Desktop,South,Product Launch,25-34,2024-05-13 00:00:00,388,5,14.37,Product View,0,0.0,5,May
1598,Organic Search,Desktop,North,Retargeting,25-34,2024-05-13 02:00:00,546,7,2.66,Product View,0,0.0,5,May
1599,Organic Search,Tablet,North,Brand Awareness,35-44,2024-05-13 04:00:00,518,7,11.58,Converted,1,149.0,5,May
1600,Referral,Mobile,South,Lead Gen,25-34,2024-05-13 06:00:00,698,4,9.68,Converted,1,149.0,5,May
1601,Organic Search,Mobile,South,Seasonal Offer,18-24,2024-05-13 08:00:00,136,5,12.34,Converted,1,149.0,5,May
1602,Paid Search,Mobile,North,Brand Awareness,25-34,2024-05-13 10:00:00,769,10,0.92,Bounced,0,0.0,5,May
1603,Organic Search,Desktop,South,Seasonal Offer,35-44,2024-05-13 12:00:00,683,14,1.63,Bounced,0,0.0,5,May
1604,Paid Search,Mobile,West,Brand Awareness,25-34,2024-05-13 14:00:00,855,8,1.51,Converted,1,99.0,5,May
1605,Organic Search,Mobile,West,Lead Gen,35-44,2024-05-13 16:00:00,201,2,9.1,Converted,1,149.0,5,May
1606,Paid Search,Desktop,East,Seasonal Offer,35-44,2024-05-13 18:00:00,687,1,9.24,Converted,1,149.0,5,May
1607,Organic Search,Desktop,South,Product Launch,35-44,2024-05-13 20:00:00,548,14,13.64,Bounced,0,0.0,5,May
1608,Email,Mobile,East,Lead Gen,45-54,2024-05-13 22:00:00,884,6,7.28,Bounced,0,0.0,5,May
1609,Organic Search,Tablet,East,Seasonal Offer,25-34,2024-05-14 00:00:00,894,11,1.49,Checkout,0,0.0,5,May
1610,Social Media,Desktop,East,Seasonal Offer,25-34,2024-05-14 02:00:00,842,14,3.54,Product View,0,0.0,5,May
1611,Referral,Mobile,South,Lead Gen,25-34,2024-05-14 04:00:00,557,4,0.62,Checkout,0,0.0,5,May
1612,Social Media,Mobile,East,Lead Gen,25-34,2024-05-14 06:00:00,349,13,11.76,Awareness,0,0.0,5,May
1613,Social Media,Desktop,West,Lead Gen,35-44,2024-05-14 08:00:00,66,10,12.33,Bounced,0,0.0,5,May
1614,Paid Search,Desktop,East,Retargeting,18-24,2024-05-14 10:00:00,528,3,14.97,Awareness,0,0.0,5,May
1615,Paid Search,Desktop,West,Product Launch,25-34,2024-05-14 12:00:00,694,7,6.48,Bounced,0,0.0,5,May
1616,Social Media,Mobile,West,Brand Awareness,45-54,2024-05-14 14:00:00,294,8,0.78,Converted,1,99.0,5,May
1617,Direct,Desktop,South,Seasonal Offer,35-44,2024-05-14 16:00:00,724,11,3.9,Bounced,0,0.0,5,May
1618,Social Media,Desktop,East,Brand Awareness,35-44,2024-05-14 18:00:00,697,12,9.02,Product View,0,0.0,5,May
1619,Social Media,Mobile,South,Lead Gen,45-54,2024-05-14 20:00:00,678,4,14.45,Product View,0,0.0,5,May
1620,Email,Mobile,West,Product Launch,45-54,2024-05-14 22:00:00,431,12,2.0,Awareness,0,0.0,5,May
1621,Paid Search,Desktop,North,Product Launch,35-44,2024-05-15 00:00:00,631,12,2.26,Bounced,0,0.0,5,May
1622,Organic Search,Desktop,East,Retargeting,25-34,2024-05-15 02:00:00,247,10,10.68,Awareness,0,0.0,5,May
1623,Social Media,Desktop,South,Lead Gen,55+,2024-05-15 04:00:00,359,12,10.17,Bounced,0,0.0,5,May
1624,Direct,Mobile,North,Seasonal Offer,35-44,2024-05-15 06:00:00,215,11,4.13,Awareness,0,0.0,5,May
1625,Organic Search,Mobile,East,Retargeting,25-34,2024-05-15 08:00:00,410,11,12.29,Checkout,0,0.0,5,May
1626,Social Media,Desktop,East,Lead Gen,25-34,2024-05-15 10:00:00,238,6,2.37,Bounced,0,0.0,5,May
1627,Organic Search,Mobile,South,Retargeting,35-44,2024-05-15 12:00:00,592,13,13.92,Bounced,0,0.0,5,May
1628,Social Media,Mobile,North,Brand Awareness,55+,2024-05-15 14:00:00,317,11,3.41,Awareness,0,0.0,5,May
1629,Organic Search,Mobile,South,Lead Gen,25-34,2024-05-15 16:00:00,117,11,1.68,Product View,0,0.0,5,May
1630,Paid Search,Mobile,East,Seasonal Offer,18-24,2024-05-15 18:00:00,165,2,5.42,Bounced,0,0.0,5,May
1631,Email,Desktop,East,Seasonal Offer,45-54,2024-05-15 20:00:00,187,8,3.22,Bounced,0,0.0,5,May
1632,Paid Search,Desktop,West,Lead Gen,55+,2024-05-15 22:00:00,823,6,8.14,Product View,0,0.0,5,May
1633,Social Media,Mobile,East,Retargeting,25-34,2024-05-16 00:00:00,184,11,10.46,Bounced,0,0.0,5,May
1634,Email,Mobile,East,Product Launch,25-34,2024-05-16 02:00:00,492,9,7.62,Bounced,0,0.0,5,May
1635,Referral,Mobile,North,Lead Gen,35-44,2024-05-16 04:00:00,249,11,10.08,Converted,1,149.0,5,May
1636,Organic Search,Desktop,North,Seasonal Offer,25-34,2024-05-16 06:00:00,488,13,5.79,Awareness,0,0.0,5,May
1637,Paid Search,Tablet,West,Brand Awareness,45-54,2024-05-16 08:00:00,196,13,0.9,Checkout,0,0.0,5,May
1638,Organic Search,Mobile,West,Seasonal Offer,18-24,2024-05-16 10:00:00,351,6,14.62,Converted,1,249.0,5,May
1639,Direct,Desktop,West,Product Launch,18-24,2024-05-16 12:00:00,720,6,12.38,Product View,0,0.0,5,May
1640,Referral,Desktop,South,Seasonal Offer,25-34,2024-05-16 14:00:00,870,12,1.56,Bounced,0,0.0,5,May
1641,Social Media,Mobile,South,Product Launch,25-34,2024-05-16 16:00:00,591,2,7.01,Converted,1,99.0,5,May
1642,Email,Mobile,West,Lead Gen,18-24,2024-05-16 18:00:00,842,5,9.71,Bounced,0,0.0,5,May
1643,Social Media,Desktop,South,Seasonal Offer,18-24,2024-05-16 20:00:00,541,9,3.26,Awareness,0,0.0,5,May
1644,Social Media,Mobile,East,Retargeting,45-54,2024-05-16 22:00:00,116,1,8.88,Bounced,0,0.0,5,May
1645,Organic Search,Desktop,West,Retargeting,25-34,2024-05-17 00:00:00,574,4,8.24,Bounced,0,0.0,5,May
1646,Email,Desktop,West,Seasonal Offer,55+,2024-05-17 02:00:00,304,10,3.52,Bounced,0,0.0,5,May
1647,Organic Search,Mobile,South,Seasonal Offer,25-34,2024-05-17 04:00:00,170,10,2.55,Bounced,0,0.0,5,May
1648,Email,Mobile,North,Brand Awareness,35-44,2024-05-17 06:00:00,747,14,11.5,Bounced,0,0.0,5,May
1649,Email,Mobile,West,Seasonal Offer,25-34,2024-05-17 08:00:00,765,3,5.18,Converted,1,99.0,5,May
1650,Social Media,Mobile,South,Brand Awareness,25-34,2024-05-17 10:00:00,654,1,4.04,Product View,0,0.0,5,May
1651,Organic Search,Desktop,South,Brand Awareness,35-44,2024-05-17 12:00:00,819,1,11.2,Checkout,0,0.0,5,May
1652,Paid Search,Mobile,North,Brand Awareness,35-44,2024-05-17 14:00:00,382,1,11.17,Bounced,0,0.0,5,May
1653,Organic Search,Desktop,West,Brand Awareness,45-54,2024-05-17 16:00:00,34,1,4.51,Converted,1,49.0,5,May
1654,Paid Search,Desktop,North,Lead Gen,45-54,2024-05-17 18:00:00,411,13,13.15,Checkout,0,0.0,5,May
1655,Organic Search,Desktop,East,Retargeting,35-44,2024-05-17 20:00:00,753,2,10.48,Bounced,0,0.0,5,May
1656,Referral,Desktop,North,Brand Awareness,25-34,2024-05-17 22:00:00,797,11,5.51,Awareness,0,0.0,5,May
1657,Social Media,Desktop,North,Retargeting,45-54,2024-05-18 00:00:00,363,5,6.7,Bounced,0,0.0,5,May
1658,Paid Search,Desktop,South,Brand Awareness,35-44,2024-05-18 02:00:00,504,2,11.04,Converted,1,149.0,5,May
1659,Paid Search,Desktop,North,Retargeting,55+,2024-05-18 04:00:00,59,4,3.57,Product View,0,0.0,5,May
1660,Paid Search,Desktop,East,Seasonal Offer,45-54,2024-05-18 06:00:00,376,9,7.3,Checkout,0,0.0,5,May
1661,Social Media,Mobile,South,Seasonal Offer,18-24,2024-05-18 08:00:00,623,3,9.98,Converted,1,49.0,5,May
1662,Paid Search,Desktop,East,Retargeting,25-34,2024-05-18 10:00:00,522,2,8.32,Checkout,0,0.0,5,May
1663,Referral,Desktop,North,Brand Awareness,35-44,2024-05-18 12:00:00,777,4,9.32,Checkout,0,0.0,5,May
1664,Paid Search,Mobile,East,Lead Gen,35-44,2024-05-18 14:00:00,524,9,8.42,Converted,1,99.0,5,May
1665,Direct,Mobile,East,Retargeting,35-44,2024-05-18 16:00:00,885,4,3.39,Product View,0,0.0,5,May
1666,Referral,Mobile,North,Product Launch,45-54,2024-05-18 18:00:00,417,12,6.45,Checkout,0,0.0,5,May
1667,Organic Search,Desktop,North,Lead Gen,25-34,2024-05-18 20:00:00,864,5,8.21,Converted,1,49.0,5,May
1668,Referral,Mobile,South,Product Launch,25-34,2024-05-18 22:00:00,282,4,11.81,Awareness,0,0.0,5,May
1669,Organic Search,Desktop,South,Retargeting,18-24,2024-05-19 00:00:00,659,13,9.98,Bounced,0,0.0,5,May
1670,Email,Desktop,West,Brand Awareness,35-44,2024-05-19 02:00:00,59,8,6.69,Bounced,0,0.0,5,May
1671,Paid Search,Desktop,South,Product Launch,35-44,2024-05-19 04:00:00,652,14,14.63,Product View,0,0.0,5,May
1672,Referral,Mobile,North,Retargeting,25-34,2024-05-19 06:00:00,795,13,2.06,Bounced,0,0.0,5,May
1673,Referral,Desktop,East,Lead Gen,35-44,2024-05-19 08:00:00,740,4,3.5,Bounced,0,0.0,5,May
1674,Email,Desktop,East,Brand Awareness,18-24,2024-05-19 10:00:00,836,2,5.45,Product View,0,0.0,5,May
1675,Email,Desktop,South,Product Launch,18-24,2024-05-19 12:00:00,371,12,3.81,Checkout,0,0.0,5,May
1676,Paid Search,Mobile,South,Retargeting,35-44,2024-05-19 14:00:00,838,4,9.57,Converted,1,49.0,5,May
1677,Organic Search,Mobile,North,Brand Awareness,25-34,2024-05-19 16:00:00,316,2,1.07,Awareness,0,0.0,5,May
1678,Paid Search,Desktop,East,Brand Awareness,35-44,2024-05-19 18:00:00,426,9,3.07,Awareness,0,0.0,5,May
1679,Organic Search,Mobile,West,Seasonal Offer,45-54,2024-05-19 20:00:00,538,11,4.75,Bounced,0,0.0,5,May
1680,Social Media,Mobile,West,Brand Awareness,45-54,2024-05-19 22:00:00,273,14,10.41,Awareness,0,0.0,5,May
1681,Paid Search,Mobile,South,Retargeting,25-34,2024-05-20 00:00:00,250,8,13.2,Bounced,0,0.0,5,May
1682,Direct,Desktop,West,Lead Gen,25-34,2024-05-20 02:00:00,185,9,12.08,Bounced,0,0.0,5,May
1683,Social Media,Mobile,North,Seasonal Offer,35-44,2024-05-20 04:00:00,412,4,3.14,Bounced,0,0.0,5,May
1684,Email,Desktop,West,Retargeting,45-54,2024-05-20 06:00:00,777,1,8.7,Checkout,0,0.0,5,May
1685,Organic Search,Mobile,South,Retargeting,45-54,2024-05-20 08:00:00,349,3,0.94,Converted,1,99.0,5,May
1686,Referral,Desktop,North,Retargeting,25-34,2024-05-20 10:00:00,402,7,5.0,Bounced,0,0.0,5,May
1687,Referral,Desktop,East,Product Launch,25-34,2024-05-20 12:00:00,560,1,12.19,Bounced,0,0.0,5,May
1688,Paid Search,Desktop,North,Product Launch,35-44,2024-05-20 14:00:00,244,11,7.12,Checkout,0,0.0,5,May
1689,Social Media,Mobile,South,Lead Gen,35-44,2024-05-20 16:00:00,396,8,2.67,Bounced,0,0.0,5,May
1690,Email,Desktop,South,Retargeting,25-34,2024-05-20 18:00:00,143,9,6.86,Product View,0,0.0,5,May
1691,Organic Search,Mobile,West,Product Launch,18-24,2024-05-20 20:00:00,229,8,3.37,Converted,1,99.0,5,May
1692,Paid Search,Desktop,West,Product Launch,35-44,2024-05-20 22:00:00,54,5,6.2,Awareness,0,0.0,5,May
1693,Paid Search,Mobile,East,Product Launch,25-34,2024-05-21 00:00:00,150,12,7.57,Bounced,0,0.0,5,May
1694,Organic Search,Mobile,East,Lead Gen,25-34,2024-05-21 02:00:00,771,11,5.57,Product View,0,0.0,5,May
1695,Paid Search,Mobile,South,Lead Gen,18-24,2024-05-21 04:00:00,640,14,14.09,Bounced,0,0.0,5,May
1696,Organic Search,Mobile,South,Retargeting,25-34,2024-05-21 06:00:00,887,12,8.66,Converted,1,99.0,5,May
1697,Organic Search,Mobile,South,Seasonal Offer,35-44,2024-05-21 08:00:00,32,13,12.72,Bounced,0,0.0,5,May
1698,Organic Search,Desktop,East,Retargeting,25-34,2024-05-21 10:00:00,802,9,11.53,Bounced,0,0.0,5,May
1699,Direct,Mobile,South,Product Launch,18-24,2024-05-21 12:00:00,474,4,10.09,Product View,0,0.0,5,May
1700,Social Media,Desktop,East,Product Launch,18-24,2024-05-21 14:00:00,283,9,7.7,Product View,0,0.0,5,May
1701,Direct,Mobile,South,Brand Awareness,25-34,2024-05-21 16:00:00,49,1,0.53,Awareness,0,0.0,5,May
1702,Paid Search,Mobile,North,Retargeting,35-44,2024-05-21 18:00:00,233,12,9.4,Bounced,0,0.0,5,May
1703,Paid Search,Desktop,North,Product Launch,18-24,2024-05-21 20:00:00,835,11,5.66,Converted,1,49.0,5,May
1704,Paid Search,Desktop,South,Product Launch,35-44,2024-05-21 22:00:00,386,3,2.21,Product View,0,0.0,5,May
1705,Paid Search,Desktop,North,Seasonal Offer,18-24,2024-05-22 00:00:00,157,4,6.95,Converted,1,499.0,5,May
1706,Organic Search,Mobile,East,Brand Awareness,25-34,2024-05-22 02:00:00,387,11,11.17,Product View,0,0.0,5,May
1707,Social Media,Tablet,West,Retargeting,25-34,2024-05-22 04:00:00,321,10,14.44,Awareness,0,0.0,5,May
1708,Organic Search,Mobile,North,Lead Gen,18-24,2024-05-22 06:00:00,203,1,5.92,Bounced,0,0.0,5,May
1709,Social Media,Mobile,West,Retargeting,35-44,2024-05-22 08:00:00,762,12,8.37,Awareness,0,0.0,5,May
1710,Social Media,Tablet,North,Retargeting,25-34,2024-05-22 10:00:00,384,6,12.84,Awareness,0,0.0,5,May
1711,Organic Search,Desktop,East,Seasonal Offer,45-54,2024-05-22 12:00:00,66,13,5.34,Bounced,0,0.0,5,May
1712,Organic Search,Desktop,North,Retargeting,18-24,2024-05-22 14:00:00,339,4,2.56,Checkout,0,0.0,5,May
1713,Email,Mobile,North,Seasonal Offer,18-24,2024-05-22 16:00:00,690,4,4.59,Awareness,0,0.0,5,May
1714,Paid Search,Mobile,South,Seasonal Offer,25-34,2024-05-22 18:00:00,633,1,13.54,Bounced,0,0.0,5,May
1715,Organic Search,Mobile,West,Product Launch,45-54,2024-05-22 20:00:00,611,5,2.81,Checkout,0,0.0,5,May
1716,Direct,Desktop,West,Lead Gen,25-34,2024-05-22 22:00:00,113,9,5.27,Converted,1,49.0,5,May
1717,Organic Search,Desktop,East,Seasonal Offer,25-34,2024-05-23 00:00:00,539,6,7.24,Product View,0,0.0,5,May
1718,Social Media,Desktop,East,Brand Awareness,25-34,2024-05-23 02:00:00,473,8,12.78,Product View,0,0.0,5,May
1719,Direct,Desktop,West,Brand Awareness,18-24,2024-05-23 04:00:00,449,11,14.1,Converted,1,249.0,5,May
1720,Organic Search,Desktop,South,Lead Gen,55+,2024-05-23 06:00:00,234,4,6.67,Bounced,0,0.0,5,May
1721,Organic Search,Mobile,South,Seasonal Offer,35-44,2024-05-23 08:00:00,517,9,14.01,Product View,0,0.0,5,May
1722,Organic Search,Desktop,West,Lead Gen,45-54,2024-05-23 10:00:00,808,7,2.84,Bounced,0,0.0,5,May
1723,Paid Search,Mobile,North,Product Launch,35-44,2024-05-23 12:00:00,117,14,2.77,Checkout,0,0.0,5,May
1724,Organic Search,Desktop,West,Brand Awareness,35-44,2024-05-23 14:00:00,281,14,14.26,Bounced,0,0.0,5,May
1725,Social Media,Mobile,North,Retargeting,18-24,2024-05-23 16:00:00,752,7,7.89,Bounced,0,0.0,5,May
1726,Organic Search,Desktop,West,Brand Awareness,35-44,2024-05-23 18:00:00,884,8,3.2,Bounced,0,0.0,5,May
1727,Paid Search,Desktop,North,Seasonal Offer,25-34,2024-05-23 20:00:00,60,2,7.58,Product View,0,0.0,5,May
1728,Direct,Desktop,South,Lead Gen,25-34,2024-05-23 22:00:00,898,12,11.86,Product View,0,0.0,5,May
1729,Email,Tablet,West,Brand Awareness,35-44,2024-05-24 00:00:00,450,6,12.49,Product View,0,0.0,5,May
1730,Social Media,Mobile,East,Retargeting,45-54,2024-05-24 02:00:00,857,7,13.03,Bounced,0,0.0,5,May
1731,Paid Search,Desktop,North,Retargeting,35-44,2024-05-24 04:00:00,90,3,8.76,Bounced,0,0.0,5,May
1732,Social Media,Desktop,South,Lead Gen,35-44,2024-05-24 06:00:00,608,8,13.07,Converted,1,149.0,5,May
1733,Social Media,Tablet,East,Lead Gen,18-24,2024-05-24 08:00:00,255,1,7.9,Bounced,0,0.0,5,May
1734,Paid Search,Desktop,South,Brand Awareness,25-34,2024-05-24 10:00:00,364,1,9.3,Bounced,0,0.0,5,May
1735,Organic Search,Desktop,North,Seasonal Offer,18-24,2024-05-24 12:00:00,868,10,11.5,Awareness,0,0.0,5,May
1736,Referral,Mobile,West,Product Launch,35-44,2024-05-24 14:00:00,608,3,6.67,Converted,1,49.0,5,May
1737,Paid Search,Tablet,South,Retargeting,55+,2024-05-24 16:00:00,669,6,1.57,Bounced,0,0.0,5,May
1738,Organic Search,Desktop,West,Lead Gen,25-34,2024-05-24 18:00:00,140,7,5.58,Product View,0,0.0,5,May
1739,Paid Search,Desktop,West,Product Launch,18-24,2024-05-24 20:00:00,520,2,9.55,Bounced,0,0.0,5,May
1740,Paid Search,Tablet,South,Product Launch,25-34,2024-05-24 22:00:00,301,14,3.29,Bounced,0,0.0,5,May
1741,Email,Desktop,South,Product Launch,45-54,2024-05-25 00:00:00,842,6,2.65,Converted,1,99.0,5,May
1742,Email,Desktop,South,Seasonal Offer,35-44,2024-05-25 02:00:00,63,12,4.75,Product View,0,0.0,5,May
1743,Email,Mobile,West,Lead Gen,18-24,2024-05-25 04:00:00,241,5,0.97,Product View,0,0.0,5,May
1744,Organic Search,Mobile,East,Retargeting,55+,2024-05-25 06:00:00,329,6,11.28,Bounced,0,0.0,5,May
1745,Paid Search,Desktop,North,Lead Gen,45-54,2024-05-25 08:00:00,402,1,4.25,Checkout,0,0.0,5,May
1746,Paid Search,Tablet,East,Brand Awareness,18-24,2024-05-25 10:00:00,154,14,2.3,Checkout,0,0.0,5,May
1747,Organic Search,Mobile,West,Retargeting,55+,2024-05-25 12:00:00,132,10,10.64,Bounced,0,0.0,5,May
1748,Organic Search,Desktop,South,Lead Gen,25-34,2024-05-25 14:00:00,747,7,12.72,Converted,1,499.0,5,May
1749,Email,Tablet,South,Retargeting,25-34,2024-05-25 16:00:00,149,8,0.79,Awareness,0,0.0,5,May
1750,Organic Search,Desktop,North,Brand Awareness,25-34,2024-05-25 18:00:00,711,14,3.89,Checkout,0,0.0,5,May
1751,Social Media,Desktop,North,Retargeting,45-54,2024-05-25 20:00:00,576,7,14.21,Awareness,0,0.0,5,May
1752,Organic Search,Mobile,East,Product Launch,35-44,2024-05-25 22:00:00,360,9,6.09,Awareness,0,0.0,5,May
1753,Organic Search,Desktop,East,Seasonal Offer,18-24,2024-05-26 00:00:00,787,1,14.11,Product View,0,0.0,5,May
1754,Organic Search,Desktop,North,Brand Awareness,55+,2024-05-26 02:00:00,881,10,4.48,Bounced,0,0.0,5,May
1755,Direct,Desktop,West,Retargeting,18-24,2024-05-26 04:00:00,338,9,3.66,Converted,1,149.0,5,May
1756,Email,Desktop,East,Brand Awareness,35-44,2024-05-26 06:00:00,599,11,3.6,Checkout,0,0.0,5,May
1757,Direct,Mobile,South,Product Launch,35-44,2024-05-26 08:00:00,441,11,1.74,Checkout,0,0.0,5,May
1758,Paid Search,Mobile,South,Seasonal Offer,25-34,2024-05-26 10:00:00,428,13,13.5,Awareness,0,0.0,5,May
1759,Organic Search,Tablet,West,Brand Awareness,25-34,2024-05-26 12:00:00,335,3,14.71,Product View,0,0.0,5,May
1760,Social Media,Desktop,North,Product Launch,45-54,2024-05-26 14:00:00,682,2,14.34,Converted,1,49.0,5,May
1761,Paid Search,Desktop,East,Product Launch,25-34,2024-05-26 16:00:00,652,6,12.85,Bounced,0,0.0,5,May
1762,Email,Desktop,South,Product Launch,35-44,2024-05-26 18:00:00,192,11,12.78,Checkout,0,0.0,5,May
1763,Organic Search,Desktop,North,Retargeting,35-44,2024-05-26 20:00:00,652,5,10.09,Checkout,0,0.0,5,May
1764,Paid Search,Desktop,East,Lead Gen,35-44,2024-05-26 22:00:00,693,4,12.48,Product View,0,0.0,5,May
1765,Organic Search,Mobile,West,Brand Awareness,25-34,2024-05-27 00:00:00,94,4,3.52,Converted,1,99.0,5,May
1766,Paid Search,Tablet,South,Lead Gen,25-34,2024-05-27 02:00:00,647,8,6.12,Converted,1,99.0,5,May
1767,Email,Tablet,West,Product Launch,25-34,2024-05-27 04:00:00,245,10,9.79,Converted,1,249.0,5,May
1768,Paid Search,Desktop,West,Lead Gen,45-54,2024-05-27 06:00:00,632,13,13.18,Converted,1,249.0,5,May
1769,Paid Search,Mobile,West,Product Launch,25-34,2024-05-27 08:00:00,55,3,10.08,Checkout,0,0.0,5,May
1770,Paid Search,Desktop,East,Product Launch,25-34,2024-05-27 10:00:00,698,13,12.67,Product View,0,0.0,5,May
1771,Paid Search,Desktop,West,Seasonal Offer,55+,2024-05-27 12:00:00,613,1,7.37,Awareness,0,0.0,5,May
1772,Email,Mobile,East,Seasonal Offer,45-54,2024-05-27 14:00:00,73,5,10.9,Product View,0,0.0,5,May
1773,Referral,Mobile,East,Lead Gen,18-24,2024-05-27 16:00:00,119,8,14.71,Converted,1,49.0,5,May
1774,Direct,Desktop,West,Brand Awareness,55+,2024-05-27 18:00:00,162,3,2.73,Bounced,0,0.0,5,May
1775,Email,Desktop,West,Lead Gen,35-44,2024-05-27 20:00:00,190,2,13.94,Bounced,0,0.0,5,May
1776,Paid Search,Desktop,North,Brand Awareness,25-34,2024-05-27 22:00:00,773,1,8.07,Bounced,0,0.0,5,May
1777,Social Media,Mobile,South,Lead Gen,25-34,2024-05-28 00:00:00,409,13,9.83,Product View,0,0.0,5,May
1778,Paid Search,Desktop,North,Retargeting,35-44,2024-05-28 02:00:00,290,4,13.23,Awareness,0,0.0,5,May
1779,Organic Search,Tablet,South,Retargeting,45-54,2024-05-28 04:00:00,412,11,6.44,Converted,1,99.0,5,May
1780,Email,Desktop,South,Brand Awareness,25-34,2024-05-28 06:00:00,398,2,6.57,Bounced,0,0.0,5,May
1781,Organic Search,Desktop,North,Seasonal Offer,25-34,2024-05-28 08:00:00,140,14,8.14,Converted,1,49.0,5,May
1782,Referral,Desktop,North,Brand Awareness,25-34,2024-05-28 10:00:00,705,8,0.78,Checkout,0,0.0,5,May
1783,Paid Search,Mobile,South,Lead Gen,35-44,2024-05-28 12:00:00,106,11,7.7,Product View,0,0.0,5,May
1784,Social Media,Desktop,South,Product Launch,25-34,2024-05-28 14:00:00,238,13,4.72,Awareness,0,0.0,5,May
1785,Social Media,Mobile,South,Retargeting,18-24,2024-05-28 16:00:00,42,10,13.96,Awareness,0,0.0,5,May
1786,Referral,Mobile,East,Product Launch,35-44,2024-05-28 18:00:00,599,12,1.77,Converted,1,499.0,5,May
1787,Social Media,Tablet,South,Retargeting,45-54,2024-05-28 20:00:00,885,9,7.16,Awareness,0,0.0,5,May
1788,Social Media,Mobile,West,Lead Gen,35-44,2024-05-28 22:00:00,577,13,14.24,Bounced,0,0.0,5,May
1789,Organic Search,Mobile,West,Retargeting,25-34,2024-05-29 00:00:00,54,10,13.57,Bounced,0,0.0,5,May
1790,Paid Search,Mobile,West,Brand Awareness,25-34,2024-05-29 02:00:00,575,1,10.67,Awareness,0,0.0,5,May
1791,Organic Search,Mobile,North,Product Launch,25-34,2024-05-29 04:00:00,169,2,9.05,Awareness,0,0.0,5,May
1792,Email,Desktop,North,Product Launch,55+,2024-05-29 06:00:00,304,6,4.57,Converted,1,99.0,5,May
1793,Paid Search,Desktop,North,Lead Gen,45-54,2024-05-29 08:00:00,399,13,5.82,Checkout,0,0.0,5,May
1794,Social Media,Desktop,South,Product Launch,25-34,2024-05-29 10:00:00,251,10,1.81,Product View,0,0.0,5,May
1795,Organic Search,Desktop,West,Lead Gen,25-34,2024-05-29 12:00:00,66,12,11.9,Product View,0,0.0,5,May
1796,Organic Search,Desktop,South,Seasonal Offer,35-44,2024-05-29 14:00:00,158,7,5.2,Bounced,0,0.0,5,May
1797,Social Media,Tablet,East,Brand Awareness,35-44,2024-05-29 16:00:00,345,2,10.18,Awareness,0,0.0,5,May
1798,Organic Search,Desktop,East,Retargeting,25-34,2024-05-29 18:00:00,352,8,5.69,Converted,1,249.0,5,May
1799,Organic Search,Desktop,North,Retargeting,45-54,2024-05-29 20:00:00,462,13,7.23,Product View,0,0.0,5,May
1800,Organic Search,Mobile,East,Retargeting,45-54,2024-05-29 22:00:00,247,10,8.55,Converted,1,99.0,5,May
1801,Direct,Desktop,West,Seasonal Offer,35-44,2024-05-30 00:00:00,876,9,12.13,Awareness,0,0.0,5,May
1802,Email,Desktop,East,Brand Awareness,45-54,2024-05-30 02:00:00,277,8,3.56,Converted,1,149.0,5,May
1803,Paid Search,Desktop,North,Product Launch,45-54,2024-05-30 04:00:00,140,9,6.28,Product View,0,0.0,5,May
1804,Organic Search,Desktop,South,Product Launch,45-54,2024-05-30 06:00:00,845,6,2.39,Awareness,0,0.0,5,May
1805,Paid Search,Desktop,East,Brand Awareness,55+,2024-05-30 08:00:00,761,11,1.6,Checkout,0,0.0,5,May
1806,Email,Mobile,West,Brand Awareness,25-34,2024-05-30 10:00:00,737,7,9.27,Converted,1,49.0,5,May
1807,Social Media,Mobile,West,Retargeting,25-34,2024-05-30 12:00:00,176,6,3.24,Awareness,0,0.0,5,May
1808,Organic Search,Desktop,West,Product Launch,45-54,2024-05-30 14:00:00,373,7,1.37,Converted,1,249.0,5,May
1809,Organic Search,Desktop,South,Brand Awareness,45-54,2024-05-30 16:00:00,538,3,13.51,Awareness,0,0.0,5,May
1810,Organic Search,Desktop,West,Product Launch,55+,2024-05-30 18:00:00,534,4,8.25,Bounced,0,0.0,5,May
1811,Social Media,Mobile,North,Brand Awareness,18-24,2024-05-30 20:00:00,581,9,2.45,Product View,0,0.0,5,May
1812,Email,Desktop,North,Lead Gen,35-44,2024-05-30 22:00:00,163,3,1.27,Product View,0,0.0,5,May
1813,Organic Search,Desktop,West,Retargeting,18-24,2024-05-31 00:00:00,493,2,2.24,Bounced,0,0.0,5,May
1814,Organic Search,Mobile,East,Brand Awareness,35-44,2024-05-31 02:00:00,893,12,7.33,Product View,0,0.0,5,May
1815,Organic Search,Desktop,West,Seasonal Offer,25-34,2024-05-31 04:00:00,220,13,10.19,Bounced,0,0.0,5,May
1816,Direct,Desktop,North,Brand Awareness,18-24,2024-05-31 06:00:00,192,11,9.8,Converted,1,99.0,5,May
1817,Organic Search,Desktop,North,Lead Gen,18-24,2024-05-31 08:00:00,485,7,2.59,Awareness,0,0.0,5,May
1818,Email,Tablet,North,Seasonal Offer,35-44,2024-05-31 10:00:00,90,6,9.69,Awareness,0,0.0,5,May
1819,Social Media,Mobile,East,Seasonal Offer,25-34,2024-05-31 12:00:00,34,3,6.37,Bounced,0,0.0,5,May
1820,Paid Search,Mobile,East,Brand Awareness,18-24,2024-05-31 14:00:00,66,6,7.24,Converted,1,249.0,5,May
1821,Organic Search,Desktop,East,Lead Gen,25-34,2024-05-31 16:00:00,489,7,12.12,Checkout,0,0.0,5,May
1822,Organic Search,Mobile,North,Seasonal Offer,25-34,2024-05-31 18:00:00,246,6,5.32,Converted,1,49.0,5,May
1823,Social Media,Tablet,South,Retargeting,55+,2024-05-31 20:00:00,766,1,2.63,Bounced,0,0.0,5,May
1824,Email,Tablet,West,Retargeting,25-34,2024-05-31 22:00:00,757,12,13.17,Checkout,0,0.0,5,May
1825,Social Media,Desktop,West,Product Launch,25-34,2024-06-01 00:00:00,168,14,3.58,Bounced,0,0.0,6,Jun
1826,Social Media,Mobile,North,Product Launch,45-54,2024-06-01 02:00:00,647,1,4.76,Product View,0,0.0,6,Jun
1827,Organic Search,Desktop,East,Lead Gen,35-44,2024-06-01 04:00:00,128,9,10.75,Converted,1,149.0,6,Jun
1828,Direct,Desktop,South,Seasonal Offer,35-44,2024-06-01 06:00:00,709,6,10.41,Checkout,0,0.0,6,Jun
1829,Email,Mobile,South,Retargeting,35-44,2024-06-01 08:00:00,293,12,12.11,Product View,0,0.0,6,Jun
1830,Organic Search,Desktop,East,Retargeting,55+,2024-06-01 10:00:00,628,2,3.17,Bounced,0,0.0,6,Jun
1831,Direct,Tablet,West,Lead Gen,25-34,2024-06-01 12:00:00,625,11,5.61,Checkout,0,0.0,6,Jun
1832,Social Media,Desktop,West,Seasonal Offer,55+,2024-06-01 14:00:00,253,1,2.33,Bounced,0,0.0,6,Jun
1833,Social Media,Mobile,South,Lead Gen,45-54,2024-06-01 16:00:00,40,11,8.35,Product View,0,0.0,6,Jun
1834,Email,Tablet,South,Brand Awareness,35-44,2024-06-01 18:00:00,356,12,4.74,Awareness,0,0.0,6,Jun
1835,Email,Tablet,East,Retargeting,35-44,2024-06-01 20:00:00,727,2,10.49,Awareness,0,0.0,6,Jun
1836,Social Media,Desktop,West,Lead Gen,35-44,2024-06-01 22:00:00,379,8,0.5,Product View,0,0.0,6,Jun
1837,Organic Search,Desktop,South,Lead Gen,18-24,2024-06-02 00:00:00,408,5,1.37,Converted,1,99.0,6,Jun
1838,Paid Search,Mobile,West,Brand Awareness,25-34,2024-06-02 02:00:00,260,7,6.77,Product View,0,0.0,6,Jun
1839,Referral,Desktop,South,Product Launch,55+,2024-06-02 04:00:00,170,7,14.39,Converted,1,49.0,6,Jun
1840,Organic Search,Tablet,East,Retargeting,35-44,2024-06-02 06:00:00,647,2,13.42,Bounced,0,0.0,6,Jun
1841,Paid Search,Tablet,West,Lead Gen,25-34,2024-06-02 08:00:00,794,4,14.91,Bounced,0,0.0,6,Jun
1842,Paid Search,Desktop,South,Retargeting,45-54,2024-06-02 10:00:00,78,2,6.54,Bounced,0,0.0,6,Jun
1843,Paid Search,Desktop,South,Product Launch,35-44,2024-06-02 12:00:00,480,7,1.18,Bounced,0,0.0,6,Jun
1844,Social Media,Desktop,South,Lead Gen,18-24,2024-06-02 14:00:00,804,5,4.94,Product View,0,0.0,6,Jun
1845,Referral,Tablet,South,Brand Awareness,35-44,2024-06-02 16:00:00,520,1,10.3,Converted,1,99.0,6,Jun
1846,Organic Search,Desktop,East,Retargeting,35-44,2024-06-02 18:00:00,234,2,2.46,Bounced,0,0.0,6,Jun
1847,Organic Search,Desktop,West,Brand Awareness,25-34,2024-06-02 20:00:00,898,6,4.85,Awareness,0,0.0,6,Jun
1848,Organic Search,Desktop,West,Product Launch,55+,2024-06-02 22:00:00,438,14,1.31,Awareness,0,0.0,6,Jun
1849,Referral,Mobile,North,Product Launch,25-34,2024-06-03 00:00:00,436,4,7.39,Bounced,0,0.0,6,Jun
1850,Social Media,Desktop,West,Retargeting,25-34,2024-06-03 02:00:00,80,7,3.53,Awareness,0,0.0,6,Jun
1851,Organic Search,Desktop,North,Product Launch,18-24,2024-06-03 04:00:00,204,2,1.82,Converted,1,99.0,6,Jun
1852,Email,Tablet,South,Seasonal Offer,35-44,2024-06-03 06:00:00,766,13,6.46,Awareness,0,0.0,6,Jun
1853,Referral,Tablet,East,Retargeting,25-34,2024-06-03 08:00:00,290,12,5.59,Product View,0,0.0,6,Jun
1854,Email,Mobile,East,Seasonal Offer,25-34,2024-06-03 10:00:00,509,2,8.29,Bounced,0,0.0,6,Jun
1855,Referral,Desktop,South,Product Launch,45-54,2024-06-03 12:00:00,763,12,11.36,Product View,0,0.0,6,Jun
1856,Organic Search,Desktop,North,Retargeting,18-24,2024-06-03 14:00:00,252,6,2.13,Converted,1,49.0,6,Jun
1857,Email,Mobile,South,Seasonal Offer,45-54,2024-06-03 16:00:00,298,8,11.97,Converted,1,49.0,6,Jun
1858,Paid Search,Desktop,East,Product Launch,35-44,2024-06-03 18:00:00,839,13,0.88,Bounced,0,0.0,6,Jun
1859,Email,Tablet,East,Lead Gen,55+,2024-06-03 20:00:00,347,1,6.92,Product View,0,0.0,6,Jun
1860,Email,Mobile,West,Lead Gen,35-44,2024-06-03 22:00:00,414,5,9.02,Checkout,0,0.0,6,Jun
1861,Email,Desktop,North,Brand Awareness,18-24,2024-06-04 00:00:00,615,1,14.38,Product View,0,0.0,6,Jun
1862,Social Media,Tablet,West,Lead Gen,18-24,2024-06-04 02:00:00,655,11,8.82,Awareness,0,0.0,6,Jun
1863,Organic Search,Tablet,East,Seasonal Offer,45-54,2024-06-04 04:00:00,248,6,2.8,Checkout,0,0.0,6,Jun
1864,Social Media,Desktop,East,Lead Gen,45-54,2024-06-04 06:00:00,83,7,8.0,Product View,0,0.0,6,Jun
1865,Direct,Mobile,West,Retargeting,25-34,2024-06-04 08:00:00,229,6,6.24,Checkout,0,0.0,6,Jun
1866,Referral,Desktop,West,Retargeting,35-44,2024-06-04 10:00:00,672,14,7.45,Checkout,0,0.0,6,Jun
1867,Organic Search,Desktop,East,Retargeting,25-34,2024-06-04 12:00:00,368,13,3.36,Product View,0,0.0,6,Jun
1868,Organic Search,Desktop,West,Lead Gen,55+,2024-06-04 14:00:00,733,9,7.76,Converted,1,99.0,6,Jun
1869,Organic Search,Mobile,West,Lead Gen,55+,2024-06-04 16:00:00,720,3,2.68,Product View,0,0.0,6,Jun
1870,Email,Tablet,North,Brand Awareness,55+,2024-06-04 18:00:00,334,8,11.29,Checkout,0,0.0,6,Jun
1871,Email,Mobile,East,Product Launch,45-54,2024-06-04 20:00:00,828,3,9.11,Converted,1,99.0,6,Jun
1872,Organic Search,Desktop,South,Brand Awareness,55+,2024-06-04 22:00:00,781,11,1.64,Bounced,0,0.0,6,Jun
1873,Paid Search,Mobile,North,Seasonal Offer,25-34,2024-06-05 00:00:00,274,12,13.4,Converted,1,99.0,6,Jun
1874,Email,Desktop,South,Retargeting,45-54,2024-06-05 02:00:00,871,13,9.44,Product View,0,0.0,6,Jun
1875,Email,Mobile,West,Lead Gen,35-44,2024-06-05 04:00:00,658,13,5.08,Converted,1,99.0,6,Jun
1876,Social Media,Desktop,West,Product Launch,55+,2024-06-05 06:00:00,237,7,1.16,Bounced,0,0.0,6,Jun
1877,Social Media,Desktop,South,Product Launch,35-44,2024-06-05 08:00:00,753,14,9.67,Bounced,0,0.0,6,Jun
1878,Paid Search,Desktop,West,Lead Gen,18-24,2024-06-05 10:00:00,540,13,5.91,Product View,0,0.0,6,Jun
1879,Organic Search,Mobile,West,Brand Awareness,35-44,2024-06-05 12:00:00,288,5,13.66,Bounced,0,0.0,6,Jun
1880,Social Media,Desktop,North,Product Launch,35-44,2024-06-05 14:00:00,409,12,1.01,Product View,0,0.0,6,Jun
1881,Social Media,Mobile,South,Brand Awareness,25-34,2024-06-05 16:00:00,192,13,1.07,Checkout,0,0.0,6,Jun
1882,Referral,Desktop,North,Lead Gen,25-34,2024-06-05 18:00:00,767,1,14.26,Checkout,0,0.0,6,Jun
1883,Social Media,Desktop,South,Brand Awareness,35-44,2024-06-05 20:00:00,370,11,14.49,Product View,0,0.0,6,Jun
1884,Email,Desktop,North,Retargeting,25-34,2024-06-05 22:00:00,605,12,0.9,Checkout,0,0.0,6,Jun
1885,Organic Search,Tablet,East,Lead Gen,25-34,2024-06-06 00:00:00,787,4,10.88,Checkout,0,0.0,6,Jun
1886,Paid Search,Tablet,East,Lead Gen,18-24,2024-06-06 02:00:00,559,14,3.71,Product View,0,0.0,6,Jun
1887,Organic Search,Desktop,South,Product Launch,55+,2024-06-06 04:00:00,63,13,10.67,Awareness,0,0.0,6,Jun
1888,Organic Search,Desktop,East,Product Launch,45-54,2024-06-06 06:00:00,853,11,13.1,Checkout,0,0.0,6,Jun
1889,Email,Desktop,North,Product Launch,18-24,2024-06-06 08:00:00,352,9,1.96,Converted,1,49.0,6,Jun
1890,Direct,Mobile,South,Retargeting,45-54,2024-06-06 10:00:00,210,8,3.96,Product View,0,0.0,6,Jun
1891,Organic Search,Desktop,East,Retargeting,35-44,2024-06-06 12:00:00,376,3,0.85,Product View,0,0.0,6,Jun
1892,Paid Search,Tablet,East,Seasonal Offer,18-24,2024-06-06 14:00:00,735,2,1.14,Converted,1,49.0,6,Jun
1893,Email,Tablet,South,Lead Gen,25-34,2024-06-06 16:00:00,221,11,0.93,Converted,1,249.0,6,Jun
1894,Organic Search,Desktop,East,Product Launch,35-44,2024-06-06 18:00:00,608,9,12.11,Product View,0,0.0,6,Jun
1895,Social Media,Desktop,East,Lead Gen,25-34,2024-06-06 20:00:00,750,1,4.83,Product View,0,0.0,6,Jun
1896,Email,Mobile,South,Brand Awareness,45-54,2024-06-06 22:00:00,708,9,7.65,Bounced,0,0.0,6,Jun
1897,Social Media,Mobile,East,Retargeting,25-34,2024-06-07 00:00:00,275,12,11.92,Checkout,0,0.0,6,Jun
1898,Organic Search,Desktop,East,Seasonal Offer,25-34,2024-06-07 02:00:00,274,7,7.68,Converted,1,49.0,6,Jun
1899,Paid Search,Desktop,East,Brand Awareness,55+,2024-06-07 04:00:00,707,12,6.72,Product View,0,0.0,6,Jun
1900,Email,Desktop,East,Lead Gen,25-34,2024-06-07 06:00:00,837,2,0.67,Bounced,0,0.0,6,Jun
1901,Social Media,Desktop,West,Retargeting,35-44,2024-06-07 08:00:00,752,11,8.74,Bounced,0,0.0,6,Jun
1902,Organic Search,Desktop,South,Product Launch,18-24,2024-06-07 10:00:00,162,5,2.31,Checkout,0,0.0,6,Jun
1903,Email,Desktop,West,Brand Awareness,25-34,2024-06-07 12:00:00,226,14,11.59,Converted,1,149.0,6,Jun
1904,Organic Search,Mobile,West,Retargeting,25-34,2024-06-07 14:00:00,376,2,4.24,Product View,0,0.0,6,Jun
1905,Email,Desktop,North,Lead Gen,25-34,2024-06-07 16:00:00,78,5,10.28,Converted,1,99.0,6,Jun
1906,Organic Search,Desktop,West,Lead Gen,25-34,2024-06-07 18:00:00,93,7,9.87,Awareness,0,0.0,6,Jun
1907,Direct,Desktop,West,Brand Awareness,25-34,2024-06-07 20:00:00,653,5,9.44,Product View,0,0.0,6,Jun
1908,Paid Search,Mobile,North,Brand Awareness,35-44,2024-06-07 22:00:00,897,2,4.37,Checkout,0,0.0,6,Jun
1909,Paid Search,Mobile,East,Brand Awareness,35-44,2024-06-08 00:00:00,726,11,4.37,Converted,1,499.0,6,Jun
1910,Organic Search,Desktop,East,Seasonal Offer,18-24,2024-06-08 02:00:00,133,14,13.01,Bounced,0,0.0,6,Jun
1911,Paid Search,Desktop,West,Product Launch,45-54,2024-06-08 04:00:00,242,5,0.69,Awareness,0,0.0,6,Jun
1912,Referral,Tablet,North,Retargeting,25-34,2024-06-08 06:00:00,546,12,3.13,Bounced,0,0.0,6,Jun
1913,Direct,Desktop,East,Lead Gen,25-34,2024-06-08 08:00:00,148,12,9.35,Converted,1,49.0,6,Jun
1914,Paid Search,Desktop,North,Lead Gen,35-44,2024-06-08 10:00:00,885,10,12.35,Awareness,0,0.0,6,Jun
1915,Paid Search,Desktop,South,Product Launch,25-34,2024-06-08 12:00:00,790,14,5.7,Converted,1,249.0,6,Jun
1916,Email,Desktop,South,Brand Awareness,25-34,2024-06-08 14:00:00,708,6,9.97,Converted,1,99.0,6,Jun
1917,Referral,Desktop,South,Brand Awareness,18-24,2024-06-08 16:00:00,271,5,8.58,Awareness,0,0.0,6,Jun
1918,Social Media,Tablet,South,Lead Gen,45-54,2024-06-08 18:00:00,309,2,1.44,Bounced,0,0.0,6,Jun
1919,Paid Search,Mobile,West,Product Launch,35-44,2024-06-08 20:00:00,453,6,9.52,Product View,0,0.0,6,Jun
1920,Paid Search,Desktop,South,Lead Gen,18-24,2024-06-08 22:00:00,392,6,12.3,Bounced,0,0.0,6,Jun
1921,Social Media,Tablet,South,Brand Awareness,25-34,2024-06-09 00:00:00,779,12,14.89,Bounced,0,0.0,6,Jun
1922,Organic Search,Desktop,North,Retargeting,45-54,2024-06-09 02:00:00,335,2,0.93,Checkout,0,0.0,6,Jun
1923,Social Media,Desktop,East,Brand Awareness,35-44,2024-06-09 04:00:00,746,13,10.07,Bounced,0,0.0,6,Jun
1924,Paid Search,Mobile,North,Retargeting,18-24,2024-06-09 06:00:00,515,13,6.51,Awareness,0,0.0,6,Jun
1925,Email,Mobile,West,Seasonal Offer,25-34,2024-06-09 08:00:00,343,4,0.64,Product View,0,0.0,6,Jun
1926,Organic Search,Desktop,South,Product Launch,25-34,2024-06-09 10:00:00,542,7,9.41,Product View,0,0.0,6,Jun
1927,Social Media,Desktop,East,Seasonal Offer,35-44,2024-06-09 12:00:00,712,1,2.28,Awareness,0,0.0,6,Jun
1928,Paid Search,Mobile,East,Brand Awareness,45-54,2024-06-09 14:00:00,196,1,5.99,Bounced,0,0.0,6,Jun
1929,Social Media,Mobile,South,Product Launch,25-34,2024-06-09 16:00:00,423,14,4.29,Product View,0,0.0,6,Jun
1930,Organic Search,Mobile,South,Brand Awareness,25-34,2024-06-09 18:00:00,799,11,5.74,Converted,1,49.0,6,Jun
1931,Social Media,Desktop,West,Product Launch,55+,2024-06-09 20:00:00,92,12,7.64,Bounced,0,0.0,6,Jun
1932,Social Media,Desktop,West,Product Launch,35-44,2024-06-09 22:00:00,301,11,5.71,Bounced,0,0.0,6,Jun
1933,Social Media,Desktop,South,Brand Awareness,35-44,2024-06-10 00:00:00,66,6,8.51,Product View,0,0.0,6,Jun
1934,Social Media,Desktop,South,Brand Awareness,25-34,2024-06-10 02:00:00,45,7,3.96,Checkout,0,0.0,6,Jun
1935,Social Media,Tablet,South,Product Launch,35-44,2024-06-10 04:00:00,795,12,9.71,Bounced,0,0.0,6,Jun
1936,Email,Desktop,South,Product Launch,35-44,2024-06-10 06:00:00,372,5,12.88,Converted,1,49.0,6,Jun
1937,Organic Search,Desktop,East,Brand Awareness,25-34,2024-06-10 08:00:00,375,12,3.75,Product View,0,0.0,6,Jun
1938,Email,Mobile,West,Brand Awareness,55+,2024-06-10 10:00:00,877,10,7.86,Converted,1,99.0,6,Jun
1939,Paid Search,Desktop,South,Lead Gen,45-54,2024-06-10 12:00:00,568,8,9.91,Awareness,0,0.0,6,Jun
1940,Organic Search,Desktop,South,Lead Gen,35-44,2024-06-10 14:00:00,652,11,8.69,Converted,1,99.0,6,Jun
1941,Organic Search,Mobile,East,Lead Gen,35-44,2024-06-10 16:00:00,262,4,5.8,Awareness,0,0.0,6,Jun
1942,Paid Search,Mobile,North,Seasonal Offer,25-34,2024-06-10 18:00:00,605,3,9.81,Awareness,0,0.0,6,Jun
1943,Email,Mobile,South,Product Launch,25-34,2024-06-10 20:00:00,638,7,0.91,Product View,0,0.0,6,Jun
1944,Social Media,Desktop,East,Retargeting,25-34,2024-06-10 22:00:00,445,14,5.86,Checkout,0,0.0,6,Jun
1945,Email,Mobile,East,Seasonal Offer,45-54,2024-06-11 00:00:00,296,4,8.22,Converted,1,99.0,6,Jun
1946,Paid Search,Mobile,North,Product Launch,25-34,2024-06-11 02:00:00,355,1,0.8,Checkout,0,0.0,6,Jun
1947,Paid Search,Desktop,West,Retargeting,45-54,2024-06-11 04:00:00,773,11,7.86,Product View,0,0.0,6,Jun
1948,Organic Search,Desktop,West,Lead Gen,18-24,2024-06-11 06:00:00,472,8,9.99,Awareness,0,0.0,6,Jun
1949,Paid Search,Mobile,West,Retargeting,35-44,2024-06-11 08:00:00,589,5,11.51,Converted,1,249.0,6,Jun
1950,Paid Search,Desktop,South,Brand Awareness,35-44,2024-06-11 10:00:00,891,13,2.14,Bounced,0,0.0,6,Jun
1951,Organic Search,Mobile,West,Brand Awareness,35-44,2024-06-11 12:00:00,751,8,14.86,Awareness,0,0.0,6,Jun
1952,Organic Search,Desktop,South,Product Launch,45-54,2024-06-11 14:00:00,105,8,9.29,Product View,0,0.0,6,Jun
1953,Social Media,Desktop,South,Seasonal Offer,55+,2024-06-11 16:00:00,276,12,5.77,Product View,0,0.0,6,Jun
1954,Email,Desktop,East,Lead Gen,18-24,2024-06-11 18:00:00,857,5,4.11,Bounced,0,0.0,6,Jun
1955,Direct,Mobile,West,Product Launch,18-24,2024-06-11 20:00:00,609,8,8.81,Bounced,0,0.0,6,Jun
1956,Referral,Desktop,West,Lead Gen,18-24,2024-06-11 22:00:00,342,7,13.28,Bounced,0,0.0,6,Jun
1957,Social Media,Mobile,West,Brand Awareness,35-44,2024-06-12 00:00:00,605,13,8.05,Product View,0,0.0,6,Jun
1958,Paid Search,Mobile,South,Seasonal Offer,25-34,2024-06-12 02:00:00,723,3,10.09,Bounced,0,0.0,6,Jun
1959,Social Media,Mobile,South,Seasonal Offer,35-44,2024-06-12 04:00:00,621,4,5.69,Converted,1,99.0,6,Jun
1960,Email,Tablet,West,Brand Awareness,25-34,2024-06-12 06:00:00,372,11,6.13,Checkout,0,0.0,6,Jun
1961,Organic Search,Mobile,South,Retargeting,35-44,2024-06-12 08:00:00,744,12,4.65,Product View,0,0.0,6,Jun
1962,Paid Search,Desktop,South,Seasonal Offer,45-54,2024-06-12 10:00:00,211,13,10.73,Product View,0,0.0,6,Jun
1963,Email,Tablet,North,Retargeting,35-44,2024-06-12 12:00:00,755,7,5.71,Product View,0,0.0,6,Jun
1964,Paid Search,Mobile,North,Lead Gen,35-44,2024-06-12 14:00:00,661,4,3.27,Converted,1,99.0,6,Jun
1965,Social Media,Desktop,West,Seasonal Offer,18-24,2024-06-12 16:00:00,428,6,5.86,Bounced,0,0.0,6,Jun
1966,Social Media,Desktop,West,Brand Awareness,25-34,2024-06-12 18:00:00,270,12,12.88,Awareness,0,0.0,6,Jun
1967,Organic Search,Mobile,North,Retargeting,35-44,2024-06-12 20:00:00,876,2,11.2,Bounced,0,0.0,6,Jun
1968,Paid Search,Desktop,South,Lead Gen,25-34,2024-06-12 22:00:00,743,12,5.35,Converted,1,149.0,6,Jun
1969,Paid Search,Mobile,South,Lead Gen,55+,2024-06-13 00:00:00,321,2,13.65,Awareness,0,0.0,6,Jun
1970,Organic Search,Desktop,East,Seasonal Offer,55+,2024-06-13 02:00:00,83,3,1.59,Product View,0,0.0,6,Jun
1971,Organic Search,Desktop,West,Seasonal Offer,45-54,2024-06-13 04:00:00,174,10,1.22,Product View,0,0.0,6,Jun
1972,Email,Mobile,West,Product Launch,25-34,2024-06-13 06:00:00,385,7,2.35,Awareness,0,0.0,6,Jun
1973,Organic Search,Desktop,West,Product Launch,35-44,2024-06-13 08:00:00,627,3,2.19,Checkout,0,0.0,6,Jun
1974,Paid Search,Desktop,East,Seasonal Offer,25-34,2024-06-13 10:00:00,506,12,1.77,Checkout,0,0.0,6,Jun
1975,Organic Search,Mobile,East,Product Launch,25-34,2024-06-13 12:00:00,51,3,10.09,Awareness,0,0.0,6,Jun
1976,Referral,Desktop,South,Brand Awareness,25-34,2024-06-13 14:00:00,360,13,9.21,Product View,0,0.0,6,Jun
1977,Organic Search,Mobile,North,Brand Awareness,18-24,2024-06-13 16:00:00,321,14,9.89,Checkout,0,0.0,6,Jun
1978,Paid Search,Mobile,North,Product Launch,25-34,2024-06-13 18:00:00,265,4,10.48,Product View,0,0.0,6,Jun
1979,Referral,Mobile,North,Seasonal Offer,25-34,2024-06-13 20:00:00,58,10,11.47,Product View,0,0.0,6,Jun
1980,Email,Desktop,South,Brand Awareness,55+,2024-06-13 22:00:00,724,6,3.5,Awareness,0,0.0,6,Jun
1981,Organic Search,Desktop,North,Lead Gen,25-34,2024-06-14 00:00:00,189,1,9.52,Converted,1,149.0,6,Jun
1982,Email,Mobile,East,Seasonal Offer,55+,2024-06-14 02:00:00,559,6,8.91,Product View,0,0.0,6,Jun
1983,Paid Search,Tablet,East,Retargeting,25-34,2024-06-14 04:00:00,579,8,14.18,Awareness,0,0.0,6,Jun
1984,Paid Search,Mobile,West,Retargeting,25-34,2024-06-14 06:00:00,130,12,3.87,Bounced,0,0.0,6,Jun
1985,Organic Search,Mobile,North,Seasonal Offer,35-44,2024-06-14 08:00:00,319,8,1.35,Bounced,0,0.0,6,Jun
1986,Organic Search,Desktop,East,Product Launch,35-44,2024-06-14 10:00:00,406,6,9.98,Product View,0,0.0,6,Jun
1987,Email,Desktop,West,Brand Awareness,18-24,2024-06-14 12:00:00,202,6,11.23,Checkout,0,0.0,6,Jun
1988,Paid Search,Desktop,North,Brand Awareness,25-34,2024-06-14 14:00:00,372,13,4.61,Converted,1,49.0,6,Jun
1989,Paid Search,Desktop,North,Seasonal Offer,25-34,2024-06-14 16:00:00,608,3,8.78,Product View,0,0.0,6,Jun
1990,Email,Desktop,East,Lead Gen,25-34,2024-06-14 18:00:00,220,14,1.36,Converted,1,149.0,6,Jun
1991,Email,Tablet,West,Product Launch,35-44,2024-06-14 20:00:00,468,2,14.42,Bounced,0,0.0,6,Jun
1992,Organic Search,Desktop,West,Lead Gen,35-44,2024-06-14 22:00:00,584,7,2.09,Bounced,0,0.0,6,Jun
1993,Social Media,Desktop,East,Seasonal Offer,25-34,2024-06-15 00:00:00,664,8,1.48,Awareness,0,0.0,6,Jun
1994,Organic Search,Desktop,East,Seasonal Offer,45-54,2024-06-15 02:00:00,819,10,1.14,Checkout,0,0.0,6,Jun
1995,Email,Tablet,East,Lead Gen,25-34,2024-06-15 04:00:00,372,13,6.7,Converted,1,99.0,6,Jun
1996,Social Media,Mobile,North,Retargeting,35-44,2024-06-15 06:00:00,737,14,1.91,Bounced,0,0.0,6,Jun
1997,Direct,Mobile,East,Seasonal Offer,45-54,2024-06-15 08:00:00,874,6,11.3,Bounced,0,0.0,6,Jun
1998,Organic Search,Tablet,East,Product Launch,55+,2024-06-15 10:00:00,154,5,13.53,Checkout,0,0.0,6,Jun
1999,Organic Search,Desktop,South,Lead Gen,25-34,2024-06-15 12:00:00,637,4,4.27,Awareness,0,0.0,6,Jun
2000,Organic Search,Mobile,East,Retargeting,35-44,2024-06-15 14:00:00,698,1,9.62,Checkout,0,0.0,6,Jun
2001,Organic Search,Desktop,East,Lead Gen,25-34,2024-06-15 16:00:00,581,9,1.11,Checkout,0,0.0,6,Jun
2002,Organic Search,Desktop,North,Retargeting,35-44,2024-06-15 18:00:00,389,11,6.11,Converted,1,49.0,6,Jun
2003,Referral,Mobile,West,Retargeting,25-34,2024-06-15 20:00:00,532,10,4.75,Product View,0,0.0,6,Jun
2004,Organic Search,Mobile,North,Product Launch,25-34,2024-06-15 22:00:00,202,4,3.81,Converted,1,49.0,6,Jun
2005,Organic Search,Desktop,South,Seasonal Offer,45-54,2024-06-16 00:00:00,423,2,9.85,Converted,1,49.0,6,Jun
2006,Email,Desktop,East,Retargeting,18-24,2024-06-16 02:00:00,490,4,2.39,Converted,1,99.0,6,Jun
2007,Paid Search,Mobile,East,Seasonal Offer,45-54,2024-06-16 04:00:00,714,13,12.98,Checkout,0,0.0,6,Jun
2008,Email,Desktop,East,Product Launch,45-54,2024-06-16 06:00:00,149,11,10.14,Awareness,0,0.0,6,Jun
2009,Organic Search,Desktop,East,Seasonal Offer,35-44,2024-06-16 08:00:00,302,5,10.81,Converted,1,49.0,6,Jun
2010,Paid Search,Desktop,East,Brand Awareness,25-34,2024-06-16 10:00:00,387,2,14.06,Bounced,0,0.0,6,Jun
2011,Organic Search,Desktop,East,Retargeting,25-34,2024-06-16 12:00:00,415,7,14.16,Checkout,0,0.0,6,Jun
2012,Organic Search,Mobile,South,Product Launch,55+,2024-06-16 14:00:00,887,3,8.5,Checkout,0,0.0,6,Jun
2013,Referral,Desktop,East,Lead Gen,18-24,2024-06-16 16:00:00,348,14,7.68,Converted,1,99.0,6,Jun
2014,Organic Search,Desktop,East,Product Launch,35-44,2024-06-16 18:00:00,290,8,5.36,Checkout,0,0.0,6,Jun
2015,Social Media,Mobile,East,Retargeting,35-44,2024-06-16 20:00:00,310,4,10.88,Converted,1,149.0,6,Jun
2016,Paid Search,Mobile,South,Product Launch,55+,2024-06-16 22:00:00,358,12,8.3,Checkout,0,0.0,6,Jun
2017,Paid Search,Desktop,East,Lead Gen,45-54,2024-06-17 00:00:00,153,11,14.03,Bounced,0,0.0,6,Jun
2018,Referral,Desktop,South,Brand Awareness,35-44,2024-06-17 02:00:00,505,5,3.96,Awareness,0,0.0,6,Jun
2019,Organic Search,Desktop,North,Retargeting,18-24,2024-06-17 04:00:00,307,3,5.0,Bounced,0,0.0,6,Jun
2020,Social Media,Mobile,East,Retargeting,25-34,2024-06-17 06:00:00,122,13,5.08,Checkout,0,0.0,6,Jun
2021,Direct,Mobile,West,Product Launch,18-24,2024-06-17 08:00:00,576,11,12.19,Product View,0,0.0,6,Jun
2022,Social Media,Mobile,South,Seasonal Offer,45-54,2024-06-17 10:00:00,852,5,1.94,Product View,0,0.0,6,Jun
2023,Referral,Tablet,North,Seasonal Offer,35-44,2024-06-17 12:00:00,157,9,7.11,Awareness,0,0.0,6,Jun
2024,Organic Search,Mobile,South,Lead Gen,45-54,2024-06-17 14:00:00,561,11,6.7,Bounced,0,0.0,6,Jun
2025,Paid Search,Mobile,South,Brand Awareness,35-44,2024-06-17 16:00:00,802,13,1.56,Bounced,0,0.0,6,Jun
2026,Organic Search,Desktop,North,Brand Awareness,35-44,2024-06-17 18:00:00,196,14,6.46,Converted,1,149.0,6,Jun
2027,Email,Desktop,East,Product Launch,18-24,2024-06-17 20:00:00,860,2,7.94,Checkout,0,0.0,6,Jun
2028,Direct,Tablet,East,Product Launch,25-34,2024-06-17 22:00:00,265,7,1.44,Converted,1,149.0,6,Jun
2029,Organic Search,Desktop,South,Seasonal Offer,18-24,2024-06-18 00:00:00,61,10,7.89,Converted,1,149.0,6,Jun
2030,Social Media,Desktop,North,Brand Awareness,35-44,2024-06-18 02:00:00,260,8,14.41,Converted,1,249.0,6,Jun
2031,Organic Search,Mobile,East,Brand Awareness,25-34,2024-06-18 04:00:00,220,3,14.69,Checkout,0,0.0,6,Jun
2032,Social Media,Desktop,South,Brand Awareness,35-44,2024-06-18 06:00:00,871,11,8.21,Product View,0,0.0,6,Jun
2033,Paid Search,Mobile,West,Lead Gen,35-44,2024-06-18 08:00:00,686,4,7.97,Product View,0,0.0,6,Jun
2034,Direct,Mobile,North,Lead Gen,25-34,2024-06-18 10:00:00,642,13,4.64,Checkout,0,0.0,6,Jun
2035,Social Media,Desktop,West,Product Launch,18-24,2024-06-18 12:00:00,620,11,14.96,Bounced,0,0.0,6,Jun
2036,Paid Search,Mobile,West,Seasonal Offer,25-34,2024-06-18 14:00:00,537,10,4.48,Converted,1,249.0,6,Jun
2037,Organic Search,Desktop,South,Retargeting,25-34,2024-06-18 16:00:00,486,2,7.07,Converted,1,249.0,6,Jun
2038,Organic Search,Desktop,North,Seasonal Offer,35-44,2024-06-18 18:00:00,701,10,0.54,Awareness,0,0.0,6,Jun
2039,Organic Search,Mobile,East,Lead Gen,18-24,2024-06-18 20:00:00,284,13,5.56,Awareness,0,0.0,6,Jun
2040,Organic Search,Mobile,East,Lead Gen,45-54,2024-06-18 22:00:00,308,9,1.54,Converted,1,49.0,6,Jun
2041,Referral,Mobile,South,Product Launch,45-54,2024-06-19 00:00:00,729,3,11.29,Bounced,0,0.0,6,Jun
2042,Social Media,Desktop,East,Retargeting,25-34,2024-06-19 02:00:00,751,9,8.63,Product View,0,0.0,6,Jun
2043,Social Media,Mobile,East,Brand Awareness,35-44,2024-06-19 04:00:00,782,13,8.8,Product View,0,0.0,6,Jun
2044,Organic Search,Desktop,West,Retargeting,35-44,2024-06-19 06:00:00,85,7,4.65,Product View,0,0.0,6,Jun
2045,Referral,Tablet,West,Retargeting,35-44,2024-06-19 08:00:00,678,6,12.32,Checkout,0,0.0,6,Jun
2046,Email,Desktop,North,Retargeting,25-34,2024-06-19 10:00:00,135,11,0.55,Product View,0,0.0,6,Jun
2047,Organic Search,Mobile,West,Product Launch,25-34,2024-06-19 12:00:00,610,12,5.34,Product View,0,0.0,6,Jun
2048,Social Media,Desktop,East,Lead Gen,25-34,2024-06-19 14:00:00,731,11,10.06,Product View,0,0.0,6,Jun
2049,Social Media,Desktop,North,Brand Awareness,25-34,2024-06-19 16:00:00,221,3,13.66,Bounced,0,0.0,6,Jun
2050,Organic Search,Desktop,North,Retargeting,45-54,2024-06-19 18:00:00,307,11,3.9,Checkout,0,0.0,6,Jun
2051,Paid Search,Mobile,South,Brand Awareness,35-44,2024-06-19 20:00:00,573,7,8.35,Bounced,0,0.0,6,Jun
2052,Paid Search,Mobile,West,Retargeting,55+,2024-06-19 22:00:00,204,11,8.3,Product View,0,0.0,6,Jun
2053,Organic Search,Tablet,North,Lead Gen,18-24,2024-06-20 00:00:00,799,14,13.18,Product View,0,0.0,6,Jun
2054,Referral,Desktop,East,Brand Awareness,18-24,2024-06-20 02:00:00,664,3,1.23,Converted,1,49.0,6,Jun
2055,Email,Desktop,North,Seasonal Offer,35-44,2024-06-20 04:00:00,114,13,6.65,Awareness,0,0.0,6,Jun
2056,Social Media,Desktop,North,Lead Gen,25-34,2024-06-20 06:00:00,757,11,3.15,Bounced,0,0.0,6,Jun
2057,Paid Search,Mobile,South,Brand Awareness,25-34,2024-06-20 08:00:00,245,6,0.81,Converted,1,99.0,6,Jun
2058,Paid Search,Desktop,East,Retargeting,35-44,2024-06-20 10:00:00,43,8,2.63,Converted,1,99.0,6,Jun
2059,Social Media,Mobile,East,Retargeting,18-24,2024-06-20 12:00:00,66,5,14.66,Bounced,0,0.0,6,Jun
2060,Social Media,Tablet,West,Lead Gen,35-44,2024-06-20 14:00:00,56,11,3.62,Bounced,0,0.0,6,Jun
2061,Organic Search,Tablet,East,Lead Gen,25-34,2024-06-20 16:00:00,693,11,14.06,Product View,0,0.0,6,Jun
2062,Paid Search,Mobile,North,Retargeting,35-44,2024-06-20 18:00:00,605,13,3.48,Product View,0,0.0,6,Jun
2063,Email,Mobile,East,Brand Awareness,45-54,2024-06-20 20:00:00,99,3,14.0,Bounced,0,0.0,6,Jun
2064,Paid Search,Mobile,East,Seasonal Offer,25-34,2024-06-20 22:00:00,183,6,9.99,Converted,1,49.0,6,Jun
2065,Organic Search,Desktop,North,Product Launch,55+,2024-06-21 00:00:00,467,8,2.14,Awareness,0,0.0,6,Jun
2066,Email,Mobile,South,Lead Gen,35-44,2024-06-21 02:00:00,794,10,8.94,Checkout,0,0.0,6,Jun
2067,Organic Search,Desktop,West,Retargeting,55+,2024-06-21 04:00:00,300,3,5.12,Bounced,0,0.0,6,Jun
2068,Organic Search,Desktop,West,Brand Awareness,25-34,2024-06-21 06:00:00,570,12,6.06,Converted,1,49.0,6,Jun
2069,Organic Search,Desktop,South,Lead Gen,35-44,2024-06-21 08:00:00,103,13,6.88,Awareness,0,0.0,6,Jun
2070,Paid Search,Desktop,North,Brand Awareness,25-34,2024-06-21 10:00:00,825,14,6.63,Awareness,0,0.0,6,Jun
2071,Email,Desktop,West,Lead Gen,45-54,2024-06-21 12:00:00,600,11,10.13,Bounced,0,0.0,6,Jun
2072,Paid Search,Desktop,South,Retargeting,35-44,2024-06-21 14:00:00,784,11,11.64,Awareness,0,0.0,6,Jun
2073,Organic Search,Mobile,South,Brand Awareness,25-34,2024-06-21 16:00:00,870,5,5.27,Bounced,0,0.0,6,Jun
2074,Referral,Desktop,South,Retargeting,55+,2024-06-21 18:00:00,178,9,13.9,Bounced,0,0.0,6,Jun
2075,Referral,Mobile,West,Brand Awareness,25-34,2024-06-21 20:00:00,535,14,14.11,Checkout,0,0.0,6,Jun
2076,Referral,Desktop,West,Lead Gen,25-34,2024-06-21 22:00:00,39,14,1.09,Converted,1,499.0,6,Jun
2077,Organic Search,Mobile,West,Product Launch,35-44,2024-06-22 00:00:00,673,10,0.72,Awareness,0,0.0,6,Jun
2078,Paid Search,Mobile,West,Product Launch,35-44,2024-06-22 02:00:00,531,10,6.66,Bounced,0,0.0,6,Jun
2079,Direct,Mobile,East,Seasonal Offer,25-34,2024-06-22 04:00:00,91,3,9.06,Converted,1,99.0,6,Jun
2080,Email,Mobile,South,Seasonal Offer,25-34,2024-06-22 06:00:00,417,13,4.53,Product View,0,0.0,6,Jun
2081,Organic Search,Desktop,East,Retargeting,55+,2024-06-22 08:00:00,803,12,4.26,Converted,1,99.0,6,Jun
2082,Organic Search,Mobile,South,Brand Awareness,35-44,2024-06-22 10:00:00,759,11,10.34,Converted,1,49.0,6,Jun
2083,Paid Search,Desktop,West,Seasonal Offer,18-24,2024-06-22 12:00:00,261,2,9.22,Awareness,0,0.0,6,Jun
2084,Referral,Desktop,West,Lead Gen,25-34,2024-06-22 14:00:00,877,11,2.92,Awareness,0,0.0,6,Jun
2085,Social Media,Mobile,East,Product Launch,55+,2024-06-22 16:00:00,613,13,13.33,Bounced,0,0.0,6,Jun
2086,Paid Search,Desktop,North,Brand Awareness,35-44,2024-06-22 18:00:00,557,14,10.36,Bounced,0,0.0,6,Jun
2087,Organic Search,Mobile,West,Product Launch,55+,2024-06-22 20:00:00,579,8,5.76,Converted,1,149.0,6,Jun
2088,Social Media,Mobile,North,Brand Awareness,25-34,2024-06-22 22:00:00,718,14,10.41,Checkout,0,0.0,6,Jun
2089,Email,Desktop,South,Seasonal Offer,35-44,2024-06-23 00:00:00,474,14,2.13,Bounced,0,0.0,6,Jun
2090,Paid Search,Desktop,East,Seasonal Offer,35-44,2024-06-23 02:00:00,350,14,7.29,Awareness,0,0.0,6,Jun
2091,Email,Desktop,North,Retargeting,25-34,2024-06-23 04:00:00,112,7,2.95,Converted,1,99.0,6,Jun
2092,Direct,Tablet,North,Brand Awareness,35-44,2024-06-23 06:00:00,463,12,1.1,Awareness,0,0.0,6,Jun
2093,Organic Search,Mobile,West,Lead Gen,35-44,2024-06-23 08:00:00,46,9,5.41,Bounced,0,0.0,6,Jun
2094,Social Media,Desktop,North,Seasonal Offer,25-34,2024-06-23 10:00:00,398,4,2.69,Bounced,0,0.0,6,Jun
2095,Organic Search,Desktop,North,Retargeting,45-54,2024-06-23 12:00:00,697,3,9.69,Bounced,0,0.0,6,Jun
2096,Email,Mobile,South,Seasonal Offer,45-54,2024-06-23 14:00:00,713,10,10.27,Converted,1,49.0,6,Jun
2097,Social Media,Mobile,East,Product Launch,45-54,2024-06-23 16:00:00,611,5,2.66,Product View,0,0.0,6,Jun
2098,Social Media,Desktop,West,Seasonal Offer,45-54,2024-06-23 18:00:00,612,11,0.86,Bounced,0,0.0,6,Jun
2099,Email,Desktop,West,Brand Awareness,25-34,2024-06-23 20:00:00,284,1,12.0,Product View,0,0.0,6,Jun
2100,Paid Search,Mobile,North,Retargeting,25-34,2024-06-23 22:00:00,485,5,0.53,Checkout,0,0.0,6,Jun
2101,Referral,Desktop,South,Brand Awareness,45-54,2024-06-24 00:00:00,672,13,5.49,Product View,0,0.0,6,Jun
2102,Social Media,Desktop,North,Lead Gen,25-34,2024-06-24 02:00:00,590,13,7.67,Bounced,0,0.0,6,Jun
2103,Organic Search,Tablet,North,Lead Gen,25-34,2024-06-24 04:00:00,562,3,12.37,Converted,1,499.0,6,Jun
2104,Social Media,Mobile,West,Seasonal Offer,35-44,2024-06-24 06:00:00,421,1,12.66,Bounced,0,0.0,6,Jun
2105,Email,Desktop,North,Retargeting,18-24,2024-06-24 08:00:00,349,3,11.01,Converted,1,149.0,6,Jun
2106,Paid Search,Desktop,North,Retargeting,35-44,2024-06-24 10:00:00,249,5,4.08,Checkout,0,0.0,6,Jun
2107,Referral,Desktop,South,Retargeting,25-34,2024-06-24 12:00:00,728,5,10.94,Awareness,0,0.0,6,Jun
2108,Referral,Desktop,West,Retargeting,25-34,2024-06-24 14:00:00,443,10,4.07,Converted,1,149.0,6,Jun
2109,Organic Search,Mobile,East,Seasonal Offer,55+,2024-06-24 16:00:00,61,12,3.61,Checkout,0,0.0,6,Jun
2110,Direct,Desktop,South,Brand Awareness,45-54,2024-06-24 18:00:00,744,8,8.43,Bounced,0,0.0,6,Jun
2111,Organic Search,Mobile,South,Seasonal Offer,45-54,2024-06-24 20:00:00,817,11,10.34,Awareness,0,0.0,6,Jun
2112,Organic Search,Tablet,South,Brand Awareness,35-44,2024-06-24 22:00:00,783,1,1.27,Product View,0,0.0,6,Jun
2113,Organic Search,Desktop,West,Product Launch,45-54,2024-06-25 00:00:00,45,7,1.37,Converted,1,499.0,6,Jun
2114,Referral,Desktop,North,Product Launch,45-54,2024-06-25 02:00:00,438,5,11.87,Checkout,0,0.0,6,Jun
2115,Social Media,Mobile,East,Brand Awareness,35-44,2024-06-25 04:00:00,857,3,12.96,Awareness,0,0.0,6,Jun
2116,Organic Search,Tablet,West,Seasonal Offer,55+,2024-06-25 06:00:00,202,4,9.26,Converted,1,99.0,6,Jun
2117,Paid Search,Mobile,North,Lead Gen,25-34,2024-06-25 08:00:00,678,3,6.72,Product View,0,0.0,6,Jun
2118,Social Media,Desktop,South,Seasonal Offer,55+,2024-06-25 10:00:00,208,8,12.76,Awareness,0,0.0,6,Jun
2119,Organic Search,Mobile,West,Lead Gen,25-34,2024-06-25 12:00:00,602,4,11.07,Product View,0,0.0,6,Jun
2120,Referral,Mobile,North,Seasonal Offer,35-44,2024-06-25 14:00:00,526,3,8.9,Converted,1,149.0,6,Jun
2121,Email,Tablet,East,Retargeting,18-24,2024-06-25 16:00:00,133,2,5.14,Converted,1,49.0,6,Jun
2122,Paid Search,Desktop,East,Retargeting,35-44,2024-06-25 18:00:00,346,3,3.37,Bounced,0,0.0,6,Jun
2123,Direct,Mobile,North,Product Launch,35-44,2024-06-25 20:00:00,736,7,6.57,Bounced,0,0.0,6,Jun
2124,Paid Search,Mobile,West,Product Launch,55+,2024-06-25 22:00:00,797,6,4.66,Product View,0,0.0,6,Jun
2125,Direct,Desktop,South,Brand Awareness,55+,2024-06-26 00:00:00,617,10,5.42,Bounced,0,0.0,6,Jun
2126,Social Media,Desktop,North,Lead Gen,55+,2024-06-26 02:00:00,812,12,7.98,Bounced,0,0.0,6,Jun
2127,Social Media,Desktop,South,Retargeting,25-34,2024-06-26 04:00:00,210,13,2.95,Checkout,0,0.0,6,Jun
2128,Organic Search,Desktop,East,Seasonal Offer,55+,2024-06-26 06:00:00,161,5,12.19,Checkout,0,0.0,6,Jun
2129,Referral,Desktop,North,Brand Awareness,25-34,2024-06-26 08:00:00,692,8,2.61,Checkout,0,0.0,6,Jun
2130,Paid Search,Tablet,East,Seasonal Offer,45-54,2024-06-26 10:00:00,184,11,7.47,Awareness,0,0.0,6,Jun
2131,Organic Search,Desktop,South,Retargeting,25-34,2024-06-26 12:00:00,388,1,11.32,Awareness,0,0.0,6,Jun
2132,Organic Search,Desktop,South,Retargeting,35-44,2024-06-26 14:00:00,264,3,7.53,Bounced,0,0.0,6,Jun
2133,Social Media,Mobile,North,Retargeting,55+,2024-06-26 16:00:00,789,2,5.73,Bounced,0,0.0,6,Jun
2134,Social Media,Desktop,North,Retargeting,55+,2024-06-26 18:00:00,194,2,7.39,Bounced,0,0.0,6,Jun
2135,Social Media,Desktop,North,Seasonal Offer,35-44,2024-06-26 20:00:00,746,12,12.81,Bounced,0,0.0,6,Jun
2136,Referral,Mobile,East,Brand Awareness,45-54,2024-06-26 22:00:00,456,11,14.86,Bounced,0,0.0,6,Jun
2137,Organic Search,Mobile,South,Retargeting,25-34,2024-06-27 00:00:00,706,12,9.65,Checkout,0,0.0,6,Jun
2138,Email,Mobile,South,Product Launch,35-44,2024-06-27 02:00:00,517,1,12.0,Converted,1,149.0,6,Jun
2139,Organic Search,Mobile,East,Brand Awareness,35-44,2024-06-27 04:00:00,242,5,0.71,Awareness,0,0.0,6,Jun
2140,Referral,Desktop,North,Product Launch,18-24,2024-06-27 06:00:00,795,5,13.27,Awareness,0,0.0,6,Jun
2141,Email,Tablet,West,Seasonal Offer,18-24,2024-06-27 08:00:00,186,3,14.33,Checkout,0,0.0,6,Jun
2142,Social Media,Desktop,North,Retargeting,18-24,2024-06-27 10:00:00,718,12,8.84,Bounced,0,0.0,6,Jun
2143,Social Media,Mobile,West,Brand Awareness,35-44,2024-06-27 12:00:00,104,12,11.43,Bounced,0,0.0,6,Jun
2144,Paid Search,Desktop,West,Retargeting,18-24,2024-06-27 14:00:00,464,9,7.93,Awareness,0,0.0,6,Jun
2145,Paid Search,Tablet,East,Retargeting,25-34,2024-06-27 16:00:00,207,12,4.65,Product View,0,0.0,6,Jun
2146,Email,Mobile,South,Brand Awareness,25-34,2024-06-27 18:00:00,825,6,12.86,Bounced,0,0.0,6,Jun
2147,Paid Search,Mobile,South,Retargeting,35-44,2024-06-27 20:00:00,871,14,9.15,Converted,1,49.0,6,Jun
2148,Paid Search,Desktop,South,Retargeting,35-44,2024-06-27 22:00:00,674,10,8.9,Converted,1,49.0,6,Jun
2149,Paid Search,Desktop,South,Lead Gen,35-44,2024-06-28 00:00:00,666,14,10.06,Bounced,0,0.0,6,Jun
2150,Email,Mobile,East,Lead Gen,35-44,2024-06-28 02:00:00,341,6,12.91,Awareness,0,0.0,6,Jun
2151,Paid Search,Mobile,West,Brand Awareness,25-34,2024-06-28 04:00:00,861,10,11.11,Product View,0,0.0,6,Jun
2152,Organic Search,Desktop,South,Brand Awareness,25-34,2024-06-28 06:00:00,156,6,3.56,Bounced,0,0.0,6,Jun
2153,Social Media,Tablet,West,Retargeting,45-54,2024-06-28 08:00:00,406,14,7.27,Product View,0,0.0,6,Jun
2154,Email,Mobile,East,Product Launch,25-34,2024-06-28 10:00:00,374,2,14.71,Product View,0,0.0,6,Jun
2155,Organic Search,Desktop,North,Brand Awareness,25-34,2024-06-28 12:00:00,254,11,8.54,Awareness,0,0.0,6,Jun
2156,Organic Search,Mobile,East,Retargeting,35-44,2024-06-28 14:00:00,46,10,14.1,Converted,1,99.0,6,Jun
2157,Organic Search,Mobile,South,Product Launch,25-34,2024-06-28 16:00:00,526,10,12.29,Checkout,0,0.0,6,Jun
2158,Paid Search,Desktop,North,Lead Gen,45-54,2024-06-28 18:00:00,502,8,10.16,Bounced,0,0.0,6,Jun
2159,Paid Search,Desktop,East,Brand Awareness,25-34,2024-06-28 20:00:00,894,6,5.57,Checkout,0,0.0,6,Jun
2160,Email,Mobile,East,Retargeting,35-44,2024-06-28 22:00:00,340,13,4.91,Converted,1,49.0,6,Jun
2161,Social Media,Mobile,West,Lead Gen,18-24,2024-06-29 00:00:00,787,14,9.83,Awareness,0,0.0,6,Jun
2162,Social Media,Desktop,East,Seasonal Offer,25-34,2024-06-29 02:00:00,166,3,6.77,Converted,1,99.0,6,Jun
2163,Paid Search,Mobile,North,Lead Gen,25-34,2024-06-29 04:00:00,504,10,12.08,Bounced,0,0.0,6,Jun
2164,Email,Mobile,East,Retargeting,45-54,2024-06-29 06:00:00,246,9,11.53,Converted,1,99.0,6,Jun
2165,Paid Search,Mobile,South,Product Launch,55+,2024-06-29 08:00:00,225,2,5.03,Awareness,0,0.0,6,Jun
2166,Direct,Desktop,West,Seasonal Offer,25-34,2024-06-29 10:00:00,230,7,10.69,Checkout,0,0.0,6,Jun
2167,Social Media,Mobile,North,Seasonal Offer,45-54,2024-06-29 12:00:00,395,3,7.67,Bounced,0,0.0,6,Jun
2168,Organic Search,Desktop,North,Seasonal Offer,35-44,2024-06-29 14:00:00,748,12,5.19,Awareness,0,0.0,6,Jun
2169,Social Media,Desktop,East,Brand Awareness,55+,2024-06-29 16:00:00,557,6,6.49,Awareness,0,0.0,6,Jun
2170,Paid Search,Desktop,South,Retargeting,45-54,2024-06-29 18:00:00,429,5,13.48,Bounced,0,0.0,6,Jun
2171,Social Media,Desktop,West,Seasonal Offer,18-24,2024-06-29 20:00:00,554,13,5.71,Converted,1,149.0,6,Jun
2172,Organic Search,Mobile,North,Lead Gen,35-44,2024-06-29 22:00:00,619,6,4.67,Awareness,0,0.0,6,Jun
2173,Organic Search,Desktop,West,Product Launch,35-44,2024-06-30 00:00:00,243,8,5.6,Bounced,0,0.0,6,Jun
2174,Referral,Mobile,East,Retargeting,18-24,2024-06-30 02:00:00,370,14,3.61,Awareness,0,0.0,6,Jun
2175,Organic Search,Desktop,South,Lead Gen,25-34,2024-06-30 04:00:00,358,3,8.4,Bounced,0,0.0,6,Jun
2176,Email,Desktop,East,Brand Awareness,55+,2024-06-30 06:00:00,148,2,2.64,Converted,1,49.0,6,Jun
2177,Organic Search,Tablet,West,Seasonal Offer,55+,2024-06-30 08:00:00,454,8,12.35,Converted,1,49.0,6,Jun
2178,Social Media,Mobile,East,Lead Gen,45-54,2024-06-30 10:00:00,722,1,3.77,Converted,1,149.0,6,Jun
2179,Social Media,Desktop,West,Retargeting,55+,2024-06-30 12:00:00,865,2,9.17,Bounced,0,0.0,6,Jun
2180,Paid Search,Mobile,North,Lead Gen,45-54,2024-06-30 14:00:00,871,10,2.31,Bounced,0,0.0,6,Jun
2181,Paid Search,Desktop,North,Brand Awareness,18-24,2024-06-30 16:00:00,896,1,14.69,Product View,0,0.0,6,Jun
2182,Organic Search,Desktop,East,Product Launch,25-34,2024-06-30 18:00:00,402,5,7.09,Checkout,0,0.0,6,Jun
2183,Organic Search,Mobile,North,Seasonal Offer,18-24,2024-06-30 20:00:00,678,8,12.42,Converted,1,149.0,6,Jun
2184,Paid Search,Mobile,West,Retargeting,18-24,2024-06-30 22:00:00,208,2,11.65,Product View,0,0.0,6,Jun
2185,Social Media,Desktop,North,Seasonal Offer,25-34,2024-07-01 00:00:00,461,4,10.85,Product View,0,0.0,7,Jul
2186,Referral,Tablet,South,Seasonal Offer,35-44,2024-07-01 02:00:00,749,4,12.5,Awareness,0,0.0,7,Jul
2187,Referral,Mobile,South,Seasonal Offer,45-54,2024-07-01 04:00:00,431,11,1.96,Bounced,0,0.0,7,Jul
2188,Email,Desktop,East,Lead Gen,45-54,2024-07-01 06:00:00,423,11,10.34,Awareness,0,0.0,7,Jul
2189,Email,Mobile,East,Lead Gen,35-44,2024-07-01 08:00:00,595,7,4.35,Product View,0,0.0,7,Jul
2190,Social Media,Mobile,East,Product Launch,55+,2024-07-01 10:00:00,108,1,11.9,Bounced,0,0.0,7,Jul
2191,Organic Search,Mobile,East,Brand Awareness,35-44,2024-07-01 12:00:00,812,9,14.37,Bounced,0,0.0,7,Jul
2192,Referral,Desktop,West,Retargeting,45-54,2024-07-01 14:00:00,453,3,13.57,Product View,0,0.0,7,Jul
2193,Social Media,Mobile,West,Lead Gen,25-34,2024-07-01 16:00:00,147,6,2.17,Product View,0,0.0,7,Jul
2194,Social Media,Desktop,South,Seasonal Offer,25-34,2024-07-01 18:00:00,397,10,5.86,Product View,0,0.0,7,Jul
2195,Organic Search,Mobile,West,Brand Awareness,55+,2024-07-01 20:00:00,135,14,5.78,Awareness,0,0.0,7,Jul
2196,Paid Search,Mobile,North,Retargeting,25-34,2024-07-01 22:00:00,134,5,2.27,Bounced,0,0.0,7,Jul
2197,Paid Search,Desktop,South,Retargeting,35-44,2024-07-02 00:00:00,332,4,1.92,Awareness,0,0.0,7,Jul
2198,Referral,Mobile,East,Retargeting,25-34,2024-07-02 02:00:00,659,9,6.08,Bounced,0,0.0,7,Jul
2199,Social Media,Tablet,East,Retargeting,35-44,2024-07-02 04:00:00,770,11,14.89,Converted,1,49.0,7,Jul
2200,Paid Search,Tablet,West,Product Launch,55+,2024-07-02 06:00:00,177,12,8.75,Bounced,0,0.0,7,Jul
2201,Direct,Desktop,South,Retargeting,18-24,2024-07-02 08:00:00,895,14,9.52,Bounced,0,0.0,7,Jul
2202,Organic Search,Desktop,West,Brand Awareness,45-54,2024-07-02 10:00:00,179,9,7.33,Awareness,0,0.0,7,Jul
2203,Paid Search,Mobile,West,Lead Gen,18-24,2024-07-02 12:00:00,845,1,10.1,Bounced,0,0.0,7,Jul
2204,Organic Search,Desktop,West,Brand Awareness,25-34,2024-07-02 14:00:00,285,7,14.37,Awareness,0,0.0,7,Jul
2205,Email,Tablet,South,Seasonal Offer,25-34,2024-07-02 16:00:00,111,10,9.04,Converted,1,99.0,7,Jul
2206,Referral,Desktop,East,Product Launch,45-54,2024-07-02 18:00:00,45,9,1.44,Converted,1,149.0,7,Jul
2207,Organic Search,Desktop,North,Product Launch,18-24,2024-07-02 20:00:00,222,5,7.65,Awareness,0,0.0,7,Jul
2208,Referral,Desktop,East,Seasonal Offer,35-44,2024-07-02 22:00:00,752,1,14.89,Bounced,0,0.0,7,Jul
2209,Organic Search,Desktop,South,Brand Awareness,25-34,2024-07-03 00:00:00,103,8,6.12,Converted,1,49.0,7,Jul
2210,Referral,Mobile,East,Brand Awareness,18-24,2024-07-03 02:00:00,306,5,9.11,Awareness,0,0.0,7,Jul
2211,Email,Desktop,East,Seasonal Offer,45-54,2024-07-03 04:00:00,90,6,2.05,Awareness,0,0.0,7,Jul
2212,Email,Desktop,North,Retargeting,25-34,2024-07-03 06:00:00,565,7,2.55,Converted,1,99.0,7,Jul
2213,Organic Search,Desktop,East,Retargeting,25-34,2024-07-03 08:00:00,564,10,13.18,Converted,1,99.0,7,Jul
2214,Direct,Mobile,East,Lead Gen,25-34,2024-07-03 10:00:00,372,7,4.85,Checkout,0,0.0,7,Jul
2215,Email,Desktop,East,Brand Awareness,35-44,2024-07-03 12:00:00,424,13,4.93,Converted,1,249.0,7,Jul
2216,Paid Search,Mobile,West,Brand Awareness,35-44,2024-07-03 14:00:00,287,14,6.11,Checkout,0,0.0,7,Jul
2217,Email,Mobile,South,Seasonal Offer,18-24,2024-07-03 16:00:00,227,12,14.51,Converted,1,49.0,7,Jul
2218,Organic Search,Mobile,South,Seasonal Offer,25-34,2024-07-03 18:00:00,82,7,1.72,Converted,1,99.0,7,Jul
2219,Referral,Tablet,North,Retargeting,25-34,2024-07-03 20:00:00,680,1,12.37,Awareness,0,0.0,7,Jul
2220,Organic Search,Tablet,West,Brand Awareness,25-34,2024-07-03 22:00:00,300,7,5.45,Awareness,0,0.0,7,Jul
2221,Social Media,Tablet,West,Brand Awareness,45-54,2024-07-04 00:00:00,230,11,12.82,Bounced,0,0.0,7,Jul
2222,Social Media,Desktop,East,Product Launch,45-54,2024-07-04 02:00:00,425,3,14.88,Awareness,0,0.0,7,Jul
2223,Organic Search,Desktop,South,Lead Gen,35-44,2024-07-04 04:00:00,407,5,5.56,Bounced,0,0.0,7,Jul
2224,Organic Search,Desktop,North,Lead Gen,25-34,2024-07-04 06:00:00,705,10,2.38,Bounced,0,0.0,7,Jul
2225,Organic Search,Mobile,West,Retargeting,35-44,2024-07-04 08:00:00,633,5,2.59,Bounced,0,0.0,7,Jul
2226,Paid Search,Tablet,East,Brand Awareness,45-54,2024-07-04 10:00:00,564,8,11.5,Product View,0,0.0,7,Jul
2227,Paid Search,Mobile,North,Product Launch,35-44,2024-07-04 12:00:00,117,7,2.6,Bounced,0,0.0,7,Jul
2228,Social Media,Desktop,West,Brand Awareness,45-54,2024-07-04 14:00:00,427,7,4.28,Bounced,0,0.0,7,Jul
2229,Organic Search,Tablet,North,Seasonal Offer,35-44,2024-07-04 16:00:00,211,6,3.46,Checkout,0,0.0,7,Jul
2230,Organic Search,Desktop,West,Retargeting,35-44,2024-07-04 18:00:00,896,7,5.66,Converted,1,249.0,7,Jul
2231,Email,Desktop,North,Lead Gen,25-34,2024-07-04 20:00:00,312,14,1.58,Awareness,0,0.0,7,Jul
2232,Organic Search,Desktop,West,Brand Awareness,35-44,2024-07-04 22:00:00,562,7,12.92,Converted,1,99.0,7,Jul
2233,Referral,Desktop,West,Retargeting,25-34,2024-07-05 00:00:00,590,5,12.97,Checkout,0,0.0,7,Jul
2234,Referral,Mobile,North,Lead Gen,45-54,2024-07-05 02:00:00,219,5,6.49,Product View,0,0.0,7,Jul
2235,Social Media,Desktop,West,Brand Awareness,45-54,2024-07-05 04:00:00,234,4,9.38,Bounced,0,0.0,7,Jul
2236,Social Media,Desktop,West,Product Launch,45-54,2024-07-05 06:00:00,73,14,9.81,Bounced,0,0.0,7,Jul
2237,Referral,Mobile,West,Retargeting,25-34,2024-07-05 08:00:00,329,4,11.36,Product View,0,0.0,7,Jul
2238,Organic Search,Mobile,North,Brand Awareness,25-34,2024-07-05 10:00:00,669,5,8.05,Awareness,0,0.0,7,Jul
2239,Organic Search,Mobile,North,Lead Gen,18-24,2024-07-05 12:00:00,730,10,7.9,Checkout,0,0.0,7,Jul
2240,Organic Search,Desktop,West,Lead Gen,35-44,2024-07-05 14:00:00,711,9,9.65,Awareness,0,0.0,7,Jul
2241,Email,Mobile,West,Product Launch,45-54,2024-07-05 16:00:00,308,14,10.69,Checkout,0,0.0,7,Jul
2242,Organic Search,Tablet,North,Retargeting,35-44,2024-07-05 18:00:00,742,11,5.53,Bounced,0,0.0,7,Jul
2243,Social Media,Desktop,East,Retargeting,18-24,2024-07-05 20:00:00,414,12,5.29,Awareness,0,0.0,7,Jul
2244,Direct,Mobile,West,Brand Awareness,55+,2024-07-05 22:00:00,666,6,4.41,Product View,0,0.0,7,Jul
2245,Referral,Desktop,East,Lead Gen,55+,2024-07-06 00:00:00,833,8,8.46,Product View,0,0.0,7,Jul
2246,Social Media,Desktop,North,Lead Gen,25-34,2024-07-06 02:00:00,340,9,5.72,Bounced,0,0.0,7,Jul
2247,Organic Search,Mobile,West,Product Launch,35-44,2024-07-06 04:00:00,557,12,8.33,Bounced,0,0.0,7,Jul
2248,Email,Mobile,East,Product Launch,45-54,2024-07-06 06:00:00,886,14,6.39,Checkout,0,0.0,7,Jul
2249,Social Media,Desktop,North,Retargeting,35-44,2024-07-06 08:00:00,303,4,12.63,Awareness,0,0.0,7,Jul
2250,Organic Search,Mobile,East,Lead Gen,55+,2024-07-06 10:00:00,511,12,1.56,Awareness,0,0.0,7,Jul
2251,Organic Search,Mobile,South,Brand Awareness,18-24,2024-07-06 12:00:00,835,13,8.8,Bounced,0,0.0,7,Jul
2252,Referral,Tablet,North,Seasonal Offer,35-44,2024-07-06 14:00:00,480,7,8.85,Product View,0,0.0,7,Jul
2253,Social Media,Desktop,South,Brand Awareness,35-44,2024-07-06 16:00:00,561,5,6.06,Checkout,0,0.0,7,Jul
2254,Email,Tablet,North,Product Launch,45-54,2024-07-06 18:00:00,560,4,6.6,Checkout,0,0.0,7,Jul
2255,Referral,Desktop,North,Brand Awareness,45-54,2024-07-06 20:00:00,554,12,12.1,Product View,0,0.0,7,Jul
2256,Social Media,Mobile,West,Lead Gen,55+,2024-07-06 22:00:00,46,7,4.57,Awareness,0,0.0,7,Jul
2257,Paid Search,Desktop,South,Retargeting,35-44,2024-07-07 00:00:00,747,3,13.14,Checkout,0,0.0,7,Jul
2258,Paid Search,Desktop,South,Seasonal Offer,45-54,2024-07-07 02:00:00,59,1,13.5,Converted,1,99.0,7,Jul
2259,Paid Search,Mobile,South,Retargeting,25-34,2024-07-07 04:00:00,499,7,9.93,Bounced,0,0.0,7,Jul
2260,Paid Search,Desktop,North,Seasonal Offer,25-34,2024-07-07 06:00:00,840,9,11.71,Bounced,0,0.0,7,Jul
2261,Email,Desktop,South,Seasonal Offer,25-34,2024-07-07 08:00:00,333,2,9.39,Bounced,0,0.0,7,Jul
2262,Social Media,Desktop,South,Lead Gen,45-54,2024-07-07 10:00:00,584,7,8.12,Bounced,0,0.0,7,Jul
2263,Referral,Mobile,West,Lead Gen,55+,2024-07-07 12:00:00,122,10,14.52,Bounced,0,0.0,7,Jul
2264,Paid Search,Desktop,East,Product Launch,25-34,2024-07-07 14:00:00,607,2,4.6,Checkout,0,0.0,7,Jul
2265,Social Media,Mobile,East,Product Launch,18-24,2024-07-07 16:00:00,660,13,2.74,Bounced,0,0.0,7,Jul
2266,Social Media,Desktop,South,Seasonal Offer,45-54,2024-07-07 18:00:00,850,13,4.67,Converted,1,49.0,7,Jul
2267,Social Media,Desktop,South,Product Launch,35-44,2024-07-07 20:00:00,613,3,9.41,Bounced,0,0.0,7,Jul
2268,Social Media,Desktop,South,Lead Gen,55+,2024-07-07 22:00:00,875,13,3.19,Bounced,0,0.0,7,Jul
2269,Organic Search,Desktop,South,Product Launch,25-34,2024-07-08 00:00:00,191,10,13.68,Bounced,0,0.0,7,Jul
2270,Paid Search,Desktop,East,Seasonal Offer,18-24,2024-07-08 02:00:00,871,14,6.46,Awareness,0,0.0,7,Jul
2271,Organic Search,Desktop,West,Retargeting,25-34,2024-07-08 04:00:00,357,12,12.82,Bounced,0,0.0,7,Jul
2272,Paid Search,Tablet,North,Brand Awareness,18-24,2024-07-08 06:00:00,810,10,4.11,Bounced,0,0.0,7,Jul
2273,Paid Search,Mobile,South,Product Launch,25-34,2024-07-08 08:00:00,759,3,5.04,Checkout,0,0.0,7,Jul
2274,Social Media,Desktop,South,Lead Gen,18-24,2024-07-08 10:00:00,283,12,1.36,Bounced,0,0.0,7,Jul
2275,Direct,Desktop,East,Retargeting,25-34,2024-07-08 12:00:00,469,13,4.24,Converted,1,499.0,7,Jul
2276,Social Media,Mobile,South,Lead Gen,18-24,2024-07-08 14:00:00,600,4,7.61,Bounced,0,0.0,7,Jul
2277,Email,Desktop,West,Product Launch,55+,2024-07-08 16:00:00,573,6,14.22,Converted,1,249.0,7,Jul
2278,Paid Search,Desktop,West,Seasonal Offer,25-34,2024-07-08 18:00:00,880,3,6.14,Converted,1,149.0,7,Jul
2279,Social Media,Mobile,South,Brand Awareness,25-34,2024-07-08 20:00:00,149,13,9.78,Bounced,0,0.0,7,Jul
2280,Organic Search,Mobile,East,Brand Awareness,45-54,2024-07-08 22:00:00,851,9,6.7,Converted,1,49.0,7,Jul
2281,Organic Search,Mobile,South,Retargeting,35-44,2024-07-09 00:00:00,543,2,1.18,Converted,1,49.0,7,Jul
2282,Paid Search,Desktop,South,Brand Awareness,35-44,2024-07-09 02:00:00,659,7,7.8,Awareness,0,0.0,7,Jul
2283,Paid Search,Desktop,East,Seasonal Offer,35-44,2024-07-09 04:00:00,578,6,1.46,Bounced,0,0.0,7,Jul
2284,Organic Search,Mobile,West,Lead Gen,45-54,2024-07-09 06:00:00,126,14,13.31,Checkout,0,0.0,7,Jul
2285,Organic Search,Desktop,North,Seasonal Offer,45-54,2024-07-09 08:00:00,399,2,11.42,Bounced,0,0.0,7,Jul
2286,Organic Search,Mobile,South,Retargeting,35-44,2024-07-09 10:00:00,446,11,5.99,Bounced,0,0.0,7,Jul
2287,Direct,Mobile,West,Retargeting,45-54,2024-07-09 12:00:00,286,3,9.78,Product View,0,0.0,7,Jul
2288,Paid Search,Desktop,South,Brand Awareness,35-44,2024-07-09 14:00:00,157,6,2.12,Awareness,0,0.0,7,Jul
2289,Paid Search,Tablet,North,Seasonal Offer,25-34,2024-07-09 16:00:00,388,10,10.69,Converted,1,99.0,7,Jul
2290,Organic Search,Mobile,East,Lead Gen,45-54,2024-07-09 18:00:00,185,4,12.43,Checkout,0,0.0,7,Jul
2291,Social Media,Mobile,West,Seasonal Offer,35-44,2024-07-09 20:00:00,686,1,12.42,Product View,0,0.0,7,Jul
2292,Organic Search,Desktop,North,Lead Gen,55+,2024-07-09 22:00:00,86,1,4.62,Converted,1,49.0,7,Jul
2293,Organic Search,Desktop,South,Lead Gen,18-24,2024-07-10 00:00:00,611,3,4.32,Product View,0,0.0,7,Jul
2294,Paid Search,Desktop,North,Seasonal Offer,25-34,2024-07-10 02:00:00,585,8,8.06,Product View,0,0.0,7,Jul
2295,Organic Search,Desktop,West,Product Launch,55+,2024-07-10 04:00:00,753,11,14.53,Bounced,0,0.0,7,Jul
2296,Organic Search,Tablet,East,Seasonal Offer,25-34,2024-07-10 06:00:00,716,4,13.85,Awareness,0,0.0,7,Jul
2297,Organic Search,Desktop,South,Lead Gen,55+,2024-07-10 08:00:00,682,11,5.71,Bounced,0,0.0,7,Jul
2298,Organic Search,Desktop,East,Retargeting,55+,2024-07-10 10:00:00,105,1,11.81,Converted,1,149.0,7,Jul
2299,Organic Search,Desktop,East,Retargeting,45-54,2024-07-10 12:00:00,187,8,13.86,Converted,1,149.0,7,Jul
2300,Paid Search,Mobile,North,Brand Awareness,35-44,2024-07-10 14:00:00,114,10,4.28,Awareness,0,0.0,7,Jul
2301,Email,Desktop,North,Retargeting,35-44,2024-07-10 16:00:00,351,6,12.54,Converted,1,249.0,7,Jul
2302,Social Media,Desktop,West,Product Launch,45-54,2024-07-10 18:00:00,338,1,4.38,Bounced,0,0.0,7,Jul
2303,Paid Search,Desktop,West,Lead Gen,45-54,2024-07-10 20:00:00,559,12,5.48,Awareness,0,0.0,7,Jul
2304,Organic Search,Mobile,East,Seasonal Offer,35-44,2024-07-10 22:00:00,313,10,3.38,Product View,0,0.0,7,Jul
2305,Referral,Desktop,West,Seasonal Offer,55+,2024-07-11 00:00:00,71,10,7.85,Checkout,0,0.0,7,Jul
2306,Paid Search,Tablet,East,Product Launch,35-44,2024-07-11 02:00:00,163,6,12.73,Product View,0,0.0,7,Jul
2307,Organic Search,Mobile,South,Retargeting,55+,2024-07-11 04:00:00,643,1,8.16,Product View,0,0.0,7,Jul
2308,Social Media,Desktop,East,Lead Gen,18-24,2024-07-11 06:00:00,678,10,2.29,Converted,1,49.0,7,Jul
2309,Organic Search,Mobile,West,Retargeting,18-24,2024-07-11 08:00:00,433,10,4.15,Converted,1,99.0,7,Jul
2310,Paid Search,Desktop,West,Brand Awareness,25-34,2024-07-11 10:00:00,522,3,8.66,Awareness,0,0.0,7,Jul
2311,Paid Search,Tablet,East,Retargeting,25-34,2024-07-11 12:00:00,251,2,8.96,Converted,1,149.0,7,Jul
2312,Referral,Mobile,North,Brand Awareness,45-54,2024-07-11 14:00:00,258,4,8.87,Bounced,0,0.0,7,Jul
2313,Paid Search,Desktop,East,Seasonal Offer,25-34,2024-07-11 16:00:00,835,2,1.62,Checkout,0,0.0,7,Jul
2314,Social Media,Desktop,East,Lead Gen,55+,2024-07-11 18:00:00,481,11,11.43,Converted,1,99.0,7,Jul
2315,Direct,Desktop,North,Brand Awareness,25-34,2024-07-11 20:00:00,335,13,13.69,Converted,1,249.0,7,Jul
2316,Organic Search,Tablet,South,Retargeting,25-34,2024-07-11 22:00:00,857,5,7.9,Checkout,0,0.0,7,Jul
2317,Organic Search,Desktop,North,Retargeting,25-34,2024-07-12 00:00:00,148,4,10.92,Converted,1,49.0,7,Jul
2318,Paid Search,Mobile,West,Seasonal Offer,35-44,2024-07-12 02:00:00,640,6,13.75,Converted,1,149.0,7,Jul
2319,Paid Search,Desktop,North,Product Launch,18-24,2024-07-12 04:00:00,891,14,9.82,Product View,0,0.0,7,Jul
2320,Paid Search,Tablet,West,Product Launch,18-24,2024-07-12 06:00:00,353,7,10.28,Checkout,0,0.0,7,Jul
2321,Referral,Desktop,West,Retargeting,35-44,2024-07-12 08:00:00,188,12,10.96,Bounced,0,0.0,7,Jul
2322,Social Media,Mobile,East,Product Launch,25-34,2024-07-12 10:00:00,268,2,4.28,Bounced,0,0.0,7,Jul
2323,Social Media,Desktop,East,Lead Gen,25-34,2024-07-12 12:00:00,425,2,8.95,Checkout,0,0.0,7,Jul
2324,Paid Search,Mobile,South,Product Launch,45-54,2024-07-12 14:00:00,349,8,12.71,Converted,1,499.0,7,Jul
2325,Email,Desktop,West,Lead Gen,18-24,2024-07-12 16:00:00,876,13,4.79,Product View,0,0.0,7,Jul
2326,Direct,Desktop,East,Retargeting,25-34,2024-07-12 18:00:00,218,13,13.51,Bounced,0,0.0,7,Jul
2327,Email,Desktop,West,Retargeting,18-24,2024-07-12 20:00:00,338,9,9.5,Bounced,0,0.0,7,Jul
2328,Organic Search,Mobile,South,Retargeting,25-34,2024-07-12 22:00:00,278,5,6.64,Converted,1,99.0,7,Jul
2329,Social Media,Desktop,West,Seasonal Offer,35-44,2024-07-13 00:00:00,567,7,9.54,Awareness,0,0.0,7,Jul
2330,Organic Search,Mobile,South,Product Launch,18-24,2024-07-13 02:00:00,730,13,6.33,Bounced,0,0.0,7,Jul
2331,Organic Search,Desktop,South,Brand Awareness,45-54,2024-07-13 04:00:00,535,12,12.65,Bounced,0,0.0,7,Jul
2332,Organic Search,Mobile,South,Brand Awareness,55+,2024-07-13 06:00:00,423,9,7.49,Converted,1,99.0,7,Jul
2333,Social Media,Tablet,East,Retargeting,18-24,2024-07-13 08:00:00,681,14,13.57,Bounced,0,0.0,7,Jul
2334,Social Media,Mobile,North,Product Launch,55+,2024-07-13 10:00:00,435,1,7.89,Product View,0,0.0,7,Jul
2335,Organic Search,Desktop,North,Lead Gen,25-34,2024-07-13 12:00:00,210,8,10.08,Converted,1,49.0,7,Jul
2336,Paid Search,Desktop,East,Brand Awareness,18-24,2024-07-13 14:00:00,50,10,14.97,Product View,0,0.0,7,Jul
2337,Paid Search,Desktop,West,Retargeting,18-24,2024-07-13 16:00:00,704,10,2.63,Converted,1,149.0,7,Jul
2338,Paid Search,Desktop,East,Brand Awareness,25-34,2024-07-13 18:00:00,612,9,11.18,Bounced,0,0.0,7,Jul
2339,Organic Search,Mobile,West,Brand Awareness,35-44,2024-07-13 20:00:00,623,9,2.51,Bounced,0,0.0,7,Jul
2340,Paid Search,Mobile,South,Brand Awareness,25-34,2024-07-13 22:00:00,184,10,12.66,Bounced,0,0.0,7,Jul
2341,Email,Tablet,East,Retargeting,45-54,2024-07-14 00:00:00,857,7,9.15,Checkout,0,0.0,7,Jul
2342,Organic Search,Desktop,North,Retargeting,35-44,2024-07-14 02:00:00,896,12,14.1,Converted,1,99.0,7,Jul
2343,Organic Search,Mobile,West,Seasonal Offer,25-34,2024-07-14 04:00:00,588,12,13.06,Checkout,0,0.0,7,Jul
2344,Paid Search,Desktop,East,Seasonal Offer,35-44,2024-07-14 06:00:00,223,12,1.59,Product View,0,0.0,7,Jul
2345,Referral,Mobile,East,Seasonal Offer,55+,2024-07-14 08:00:00,253,12,2.49,Awareness,0,0.0,7,Jul
2346,Social Media,Desktop,West,Brand Awareness,18-24,2024-07-14 10:00:00,428,10,9.22,Awareness,0,0.0,7,Jul
2347,Social Media,Desktop,South,Product Launch,25-34,2024-07-14 12:00:00,778,3,8.02,Awareness,0,0.0,7,Jul
2348,Paid Search,Desktop,South,Retargeting,25-34,2024-07-14 14:00:00,309,13,2.94,Awareness,0,0.0,7,Jul
2349,Social Media,Mobile,South,Seasonal Offer,25-34,2024-07-14 16:00:00,39,13,2.38,Checkout,0,0.0,7,Jul
2350,Organic Search,Tablet,South,Product Launch,35-44,2024-07-14 18:00:00,405,5,8.68,Awareness,0,0.0,7,Jul
2351,Social Media,Desktop,West,Seasonal Offer,25-34,2024-07-14 20:00:00,501,13,1.21,Awareness,0,0.0,7,Jul
2352,Referral,Desktop,North,Seasonal Offer,35-44,2024-07-14 22:00:00,181,2,13.17,Bounced,0,0.0,7,Jul
2353,Social Media,Desktop,East,Product Launch,35-44,2024-07-15 00:00:00,885,11,12.2,Bounced,0,0.0,7,Jul
2354,Referral,Mobile,East,Seasonal Offer,35-44,2024-07-15 02:00:00,645,10,11.89,Converted,1,49.0,7,Jul
2355,Email,Desktop,South,Brand Awareness,18-24,2024-07-15 04:00:00,153,3,0.73,Product View,0,0.0,7,Jul
2356,Organic Search,Mobile,West,Brand Awareness,25-34,2024-07-15 06:00:00,726,10,1.19,Awareness,0,0.0,7,Jul
2357,Referral,Tablet,North,Brand Awareness,25-34,2024-07-15 08:00:00,831,7,8.47,Converted,1,149.0,7,Jul
2358,Organic Search,Tablet,North,Lead Gen,25-34,2024-07-15 10:00:00,582,1,14.92,Bounced,0,0.0,7,Jul
2359,Social Media,Desktop,East,Seasonal Offer,55+,2024-07-15 12:00:00,453,3,5.46,Product View,0,0.0,7,Jul
2360,Organic Search,Mobile,South,Lead Gen,25-34,2024-07-15 14:00:00,552,5,5.49,Product View,0,0.0,7,Jul
2361,Organic Search,Mobile,East,Retargeting,18-24,2024-07-15 16:00:00,759,11,2.45,Bounced,0,0.0,7,Jul
2362,Paid Search,Desktop,East,Product Launch,25-34,2024-07-15 18:00:00,542,14,10.28,Awareness,0,0.0,7,Jul
2363,Organic Search,Mobile,North,Retargeting,45-54,2024-07-15 20:00:00,200,4,9.88,Product View,0,0.0,7,Jul
2364,Paid Search,Mobile,West,Lead Gen,45-54,2024-07-15 22:00:00,879,3,1.97,Converted,1,249.0,7,Jul
2365,Social Media,Desktop,North,Brand Awareness,35-44,2024-07-16 00:00:00,823,6,7.28,Checkout,0,0.0,7,Jul
2366,Organic Search,Desktop,East,Seasonal Offer,25-34,2024-07-16 02:00:00,594,12,10.17,Awareness,0,0.0,7,Jul
2367,Organic Search,Desktop,South,Seasonal Offer,25-34,2024-07-16 04:00:00,154,6,7.66,Product View,0,0.0,7,Jul
2368,Social Media,Mobile,South,Brand Awareness,35-44,2024-07-16 06:00:00,204,4,10.28,Product View,0,0.0,7,Jul
2369,Paid Search,Desktop,West,Seasonal Offer,55+,2024-07-16 08:00:00,533,9,12.34,Bounced,0,0.0,7,Jul
2370,Email,Tablet,West,Product Launch,35-44,2024-07-16 10:00:00,806,11,10.44,Checkout,0,0.0,7,Jul
2371,Social Media,Mobile,West,Product Launch,35-44,2024-07-16 12:00:00,806,6,9.43,Awareness,0,0.0,7,Jul
2372,Email,Mobile,East,Product Launch,25-34,2024-07-16 14:00:00,414,9,12.88,Product View,0,0.0,7,Jul
2373,Social Media,Desktop,East,Retargeting,25-34,2024-07-16 16:00:00,740,13,13.56,Awareness,0,0.0,7,Jul
2374,Paid Search,Mobile,West,Brand Awareness,45-54,2024-07-16 18:00:00,797,11,6.14,Product View,0,0.0,7,Jul
2375,Social Media,Desktop,South,Product Launch,25-34,2024-07-16 20:00:00,713,10,3.01,Product View,0,0.0,7,Jul
2376,Organic Search,Desktop,South,Lead Gen,55+,2024-07-16 22:00:00,600,10,12.36,Bounced,0,0.0,7,Jul
2377,Paid Search,Mobile,South,Product Launch,25-34,2024-07-17 00:00:00,135,2,3.6,Product View,0,0.0,7,Jul
2378,Email,Desktop,East,Retargeting,18-24,2024-07-17 02:00:00,666,6,13.97,Product View,0,0.0,7,Jul
2379,Paid Search,Mobile,North,Lead Gen,35-44,2024-07-17 04:00:00,557,14,0.83,Awareness,0,0.0,7,Jul
2380,Email,Desktop,South,Brand Awareness,18-24,2024-07-17 06:00:00,67,4,13.86,Converted,1,249.0,7,Jul
2381,Email,Desktop,South,Brand Awareness,25-34,2024-07-17 08:00:00,424,2,9.04,Awareness,0,0.0,7,Jul
2382,Referral,Desktop,South,Product Launch,25-34,2024-07-17 10:00:00,784,5,11.73,Product View,0,0.0,7,Jul
2383,Referral,Tablet,West,Lead Gen,35-44,2024-07-17 12:00:00,506,14,6.28,Awareness,0,0.0,7,Jul
2384,Paid Search,Mobile,East,Lead Gen,25-34,2024-07-17 14:00:00,496,3,14.88,Bounced,0,0.0,7,Jul
2385,Paid Search,Mobile,West,Product Launch,18-24,2024-07-17 16:00:00,751,6,3.8,Bounced,0,0.0,7,Jul
2386,Social Media,Desktop,West,Product Launch,35-44,2024-07-17 18:00:00,534,11,4.33,Awareness,0,0.0,7,Jul
2387,Paid Search,Desktop,North,Seasonal Offer,25-34,2024-07-17 20:00:00,344,14,1.25,Bounced,0,0.0,7,Jul
2388,Social Media,Tablet,West,Seasonal Offer,55+,2024-07-17 22:00:00,314,8,14.14,Product View,0,0.0,7,Jul
2389,Social Media,Desktop,North,Product Launch,25-34,2024-07-18 00:00:00,493,4,7.11,Bounced,0,0.0,7,Jul
2390,Social Media,Desktop,West,Retargeting,35-44,2024-07-18 02:00:00,709,12,10.29,Checkout,0,0.0,7,Jul
2391,Paid Search,Mobile,South,Seasonal Offer,25-34,2024-07-18 04:00:00,293,4,10.47,Converted,1,99.0,7,Jul
2392,Organic Search,Desktop,East,Product Launch,45-54,2024-07-18 06:00:00,639,5,13.18,Converted,1,99.0,7,Jul
2393,Paid Search,Mobile,West,Lead Gen,35-44,2024-07-18 08:00:00,675,6,10.14,Checkout,0,0.0,7,Jul
2394,Organic Search,Mobile,North,Seasonal Offer,55+,2024-07-18 10:00:00,458,11,8.65,Converted,1,249.0,7,Jul
2395,Referral,Desktop,East,Retargeting,18-24,2024-07-18 12:00:00,394,7,10.8,Awareness,0,0.0,7,Jul
2396,Paid Search,Desktop,North,Brand Awareness,25-34,2024-07-18 14:00:00,210,6,11.39,Checkout,0,0.0,7,Jul
2397,Organic Search,Desktop,South,Lead Gen,35-44,2024-07-18 16:00:00,763,7,3.2,Bounced,0,0.0,7,Jul
2398,Organic Search,Mobile,West,Retargeting,18-24,2024-07-18 18:00:00,690,9,2.09,Converted,1,99.0,7,Jul
2399,Social Media,Mobile,East,Retargeting,25-34,2024-07-18 20:00:00,273,4,1.59,Checkout,0,0.0,7,Jul
2400,Social Media,Desktop,South,Retargeting,55+,2024-07-18 22:00:00,342,10,5.92,Awareness,0,0.0,7,Jul
2401,Paid Search,Desktop,West,Lead Gen,25-34,2024-07-19 00:00:00,105,1,7.72,Product View,0,0.0,7,Jul
2402,Organic Search,Mobile,West,Retargeting,55+,2024-07-19 02:00:00,291,9,9.43,Converted,1,149.0,7,Jul
2403,Paid Search,Mobile,North,Brand Awareness,18-24,2024-07-19 04:00:00,260,7,14.39,Bounced,0,0.0,7,Jul
2404,Paid Search,Desktop,North,Seasonal Offer,35-44,2024-07-19 06:00:00,732,4,5.3,Checkout,0,0.0,7,Jul
2405,Social Media,Desktop,South,Lead Gen,35-44,2024-07-19 08:00:00,409,10,11.53,Bounced,0,0.0,7,Jul
2406,Social Media,Desktop,North,Retargeting,35-44,2024-07-19 10:00:00,675,8,8.2,Product View,0,0.0,7,Jul
2407,Paid Search,Mobile,South,Product Launch,55+,2024-07-19 12:00:00,338,12,3.69,Bounced,0,0.0,7,Jul
2408,Organic Search,Tablet,South,Seasonal Offer,18-24,2024-07-19 14:00:00,793,7,9.42,Product View,0,0.0,7,Jul
2409,Direct,Desktop,South,Lead Gen,45-54,2024-07-19 16:00:00,417,12,14.52,Bounced,0,0.0,7,Jul
2410,Paid Search,Mobile,North,Product Launch,35-44,2024-07-19 18:00:00,786,2,2.3,Product View,0,0.0,7,Jul
2411,Social Media,Desktop,East,Product Launch,25-34,2024-07-19 20:00:00,806,1,7.86,Converted,1,149.0,7,Jul
2412,Organic Search,Desktop,South,Retargeting,55+,2024-07-19 22:00:00,354,9,1.25,Product View,0,0.0,7,Jul
2413,Paid Search,Desktop,East,Lead Gen,25-34,2024-07-20 00:00:00,871,7,5.16,Awareness,0,0.0,7,Jul
2414,Organic Search,Mobile,West,Retargeting,45-54,2024-07-20 02:00:00,485,14,9.5,Converted,1,99.0,7,Jul
2415,Paid Search,Desktop,North,Brand Awareness,25-34,2024-07-20 04:00:00,541,10,12.7,Checkout,0,0.0,7,Jul
2416,Direct,Mobile,North,Product Launch,45-54,2024-07-20 06:00:00,372,1,11.09,Bounced,0,0.0,7,Jul
2417,Paid Search,Desktop,East,Brand Awareness,35-44,2024-07-20 08:00:00,545,13,7.21,Converted,1,49.0,7,Jul
2418,Organic Search,Desktop,West,Retargeting,18-24,2024-07-20 10:00:00,471,4,13.68,Product View,0,0.0,7,Jul
2419,Organic Search,Desktop,West,Seasonal Offer,35-44,2024-07-20 12:00:00,578,5,4.89,Product View,0,0.0,7,Jul
2420,Paid Search,Mobile,South,Product Launch,25-34,2024-07-20 14:00:00,612,5,11.43,Bounced,0,0.0,7,Jul
2421,Organic Search,Desktop,North,Seasonal Offer,25-34,2024-07-20 16:00:00,291,14,7.37,Converted,1,49.0,7,Jul
2422,Organic Search,Mobile,West,Lead Gen,25-34,2024-07-20 18:00:00,778,14,13.53,Awareness,0,0.0,7,Jul
2423,Email,Desktop,West,Product Launch,18-24,2024-07-20 20:00:00,848,14,12.06,Converted,1,99.0,7,Jul
2424,Paid Search,Desktop,South,Brand Awareness,25-34,2024-07-20 22:00:00,492,5,13.57,Checkout,0,0.0,7,Jul
2425,Organic Search,Desktop,South,Seasonal Offer,35-44,2024-07-21 00:00:00,896,11,3.61,Product View,0,0.0,7,Jul
2426,Referral,Desktop,East,Lead Gen,25-34,2024-07-21 02:00:00,719,3,10.19,Bounced,0,0.0,7,Jul
2427,Organic Search,Desktop,North,Product Launch,35-44,2024-07-21 04:00:00,637,5,11.21,Converted,1,99.0,7,Jul
2428,Direct,Desktop,West,Lead Gen,25-34,2024-07-21 06:00:00,256,4,11.27,Converted,1,249.0,7,Jul
2429,Paid Search,Mobile,East,Brand Awareness,35-44,2024-07-21 08:00:00,552,5,7.81,Awareness,0,0.0,7,Jul
2430,Referral,Mobile,North,Product Launch,35-44,2024-07-21 10:00:00,807,7,0.66,Checkout,0,0.0,7,Jul
2431,Social Media,Desktop,East,Lead Gen,25-34,2024-07-21 12:00:00,218,5,4.29,Bounced,0,0.0,7,Jul
2432,Email,Desktop,North,Retargeting,45-54,2024-07-21 14:00:00,238,14,5.19,Bounced,0,0.0,7,Jul
2433,Direct,Desktop,North,Product Launch,35-44,2024-07-21 16:00:00,42,14,12.85,Bounced,0,0.0,7,Jul
2434,Organic Search,Desktop,West,Product Launch,35-44,2024-07-21 18:00:00,191,14,12.69,Checkout,0,0.0,7,Jul
2435,Direct,Desktop,North,Product Launch,25-34,2024-07-21 20:00:00,601,8,2.02,Product View,0,0.0,7,Jul
2436,Paid Search,Mobile,South,Product Launch,18-24,2024-07-21 22:00:00,522,8,14.27,Bounced,0,0.0,7,Jul
2437,Paid Search,Desktop,West,Retargeting,45-54,2024-07-22 00:00:00,464,3,3.15,Converted,1,99.0,7,Jul
2438,Paid Search,Desktop,South,Brand Awareness,45-54,2024-07-22 02:00:00,34,5,6.51,Product View,0,0.0,7,Jul
2439,Social Media,Desktop,East,Retargeting,18-24,2024-07-22 04:00:00,231,12,3.62,Product View,0,0.0,7,Jul
2440,Organic Search,Desktop,East,Retargeting,25-34,2024-07-22 06:00:00,445,4,12.97,Checkout,0,0.0,7,Jul
2441,Social Media,Mobile,North,Lead Gen,35-44,2024-07-22 08:00:00,41,14,11.37,Bounced,0,0.0,7,Jul
2442,Social Media,Desktop,North,Seasonal Offer,35-44,2024-07-22 10:00:00,426,14,5.63,Bounced,0,0.0,7,Jul
2443,Email,Desktop,South,Seasonal Offer,45-54,2024-07-22 12:00:00,370,5,10.39,Checkout,0,0.0,7,Jul
2444,Email,Mobile,South,Lead Gen,18-24,2024-07-22 14:00:00,781,8,3.17,Bounced,0,0.0,7,Jul
2445,Paid Search,Desktop,South,Retargeting,25-34,2024-07-22 16:00:00,402,4,6.04,Product View,0,0.0,7,Jul
2446,Paid Search,Mobile,East,Lead Gen,18-24,2024-07-22 18:00:00,407,5,5.97,Bounced,0,0.0,7,Jul
2447,Organic Search,Mobile,South,Product Launch,25-34,2024-07-22 20:00:00,254,7,3.95,Checkout,0,0.0,7,Jul
2448,Organic Search,Desktop,West,Lead Gen,18-24,2024-07-22 22:00:00,211,3,13.21,Checkout,0,0.0,7,Jul
2449,Organic Search,Mobile,West,Lead Gen,45-54,2024-07-23 00:00:00,326,13,10.34,Checkout,0,0.0,7,Jul
2450,Paid Search,Desktop,East,Product Launch,35-44,2024-07-23 02:00:00,845,6,4.56,Awareness,0,0.0,7,Jul
2451,Organic Search,Mobile,South,Seasonal Offer,45-54,2024-07-23 04:00:00,336,9,4.01,Checkout,0,0.0,7,Jul
2452,Direct,Desktop,South,Product Launch,18-24,2024-07-23 06:00:00,460,11,0.76,Converted,1,49.0,7,Jul
2453,Social Media,Desktop,North,Brand Awareness,25-34,2024-07-23 08:00:00,719,4,5.53,Bounced,0,0.0,7,Jul
2454,Paid Search,Mobile,West,Lead Gen,25-34,2024-07-23 10:00:00,147,4,8.14,Bounced,0,0.0,7,Jul
2455,Social Media,Mobile,East,Lead Gen,25-34,2024-07-23 12:00:00,381,6,4.53,Bounced,0,0.0,7,Jul
2456,Organic Search,Tablet,South,Seasonal Offer,45-54,2024-07-23 14:00:00,617,6,10.66,Bounced,0,0.0,7,Jul
2457,Paid Search,Mobile,North,Retargeting,25-34,2024-07-23 16:00:00,75,3,6.47,Bounced,0,0.0,7,Jul
2458,Social Media,Desktop,East,Product Launch,25-34,2024-07-23 18:00:00,256,14,5.09,Bounced,0,0.0,7,Jul
2459,Paid Search,Desktop,East,Retargeting,18-24,2024-07-23 20:00:00,385,1,14.12,Awareness,0,0.0,7,Jul
2460,Paid Search,Desktop,West,Brand Awareness,18-24,2024-07-23 22:00:00,323,3,4.31,Bounced,0,0.0,7,Jul
2461,Direct,Desktop,South,Product Launch,45-54,2024-07-24 00:00:00,269,8,6.27,Product View,0,0.0,7,Jul
2462,Referral,Desktop,East,Brand Awareness,25-34,2024-07-24 02:00:00,377,8,6.04,Converted,1,99.0,7,Jul
2463,Social Media,Tablet,North,Brand Awareness,35-44,2024-07-24 04:00:00,170,6,4.0,Product View,0,0.0,7,Jul
2464,Social Media,Desktop,North,Brand Awareness,35-44,2024-07-24 06:00:00,233,7,3.65,Awareness,0,0.0,7,Jul
2465,Social Media,Desktop,East,Product Launch,18-24,2024-07-24 08:00:00,691,2,4.88,Bounced,0,0.0,7,Jul
2466,Organic Search,Desktop,North,Product Launch,18-24,2024-07-24 10:00:00,671,9,13.03,Awareness,0,0.0,7,Jul
2467,Paid Search,Mobile,East,Seasonal Offer,45-54,2024-07-24 12:00:00,890,3,11.62,Bounced,0,0.0,7,Jul
2468,Organic Search,Mobile,North,Lead Gen,35-44,2024-07-24 14:00:00,874,2,10.37,Bounced,0,0.0,7,Jul
2469,Paid Search,Mobile,East,Retargeting,25-34,2024-07-24 16:00:00,298,5,7.13,Checkout,0,0.0,7,Jul
2470,Social Media,Desktop,East,Retargeting,18-24,2024-07-24 18:00:00,342,1,7.86,Bounced,0,0.0,7,Jul
2471,Organic Search,Mobile,East,Brand Awareness,18-24,2024-07-24 20:00:00,447,5,4.37,Converted,1,49.0,7,Jul
2472,Direct,Desktop,North,Product Launch,25-34,2024-07-24 22:00:00,166,10,1.58,Checkout,0,0.0,7,Jul
2473,Referral,Mobile,East,Product Launch,18-24,2024-07-25 00:00:00,657,4,5.3,Bounced,0,0.0,7,Jul
2474,Email,Mobile,West,Brand Awareness,25-34,2024-07-25 02:00:00,380,12,7.69,Product View,0,0.0,7,Jul
2475,Social Media,Desktop,East,Lead Gen,25-34,2024-07-25 04:00:00,190,6,1.33,Bounced,0,0.0,7,Jul
2476,Referral,Desktop,South,Retargeting,18-24,2024-07-25 06:00:00,696,12,1.78,Converted,1,49.0,7,Jul
2477,Organic Search,Mobile,South,Seasonal Offer,18-24,2024-07-25 08:00:00,202,5,4.31,Bounced,0,0.0,7,Jul
2478,Email,Desktop,West,Lead Gen,45-54,2024-07-25 10:00:00,159,9,5.82,Converted,1,49.0,7,Jul
2479,Organic Search,Mobile,East,Product Launch,35-44,2024-07-25 12:00:00,108,5,6.2,Product View,0,0.0,7,Jul
2480,Email,Desktop,South,Brand Awareness,55+,2024-07-25 14:00:00,598,13,2.21,Checkout,0,0.0,7,Jul
2481,Organic Search,Desktop,East,Retargeting,25-34,2024-07-25 16:00:00,892,8,3.77,Awareness,0,0.0,7,Jul
2482,Referral,Desktop,South,Brand Awareness,35-44,2024-07-25 18:00:00,86,12,4.29,Converted,1,99.0,7,Jul
2483,Referral,Desktop,North,Product Launch,25-34,2024-07-25 20:00:00,429,13,1.48,Checkout,0,0.0,7,Jul
2484,Organic Search,Desktop,North,Brand Awareness,35-44,2024-07-25 22:00:00,392,2,5.23,Awareness,0,0.0,7,Jul
2485,Paid Search,Desktop,West,Retargeting,18-24,2024-07-26 00:00:00,364,3,1.55,Awareness,0,0.0,7,Jul
2486,Direct,Mobile,West,Brand Awareness,18-24,2024-07-26 02:00:00,163,3,10.7,Product View,0,0.0,7,Jul
2487,Paid Search,Desktop,East,Retargeting,55+,2024-07-26 04:00:00,43,3,6.1,Awareness,0,0.0,7,Jul
2488,Referral,Tablet,West,Brand Awareness,35-44,2024-07-26 06:00:00,312,6,5.24,Bounced,0,0.0,7,Jul
2489,Social Media,Mobile,East,Brand Awareness,55+,2024-07-26 08:00:00,835,7,2.33,Bounced,0,0.0,7,Jul
2490,Paid Search,Mobile,North,Retargeting,25-34,2024-07-26 10:00:00,688,7,3.78,Product View,0,0.0,7,Jul
2491,Organic Search,Desktop,North,Brand Awareness,25-34,2024-07-26 12:00:00,450,12,3.87,Checkout,0,0.0,7,Jul
2492,Organic Search,Desktop,South,Lead Gen,25-34,2024-07-26 14:00:00,156,7,14.79,Awareness,0,0.0,7,Jul
2493,Email,Desktop,East,Seasonal Offer,35-44,2024-07-26 16:00:00,801,12,12.61,Converted,1,49.0,7,Jul
2494,Paid Search,Mobile,North,Lead Gen,35-44,2024-07-26 18:00:00,855,3,0.72,Checkout,0,0.0,7,Jul
2495,Paid Search,Mobile,North,Seasonal Offer,55+,2024-07-26 20:00:00,247,1,9.44,Checkout,0,0.0,7,Jul
2496,Paid Search,Desktop,East,Lead Gen,18-24,2024-07-26 22:00:00,774,6,4.21,Checkout,0,0.0,7,Jul
2497,Social Media,Desktop,South,Seasonal Offer,35-44,2024-07-27 00:00:00,709,3,2.01,Bounced,0,0.0,7,Jul
2498,Referral,Mobile,South,Brand Awareness,25-34,2024-07-27 02:00:00,684,13,10.73,Checkout,0,0.0,7,Jul
2499,Direct,Desktop,South,Retargeting,25-34,2024-07-27 04:00:00,518,3,2.41,Converted,1,49.0,7,Jul
2500,Paid Search,Mobile,South,Retargeting,35-44,2024-07-27 06:00:00,289,3,6.93,Bounced,0,0.0,7,Jul
2501,Email,Mobile,North,Product Launch,35-44,2024-07-27 08:00:00,247,9,9.67,Bounced,0,0.0,7,Jul
2502,Email,Mobile,East,Seasonal Offer,18-24,2024-07-27 10:00:00,849,12,8.54,Bounced,0,0.0,7,Jul
2503,Social Media,Desktop,East,Product Launch,25-34,2024-07-27 12:00:00,687,4,14.68,Awareness,0,0.0,7,Jul
2504,Direct,Desktop,North,Product Launch,25-34,2024-07-27 14:00:00,518,5,11.89,Converted,1,149.0,7,Jul
2505,Organic Search,Mobile,North,Seasonal Offer,25-34,2024-07-27 16:00:00,472,3,11.73,Converted,1,49.0,7,Jul
2506,Organic Search,Tablet,North,Retargeting,25-34,2024-07-27 18:00:00,128,10,5.66,Checkout,0,0.0,7,Jul
2507,Referral,Desktop,West,Seasonal Offer,18-24,2024-07-27 20:00:00,211,13,0.62,Converted,1,49.0,7,Jul
2508,Paid Search,Desktop,East,Brand Awareness,18-24,2024-07-27 22:00:00,198,12,11.15,Bounced,0,0.0,7,Jul
2509,Email,Mobile,East,Product Launch,55+,2024-07-28 00:00:00,262,1,15.0,Bounced,0,0.0,7,Jul
2510,Referral,Tablet,East,Product Launch,55+,2024-07-28 02:00:00,122,12,6.39,Bounced,0,0.0,7,Jul
2511,Organic Search,Mobile,South,Seasonal Offer,25-34,2024-07-28 04:00:00,658,4,14.79,Bounced,0,0.0,7,Jul
2512,Referral,Tablet,North,Product Launch,55+,2024-07-28 06:00:00,501,1,2.55,Product View,0,0.0,7,Jul
2513,Paid Search,Desktop,North,Retargeting,35-44,2024-07-28 08:00:00,545,11,4.8,Bounced,0,0.0,7,Jul
2514,Paid Search,Desktop,North,Product Launch,18-24,2024-07-28 10:00:00,114,11,2.98,Bounced,0,0.0,7,Jul
2515,Social Media,Mobile,West,Seasonal Offer,18-24,2024-07-28 12:00:00,708,7,7.39,Bounced,0,0.0,7,Jul
2516,Referral,Mobile,East,Retargeting,55+,2024-07-28 14:00:00,548,7,12.06,Converted,1,499.0,7,Jul
2517,Organic Search,Desktop,North,Retargeting,35-44,2024-07-28 16:00:00,410,4,5.44,Converted,1,149.0,7,Jul
2518,Paid Search,Desktop,West,Product Launch,45-54,2024-07-28 18:00:00,436,5,13.64,Awareness,0,0.0,7,Jul
2519,Social Media,Mobile,North,Seasonal Offer,45-54,2024-07-28 20:00:00,261,10,8.4,Product View,0,0.0,7,Jul
2520,Email,Desktop,South,Product Launch,25-34,2024-07-28 22:00:00,280,7,7.25,Bounced,0,0.0,7,Jul
2521,Social Media,Desktop,East,Brand Awareness,18-24,2024-07-29 00:00:00,114,13,11.91,Bounced,0,0.0,7,Jul
2522,Organic Search,Mobile,West,Brand Awareness,25-34,2024-07-29 02:00:00,348,6,1.97,Awareness,0,0.0,7,Jul
2523,Organic Search,Mobile,North,Retargeting,18-24,2024-07-29 04:00:00,222,13,11.72,Converted,1,49.0,7,Jul
2524,Paid Search,Mobile,East,Product Launch,25-34,2024-07-29 06:00:00,664,4,4.02,Product View,0,0.0,7,Jul
2525,Email,Desktop,West,Brand Awareness,25-34,2024-07-29 08:00:00,630,4,4.57,Checkout,0,0.0,7,Jul
2526,Organic Search,Mobile,East,Lead Gen,18-24,2024-07-29 10:00:00,636,2,9.19,Awareness,0,0.0,7,Jul
2527,Organic Search,Mobile,East,Brand Awareness,25-34,2024-07-29 12:00:00,329,10,13.58,Product View,0,0.0,7,Jul
2528,Direct,Mobile,South,Product Launch,25-34,2024-07-29 14:00:00,387,2,8.89,Bounced,0,0.0,7,Jul
2529,Organic Search,Mobile,East,Product Launch,25-34,2024-07-29 16:00:00,586,12,9.91,Awareness,0,0.0,7,Jul
2530,Direct,Desktop,West,Brand Awareness,25-34,2024-07-29 18:00:00,794,4,11.76,Awareness,0,0.0,7,Jul
2531,Social Media,Desktop,East,Product Launch,25-34,2024-07-29 20:00:00,482,5,4.26,Bounced,0,0.0,7,Jul
2532,Email,Desktop,West,Product Launch,35-44,2024-07-29 22:00:00,592,4,12.49,Bounced,0,0.0,7,Jul
2533,Organic Search,Desktop,East,Lead Gen,55+,2024-07-30 00:00:00,535,14,6.56,Converted,1,49.0,7,Jul
2534,Organic Search,Mobile,North,Retargeting,18-24,2024-07-30 02:00:00,94,3,3.05,Bounced,0,0.0,7,Jul
2535,Email,Mobile,South,Product Launch,18-24,2024-07-30 04:00:00,595,11,5.58,Converted,1,149.0,7,Jul
2536,Email,Mobile,North,Seasonal Offer,45-54,2024-07-30 06:00:00,251,2,4.07,Checkout,0,0.0,7,Jul
2537,Email,Mobile,South,Retargeting,35-44,2024-07-30 08:00:00,495,4,3.82,Converted,1,99.0,7,Jul
2538,Organic Search,Desktop,West,Retargeting,45-54,2024-07-30 10:00:00,101,14,4.6,Awareness,0,0.0,7,Jul
2539,Email,Desktop,South,Seasonal Offer,25-34,2024-07-30 12:00:00,503,11,3.12,Checkout,0,0.0,7,Jul
2540,Email,Desktop,East,Brand Awareness,45-54,2024-07-30 14:00:00,709,5,10.18,Product View,0,0.0,7,Jul
2541,Social Media,Desktop,East,Lead Gen,55+,2024-07-30 16:00:00,727,1,8.91,Bounced,0,0.0,7,Jul
2542,Email,Desktop,North,Product Launch,35-44,2024-07-30 18:00:00,684,13,9.9,Product View,0,0.0,7,Jul
2543,Email,Mobile,South,Brand Awareness,18-24,2024-07-30 20:00:00,48,1,5.48,Converted,1,49.0,7,Jul
2544,Social Media,Tablet,West,Seasonal Offer,45-54,2024-07-30 22:00:00,551,6,11.66,Bounced,0,0.0,7,Jul
2545,Organic Search,Desktop,West,Lead Gen,45-54,2024-07-31 00:00:00,813,5,2.38,Awareness,0,0.0,7,Jul
2546,Paid Search,Desktop,East,Lead Gen,45-54,2024-07-31 02:00:00,712,11,8.78,Product View,0,0.0,7,Jul
2547,Organic Search,Mobile,West,Lead Gen,18-24,2024-07-31 04:00:00,444,4,4.49,Bounced,0,0.0,7,Jul
2548,Paid Search,Desktop,East,Seasonal Offer,45-54,2024-07-31 06:00:00,393,1,8.15,Checkout,0,0.0,7,Jul
2549,Paid Search,Mobile,East,Brand Awareness,18-24,2024-07-31 08:00:00,557,12,5.19,Awareness,0,0.0,7,Jul
2550,Organic Search,Mobile,East,Product Launch,25-34,2024-07-31 10:00:00,109,14,11.96,Awareness,0,0.0,7,Jul
2551,Paid Search,Tablet,North,Lead Gen,35-44,2024-07-31 12:00:00,825,7,13.42,Converted,1,49.0,7,Jul
2552,Organic Search,Desktop,North,Lead Gen,25-34,2024-07-31 14:00:00,219,4,11.27,Checkout,0,0.0,7,Jul
2553,Email,Mobile,East,Brand Awareness,35-44,2024-07-31 16:00:00,177,3,3.05,Bounced,0,0.0,7,Jul
2554,Referral,Desktop,East,Lead Gen,35-44,2024-07-31 18:00:00,704,14,4.49,Converted,1,249.0,7,Jul
2555,Organic Search,Mobile,East,Lead Gen,18-24,2024-07-31 20:00:00,472,7,13.83,Product View,0,0.0,7,Jul
2556,Direct,Desktop,West,Seasonal Offer,35-44,2024-07-31 22:00:00,294,2,6.84,Awareness,0,0.0,7,Jul
2557,Social Media,Desktop,East,Retargeting,55+,2024-08-01 00:00:00,679,10,14.15,Bounced,0,0.0,8,Aug
2558,Organic Search,Mobile,East,Brand Awareness,25-34,2024-08-01 02:00:00,538,1,6.19,Bounced,0,0.0,8,Aug
2559,Organic Search,Mobile,South,Brand Awareness,35-44,2024-08-01 04:00:00,330,11,14.3,Bounced,0,0.0,8,Aug
2560,Paid Search,Mobile,South,Brand Awareness,25-34,2024-08-01 06:00:00,495,4,13.92,Product View,0,0.0,8,Aug
2561,Email,Mobile,South,Seasonal Offer,25-34,2024-08-01 08:00:00,394,13,10.08,Awareness,0,0.0,8,Aug
2562,Social Media,Mobile,South,Seasonal Offer,25-34,2024-08-01 10:00:00,428,8,0.63,Bounced,0,0.0,8,Aug
2563,Organic Search,Desktop,East,Product Launch,25-34,2024-08-01 12:00:00,522,13,6.3,Checkout,0,0.0,8,Aug
2564,Organic Search,Mobile,South,Seasonal Offer,18-24,2024-08-01 14:00:00,571,6,13.71,Bounced,0,0.0,8,Aug
2565,Paid Search,Mobile,West,Brand Awareness,55+,2024-08-01 16:00:00,845,9,13.33,Bounced,0,0.0,8,Aug
2566,Organic Search,Mobile,West,Product Launch,35-44,2024-08-01 18:00:00,509,1,3.22,Checkout,0,0.0,8,Aug
2567,Organic Search,Tablet,South,Retargeting,35-44,2024-08-01 20:00:00,197,1,6.29,Awareness,0,0.0,8,Aug
2568,Organic Search,Desktop,North,Lead Gen,25-34,2024-08-01 22:00:00,632,11,12.61,Awareness,0,0.0,8,Aug
2569,Email,Mobile,West,Lead Gen,35-44,2024-08-02 00:00:00,120,5,8.88,Checkout,0,0.0,8,Aug
2570,Referral,Desktop,West,Product Launch,25-34,2024-08-02 02:00:00,752,6,12.79,Bounced,0,0.0,8,Aug
2571,Paid Search,Desktop,South,Retargeting,25-34,2024-08-02 04:00:00,871,8,12.49,Bounced,0,0.0,8,Aug
2572,Referral,Mobile,South,Lead Gen,25-34,2024-08-02 06:00:00,329,3,13.66,Awareness,0,0.0,8,Aug
2573,Paid Search,Desktop,East,Product Launch,25-34,2024-08-02 08:00:00,203,6,2.2,Checkout,0,0.0,8,Aug
2574,Paid Search,Mobile,West,Seasonal Offer,25-34,2024-08-02 10:00:00,675,3,2.61,Product View,0,0.0,8,Aug
2575,Organic Search,Desktop,South,Brand Awareness,35-44,2024-08-02 12:00:00,402,8,1.7,Product View,0,0.0,8,Aug
2576,Social Media,Desktop,South,Retargeting,45-54,2024-08-02 14:00:00,53,12,14.06,Bounced,0,0.0,8,Aug
2577,Direct,Mobile,East,Lead Gen,25-34,2024-08-02 16:00:00,230,11,7.39,Product View,0,0.0,8,Aug
2578,Social Media,Mobile,West,Brand Awareness,18-24,2024-08-02 18:00:00,760,11,1.43,Converted,1,99.0,8,Aug
2579,Paid Search,Tablet,South,Product Launch,25-34,2024-08-02 20:00:00,36,4,5.16,Checkout,0,0.0,8,Aug
2580,Social Media,Mobile,East,Lead Gen,55+,2024-08-02 22:00:00,35,2,5.6,Awareness,0,0.0,8,Aug
2581,Organic Search,Mobile,South,Brand Awareness,45-54,2024-08-03 00:00:00,659,12,12.24,Bounced,0,0.0,8,Aug
2582,Referral,Desktop,North,Seasonal Offer,35-44,2024-08-03 02:00:00,190,9,11.16,Awareness,0,0.0,8,Aug
2583,Paid Search,Desktop,North,Retargeting,55+,2024-08-03 04:00:00,626,10,10.5,Product View,0,0.0,8,Aug
2584,Paid Search,Desktop,South,Product Launch,25-34,2024-08-03 06:00:00,277,13,0.82,Converted,1,99.0,8,Aug
2585,Social Media,Mobile,West,Lead Gen,55+,2024-08-03 08:00:00,195,8,13.71,Product View,0,0.0,8,Aug
2586,Social Media,Mobile,North,Seasonal Offer,25-34,2024-08-03 10:00:00,457,6,3.63,Product View,0,0.0,8,Aug
2587,Organic Search,Desktop,East,Retargeting,25-34,2024-08-03 12:00:00,174,3,9.62,Bounced,0,0.0,8,Aug
2588,Social Media,Mobile,South,Retargeting,35-44,2024-08-03 14:00:00,540,2,1.4,Checkout,0,0.0,8,Aug
2589,Organic Search,Mobile,East,Seasonal Offer,25-34,2024-08-03 16:00:00,572,13,1.68,Product View,0,0.0,8,Aug
2590,Social Media,Desktop,North,Lead Gen,35-44,2024-08-03 18:00:00,538,4,0.64,Bounced,0,0.0,8,Aug
2591,Email,Desktop,West,Retargeting,25-34,2024-08-03 20:00:00,249,4,8.71,Bounced,0,0.0,8,Aug
2592,Email,Mobile,East,Product Launch,35-44,2024-08-03 22:00:00,674,1,9.63,Bounced,0,0.0,8,Aug
2593,Social Media,Mobile,North,Brand Awareness,25-34,2024-08-04 00:00:00,605,9,1.23,Bounced,0,0.0,8,Aug
2594,Social Media,Mobile,North,Product Launch,18-24,2024-08-04 02:00:00,105,10,4.71,Bounced,0,0.0,8,Aug
2595,Organic Search,Desktop,North,Retargeting,55+,2024-08-04 04:00:00,672,8,12.85,Bounced,0,0.0,8,Aug
2596,Email,Tablet,East,Brand Awareness,45-54,2024-08-04 06:00:00,853,7,1.97,Awareness,0,0.0,8,Aug
2597,Organic Search,Desktop,North,Seasonal Offer,55+,2024-08-04 08:00:00,348,6,3.64,Bounced,0,0.0,8,Aug
2598,Paid Search,Desktop,South,Brand Awareness,35-44,2024-08-04 10:00:00,67,3,6.65,Bounced,0,0.0,8,Aug
2599,Organic Search,Tablet,North,Brand Awareness,35-44,2024-08-04 12:00:00,595,4,12.71,Product View,0,0.0,8,Aug
2600,Organic Search,Desktop,South,Brand Awareness,35-44,2024-08-04 14:00:00,671,2,4.2,Product View,0,0.0,8,Aug
2601,Social Media,Mobile,West,Retargeting,18-24,2024-08-04 16:00:00,759,7,14.96,Awareness,0,0.0,8,Aug
2602,Organic Search,Desktop,South,Lead Gen,25-34,2024-08-04 18:00:00,543,2,5.65,Awareness,0,0.0,8,Aug
2603,Email,Mobile,West,Retargeting,25-34,2024-08-04 20:00:00,275,14,6.1,Awareness,0,0.0,8,Aug
2604,Paid Search,Tablet,West,Lead Gen,45-54,2024-08-04 22:00:00,169,10,2.27,Bounced,0,0.0,8,Aug
2605,Organic Search,Desktop,South,Seasonal Offer,25-34,2024-08-05 00:00:00,837,1,10.36,Product View,0,0.0,8,Aug
2606,Paid Search,Mobile,West,Seasonal Offer,55+,2024-08-05 02:00:00,287,6,4.03,Product View,0,0.0,8,Aug
2607,Organic Search,Desktop,South,Seasonal Offer,35-44,2024-08-05 04:00:00,646,4,9.62,Bounced,0,0.0,8,Aug
2608,Organic Search,Mobile,East,Seasonal Offer,35-44,2024-08-05 06:00:00,410,8,3.74,Checkout,0,0.0,8,Aug
2609,Social Media,Desktop,West,Seasonal Offer,18-24,2024-08-05 08:00:00,877,1,6.12,Product View,0,0.0,8,Aug
2610,Organic Search,Desktop,South,Product Launch,25-34,2024-08-05 10:00:00,507,9,12.92,Awareness,0,0.0,8,Aug
2611,Email,Desktop,West,Retargeting,55+,2024-08-05 12:00:00,214,6,11.21,Converted,1,49.0,8,Aug
2612,Organic Search,Desktop,North,Lead Gen,25-34,2024-08-05 14:00:00,332,14,2.74,Product View,0,0.0,8,Aug
2613,Organic Search,Tablet,South,Seasonal Offer,25-34,2024-08-05 16:00:00,523,2,9.31,Checkout,0,0.0,8,Aug
2614,Email,Desktop,North,Product Launch,25-34,2024-08-05 18:00:00,785,8,9.62,Converted,1,49.0,8,Aug
2615,Paid Search,Desktop,West,Product Launch,18-24,2024-08-05 20:00:00,193,5,1.81,Awareness,0,0.0,8,Aug
2616,Organic Search,Desktop,West,Product Launch,25-34,2024-08-05 22:00:00,673,5,7.25,Checkout,0,0.0,8,Aug
2617,Paid Search,Desktop,East,Retargeting,35-44,2024-08-06 00:00:00,232,5,4.28,Product View,0,0.0,8,Aug
2618,Organic Search,Mobile,South,Seasonal Offer,25-34,2024-08-06 02:00:00,437,7,7.27,Converted,1,99.0,8,Aug
2619,Email,Tablet,North,Product Launch,35-44,2024-08-06 04:00:00,239,7,11.77,Awareness,0,0.0,8,Aug
2620,Paid Search,Desktop,East,Product Launch,18-24,2024-08-06 06:00:00,888,10,2.79,Checkout,0,0.0,8,Aug
2621,Email,Mobile,West,Seasonal Offer,45-54,2024-08-06 08:00:00,130,11,2.29,Checkout,0,0.0,8,Aug
2622,Referral,Mobile,West,Retargeting,45-54,2024-08-06 10:00:00,475,7,4.41,Converted,1,249.0,8,Aug
2623,Paid Search,Desktop,East,Product Launch,18-24,2024-08-06 12:00:00,812,12,14.31,Product View,0,0.0,8,Aug
2624,Referral,Mobile,North,Lead Gen,25-34,2024-08-06 14:00:00,590,10,11.34,Product View,0,0.0,8,Aug
2625,Paid Search,Mobile,West,Brand Awareness,18-24,2024-08-06 16:00:00,397,2,0.78,Awareness,0,0.0,8,Aug
2626,Direct,Mobile,West,Brand Awareness,45-54,2024-08-06 18:00:00,268,8,6.31,Bounced,0,0.0,8,Aug
2627,Organic Search,Mobile,South,Brand Awareness,35-44,2024-08-06 20:00:00,756,1,4.23,Bounced,0,0.0,8,Aug
2628,Social Media,Desktop,East,Retargeting,55+,2024-08-06 22:00:00,320,13,9.75,Bounced,0,0.0,8,Aug
2629,Paid Search,Tablet,West,Product Launch,25-34,2024-08-07 00:00:00,401,14,7.16,Converted,1,49.0,8,Aug
2630,Paid Search,Mobile,North,Brand Awareness,25-34,2024-08-07 02:00:00,891,2,14.49,Awareness,0,0.0,8,Aug
2631,Social Media,Desktop,South,Brand Awareness,25-34,2024-08-07 04:00:00,460,11,3.68,Converted,1,499.0,8,Aug
2632,Social Media,Mobile,East,Seasonal Offer,25-34,2024-08-07 06:00:00,309,7,9.02,Bounced,0,0.0,8,Aug
2633,Organic Search,Desktop,North,Product Launch,35-44,2024-08-07 08:00:00,496,4,10.65,Product View,0,0.0,8,Aug
2634,Organic Search,Tablet,West,Product Launch,18-24,2024-08-07 10:00:00,345,11,12.47,Bounced,0,0.0,8,Aug
2635,Social Media,Mobile,East,Seasonal Offer,35-44,2024-08-07 12:00:00,106,10,6.4,Bounced,0,0.0,8,Aug
2636,Social Media,Desktop,East,Product Launch,35-44,2024-08-07 14:00:00,845,10,10.46,Awareness,0,0.0,8,Aug
2637,Direct,Desktop,North,Lead Gen,45-54,2024-08-07 16:00:00,180,9,4.9,Product View,0,0.0,8,Aug
2638,Email,Mobile,East,Retargeting,25-34,2024-08-07 18:00:00,425,11,6.81,Product View,0,0.0,8,Aug
2639,Direct,Desktop,North,Seasonal Offer,55+,2024-08-07 20:00:00,525,9,13.49,Converted,1,49.0,8,Aug
2640,Social Media,Desktop,West,Brand Awareness,55+,2024-08-07 22:00:00,326,14,14.27,Bounced,0,0.0,8,Aug
2641,Organic Search,Desktop,South,Product Launch,55+,2024-08-08 00:00:00,698,3,10.92,Product View,0,0.0,8,Aug
2642,Organic Search,Desktop,North,Lead Gen,45-54,2024-08-08 02:00:00,739,13,5.93,Converted,1,99.0,8,Aug
2643,Email,Desktop,South,Lead Gen,45-54,2024-08-08 04:00:00,436,14,12.39,Awareness,0,0.0,8,Aug
2644,Social Media,Desktop,East,Retargeting,35-44,2024-08-08 06:00:00,316,13,0.88,Checkout,0,0.0,8,Aug
2645,Organic Search,Desktop,North,Lead Gen,25-34,2024-08-08 08:00:00,522,3,1.99,Converted,1,49.0,8,Aug
2646,Paid Search,Mobile,West,Product Launch,35-44,2024-08-08 10:00:00,565,9,10.09,Awareness,0,0.0,8,Aug
2647,Direct,Mobile,North,Product Launch,35-44,2024-08-08 12:00:00,485,13,4.72,Awareness,0,0.0,8,Aug
2648,Paid Search,Desktop,North,Lead Gen,55+,2024-08-08 14:00:00,521,10,14.3,Awareness,0,0.0,8,Aug
2649,Paid Search,Desktop,North,Product Launch,35-44,2024-08-08 16:00:00,38,12,6.82,Awareness,0,0.0,8,Aug
2650,Paid Search,Mobile,South,Product Launch,25-34,2024-08-08 18:00:00,161,8,6.73,Converted,1,149.0,8,Aug
2651,Organic Search,Desktop,South,Brand Awareness,35-44,2024-08-08 20:00:00,106,1,10.33,Product View,0,0.0,8,Aug
2652,Paid Search,Desktop,East,Seasonal Offer,55+,2024-08-08 22:00:00,767,6,11.63,Product View,0,0.0,8,Aug
2653,Paid Search,Desktop,East,Product Launch,25-34,2024-08-09 00:00:00,160,7,7.4,Bounced,0,0.0,8,Aug
2654,Organic Search,Mobile,East,Product Launch,25-34,2024-08-09 02:00:00,441,14,3.6,Converted,1,99.0,8,Aug
2655,Email,Mobile,East,Retargeting,35-44,2024-08-09 04:00:00,119,11,11.71,Converted,1,149.0,8,Aug
2656,Paid Search,Mobile,North,Seasonal Offer,25-34,2024-08-09 06:00:00,527,14,5.15,Bounced,0,0.0,8,Aug
2657,Email,Mobile,South,Seasonal Offer,18-24,2024-08-09 08:00:00,658,8,3.04,Bounced,0,0.0,8,Aug
2658,Referral,Mobile,South,Seasonal Offer,25-34,2024-08-09 10:00:00,651,12,9.66,Bounced,0,0.0,8,Aug
2659,Organic Search,Desktop,South,Lead Gen,45-54,2024-08-09 12:00:00,383,12,1.81,Converted,1,99.0,8,Aug
2660,Social Media,Mobile,South,Brand Awareness,18-24,2024-08-09 14:00:00,300,2,14.58,Awareness,0,0.0,8,Aug
2661,Paid Search,Desktop,East,Brand Awareness,25-34,2024-08-09 16:00:00,421,14,9.67,Product View,0,0.0,8,Aug
2662,Referral,Mobile,North,Retargeting,45-54,2024-08-09 18:00:00,461,1,14.8,Bounced,0,0.0,8,Aug
2663,Organic Search,Mobile,South,Seasonal Offer,55+,2024-08-09 20:00:00,768,4,5.41,Converted,1,99.0,8,Aug
2664,Social Media,Mobile,West,Seasonal Offer,55+,2024-08-09 22:00:00,501,1,14.58,Checkout,0,0.0,8,Aug
2665,Social Media,Desktop,North,Product Launch,25-34,2024-08-10 00:00:00,785,2,2.61,Awareness,0,0.0,8,Aug
2666,Organic Search,Desktop,West,Lead Gen,55+,2024-08-10 02:00:00,337,3,1.09,Converted,1,149.0,8,Aug
2667,Organic Search,Mobile,North,Lead Gen,18-24,2024-08-10 04:00:00,537,4,0.98,Awareness,0,0.0,8,Aug
2668,Social Media,Mobile,North,Retargeting,35-44,2024-08-10 06:00:00,84,12,7.24,Bounced,0,0.0,8,Aug
2669,Email,Mobile,North,Brand Awareness,35-44,2024-08-10 08:00:00,66,12,1.7,Awareness,0,0.0,8,Aug
2670,Paid Search,Desktop,West,Seasonal Offer,25-34,2024-08-10 10:00:00,84,6,7.93,Product View,0,0.0,8,Aug
2671,Social Media,Mobile,South,Retargeting,35-44,2024-08-10 12:00:00,553,8,5.25,Bounced,0,0.0,8,Aug
2672,Paid Search,Mobile,South,Lead Gen,18-24,2024-08-10 14:00:00,492,9,5.37,Converted,1,49.0,8,Aug
2673,Social Media,Mobile,West,Lead Gen,45-54,2024-08-10 16:00:00,726,4,9.72,Product View,0,0.0,8,Aug
2674,Organic Search,Mobile,South,Lead Gen,25-34,2024-08-10 18:00:00,507,1,2.86,Product View,0,0.0,8,Aug
2675,Referral,Mobile,East,Seasonal Offer,35-44,2024-08-10 20:00:00,778,14,11.62,Converted,1,99.0,8,Aug
2676,Organic Search,Mobile,South,Seasonal Offer,25-34,2024-08-10 22:00:00,834,5,8.94,Converted,1,49.0,8,Aug
2677,Paid Search,Mobile,East,Seasonal Offer,25-34,2024-08-11 00:00:00,745,5,13.77,Product View,0,0.0,8,Aug
2678,Organic Search,Tablet,East,Product Launch,55+,2024-08-11 02:00:00,240,9,5.79,Bounced,0,0.0,8,Aug
2679,Organic Search,Desktop,East,Brand Awareness,45-54,2024-08-11 04:00:00,255,6,14.75,Bounced,0,0.0,8,Aug
2680,Paid Search,Desktop,West,Lead Gen,55+,2024-08-11 06:00:00,36,5,8.85,Product View,0,0.0,8,Aug
2681,Organic Search,Tablet,South,Lead Gen,25-34,2024-08-11 08:00:00,761,10,14.61,Converted,1,99.0,8,Aug
2682,Email,Mobile,South,Product Launch,25-34,2024-08-11 10:00:00,852,10,0.89,Converted,1,149.0,8,Aug
2683,Organic Search,Mobile,West,Lead Gen,35-44,2024-08-11 12:00:00,569,5,11.06,Checkout,0,0.0,8,Aug
2684,Paid Search,Desktop,West,Lead Gen,25-34,2024-08-11 14:00:00,834,8,12.34,Checkout,0,0.0,8,Aug
2685,Paid Search,Desktop,South,Seasonal Offer,25-34,2024-08-11 16:00:00,241,11,1.27,Converted,1,49.0,8,Aug
2686,Organic Search,Mobile,West,Seasonal Offer,35-44,2024-08-11 18:00:00,218,1,8.9,Awareness,0,0.0,8,Aug
2687,Organic Search,Mobile,West,Brand Awareness,25-34,2024-08-11 20:00:00,104,5,12.13,Awareness,0,0.0,8,Aug
2688,Paid Search,Desktop,East,Lead Gen,25-34,2024-08-11 22:00:00,783,1,8.64,Checkout,0,0.0,8,Aug
2689,Paid Search,Desktop,West,Retargeting,25-34,2024-08-12 00:00:00,143,7,1.43,Bounced,0,0.0,8,Aug
2690,Paid Search,Mobile,East,Lead Gen,35-44,2024-08-12 02:00:00,708,14,10.55,Bounced,0,0.0,8,Aug
2691,Social Media,Desktop,North,Lead Gen,35-44,2024-08-12 04:00:00,647,7,1.38,Awareness,0,0.0,8,Aug
2692,Social Media,Mobile,East,Brand Awareness,25-34,2024-08-12 06:00:00,180,13,12.35,Converted,1,249.0,8,Aug
2693,Organic Search,Desktop,East,Retargeting,35-44,2024-08-12 08:00:00,465,10,1.12,Bounced,0,0.0,8,Aug
2694,Paid Search,Mobile,West,Lead Gen,18-24,2024-08-12 10:00:00,113,8,2.49,Awareness,0,0.0,8,Aug
2695,Direct,Tablet,South,Retargeting,55+,2024-08-12 12:00:00,241,14,4.49,Converted,1,249.0,8,Aug
2696,Paid Search,Mobile,North,Seasonal Offer,55+,2024-08-12 14:00:00,808,7,9.68,Awareness,0,0.0,8,Aug
2697,Social Media,Desktop,North,Seasonal Offer,35-44,2024-08-12 16:00:00,863,11,14.66,Awareness,0,0.0,8,Aug
2698,Paid Search,Mobile,North,Retargeting,18-24,2024-08-12 18:00:00,810,9,2.21,Awareness,0,0.0,8,Aug
2699,Email,Desktop,South,Lead Gen,35-44,2024-08-12 20:00:00,490,8,2.57,Checkout,0,0.0,8,Aug
2700,Email,Desktop,North,Retargeting,35-44,2024-08-12 22:00:00,206,8,5.85,Product View,0,0.0,8,Aug
2701,Social Media,Tablet,North,Retargeting,55+,2024-08-13 00:00:00,812,3,12.63,Bounced,0,0.0,8,Aug
2702,Direct,Mobile,South,Seasonal Offer,55+,2024-08-13 02:00:00,341,10,7.27,Product View,0,0.0,8,Aug
2703,Organic Search,Mobile,North,Retargeting,45-54,2024-08-13 04:00:00,723,4,5.16,Converted,1,99.0,8,Aug
2704,Organic Search,Desktop,West,Product Launch,18-24,2024-08-13 06:00:00,188,4,8.64,Converted,1,49.0,8,Aug
2705,Email,Desktop,West,Product Launch,55+,2024-08-13 08:00:00,730,1,4.28,Checkout,0,0.0,8,Aug
2706,Email,Desktop,East,Seasonal Offer,35-44,2024-08-13 10:00:00,215,6,6.32,Checkout,0,0.0,8,Aug
2707,Organic Search,Mobile,East,Lead Gen,45-54,2024-08-13 12:00:00,500,2,5.32,Checkout,0,0.0,8,Aug
2708,Organic Search,Mobile,East,Lead Gen,25-34,2024-08-13 14:00:00,338,9,12.16,Awareness,0,0.0,8,Aug
2709,Organic Search,Mobile,West,Seasonal Offer,25-34,2024-08-13 16:00:00,275,14,13.9,Converted,1,149.0,8,Aug
2710,Organic Search,Mobile,West,Lead Gen,25-34,2024-08-13 18:00:00,858,1,11.51,Awareness,0,0.0,8,Aug
2711,Email,Desktop,West,Brand Awareness,18-24,2024-08-13 20:00:00,413,1,6.87,Awareness,0,0.0,8,Aug
2712,Paid Search,Desktop,East,Product Launch,25-34,2024-08-13 22:00:00,71,11,7.81,Converted,1,249.0,8,Aug
2713,Paid Search,Desktop,East,Brand Awareness,45-54,2024-08-14 00:00:00,314,13,2.31,Awareness,0,0.0,8,Aug
2714,Paid Search,Desktop,East,Brand Awareness,18-24,2024-08-14 02:00:00,329,10,11.33,Bounced,0,0.0,8,Aug
2715,Organic Search,Desktop,East,Brand Awareness,25-34,2024-08-14 04:00:00,465,11,9.15,Converted,1,49.0,8,Aug
2716,Organic Search,Tablet,East,Seasonal Offer,18-24,2024-08-14 06:00:00,398,6,13.59,Bounced,0,0.0,8,Aug
2717,Social Media,Desktop,East,Brand Awareness,25-34,2024-08-14 08:00:00,515,13,3.41,Bounced,0,0.0,8,Aug
2718,Direct,Tablet,West,Retargeting,55+,2024-08-14 10:00:00,465,1,11.52,Product View,0,0.0,8,Aug
2719,Email,Desktop,South,Lead Gen,25-34,2024-08-14 12:00:00,835,12,10.43,Converted,1,249.0,8,Aug
2720,Organic Search,Tablet,South,Seasonal Offer,18-24,2024-08-14 14:00:00,457,3,4.35,Bounced,0,0.0,8,Aug
2721,Referral,Mobile,East,Retargeting,55+,2024-08-14 16:00:00,210,10,10.18,Product View,0,0.0,8,Aug
2722,Email,Tablet,South,Retargeting,45-54,2024-08-14 18:00:00,723,2,13.9,Awareness,0,0.0,8,Aug
2723,Email,Desktop,South,Product Launch,18-24,2024-08-14 20:00:00,369,13,13.82,Bounced,0,0.0,8,Aug
2724,Paid Search,Mobile,West,Product Launch,45-54,2024-08-14 22:00:00,520,11,10.93,Awareness,0,0.0,8,Aug
2725,Paid Search,Tablet,East,Retargeting,35-44,2024-08-15 00:00:00,524,9,1.2,Checkout,0,0.0,8,Aug
2726,Paid Search,Desktop,East,Product Launch,45-54,2024-08-15 02:00:00,759,5,13.15,Converted,1,249.0,8,Aug
2727,Organic Search,Desktop,South,Lead Gen,25-34,2024-08-15 04:00:00,192,6,10.04,Converted,1,99.0,8,Aug
2728,Organic Search,Desktop,East,Lead Gen,55+,2024-08-15 06:00:00,587,2,5.0,Bounced,0,0.0,8,Aug
2729,Organic Search,Tablet,East,Product Launch,18-24,2024-08-15 08:00:00,485,8,3.22,Converted,1,149.0,8,Aug
2730,Paid Search,Mobile,East,Brand Awareness,25-34,2024-08-15 10:00:00,121,6,2.18,Product View,0,0.0,8,Aug
2731,Email,Mobile,East,Retargeting,25-34,2024-08-15 12:00:00,134,11,1.23,Checkout,0,0.0,8,Aug
2732,Paid Search,Desktop,South,Lead Gen,25-34,2024-08-15 14:00:00,748,12,11.43,Bounced,0,0.0,8,Aug
2733,Organic Search,Desktop,North,Product Launch,55+,2024-08-15 16:00:00,468,8,3.92,Product View,0,0.0,8,Aug
2734,Direct,Mobile,South,Product Launch,35-44,2024-08-15 18:00:00,527,8,0.85,Bounced,0,0.0,8,Aug
2735,Referral,Desktop,West,Lead Gen,18-24,2024-08-15 20:00:00,357,14,6.26,Awareness,0,0.0,8,Aug
2736,Email,Mobile,North,Lead Gen,25-34,2024-08-15 22:00:00,680,1,7.5,Bounced,0,0.0,8,Aug
2737,Direct,Tablet,North,Brand Awareness,25-34,2024-08-16 00:00:00,570,7,2.95,Converted,1,99.0,8,Aug
2738,Social Media,Desktop,North,Product Launch,55+,2024-08-16 02:00:00,538,2,1.14,Product View,0,0.0,8,Aug
2739,Direct,Mobile,South,Product Launch,35-44,2024-08-16 04:00:00,280,11,3.24,Converted,1,99.0,8,Aug
2740,Organic Search,Desktop,West,Seasonal Offer,35-44,2024-08-16 06:00:00,220,8,10.35,Product View,0,0.0,8,Aug
2741,Paid Search,Mobile,South,Brand Awareness,35-44,2024-08-16 08:00:00,76,12,1.69,Bounced,0,0.0,8,Aug
2742,Organic Search,Desktop,West,Lead Gen,45-54,2024-08-16 10:00:00,280,2,8.55,Converted,1,99.0,8,Aug
2743,Organic Search,Mobile,South,Lead Gen,35-44,2024-08-16 12:00:00,804,4,2.62,Converted,1,49.0,8,Aug
2744,Organic Search,Desktop,South,Retargeting,25-34,2024-08-16 14:00:00,93,2,3.34,Awareness,0,0.0,8,Aug
2745,Social Media,Desktop,South,Lead Gen,45-54,2024-08-16 16:00:00,879,13,6.2,Product View,0,0.0,8,Aug
2746,Email,Mobile,North,Product Launch,35-44,2024-08-16 18:00:00,349,7,1.96,Checkout,0,0.0,8,Aug
2747,Social Media,Desktop,South,Lead Gen,35-44,2024-08-16 20:00:00,889,5,3.01,Converted,1,149.0,8,Aug
2748,Organic Search,Mobile,West,Product Launch,55+,2024-08-16 22:00:00,809,13,5.56,Awareness,0,0.0,8,Aug
2749,Email,Desktop,West,Product Launch,45-54,2024-08-17 00:00:00,553,11,5.28,Product View,0,0.0,8,Aug
2750,Social Media,Mobile,West,Brand Awareness,45-54,2024-08-17 02:00:00,321,13,11.36,Bounced,0,0.0,8,Aug
2751,Paid Search,Desktop,North,Lead Gen,55+,2024-08-17 04:00:00,58,11,1.58,Checkout,0,0.0,8,Aug
2752,Social Media,Mobile,South,Brand Awareness,25-34,2024-08-17 06:00:00,680,9,12.98,Product View,0,0.0,8,Aug
2753,Organic Search,Desktop,South,Product Launch,25-34,2024-08-17 08:00:00,466,5,12.34,Bounced,0,0.0,8,Aug
2754,Paid Search,Desktop,East,Lead Gen,35-44,2024-08-17 10:00:00,626,11,11.61,Bounced,0,0.0,8,Aug
2755,Referral,Desktop,North,Lead Gen,25-34,2024-08-17 12:00:00,615,8,4.99,Product View,0,0.0,8,Aug
2756,Organic Search,Mobile,West,Brand Awareness,45-54,2024-08-17 14:00:00,792,2,12.43,Awareness,0,0.0,8,Aug
2757,Paid Search,Desktop,West,Brand Awareness,45-54,2024-08-17 16:00:00,765,3,3.15,Converted,1,49.0,8,Aug
2758,Referral,Mobile,South,Product Launch,35-44,2024-08-17 18:00:00,76,6,2.3,Bounced,0,0.0,8,Aug
2759,Social Media,Mobile,West,Product Launch,55+,2024-08-17 20:00:00,446,11,1.15,Bounced,0,0.0,8,Aug
2760,Organic Search,Desktop,South,Lead Gen,25-34,2024-08-17 22:00:00,622,7,14.12,Awareness,0,0.0,8,Aug
2761,Organic Search,Mobile,South,Lead Gen,35-44,2024-08-18 00:00:00,480,14,4.97,Bounced,0,0.0,8,Aug
2762,Organic Search,Desktop,East,Seasonal Offer,35-44,2024-08-18 02:00:00,662,10,13.81,Converted,1,99.0,8,Aug
2763,Social Media,Desktop,North,Seasonal Offer,25-34,2024-08-18 04:00:00,584,8,4.45,Bounced,0,0.0,8,Aug
2764,Paid Search,Mobile,South,Retargeting,25-34,2024-08-18 06:00:00,687,3,13.66,Bounced,0,0.0,8,Aug
2765,Organic Search,Mobile,South,Product Launch,45-54,2024-08-18 08:00:00,103,7,13.61,Checkout,0,0.0,8,Aug
2766,Direct,Mobile,South,Retargeting,35-44,2024-08-18 10:00:00,82,8,13.89,Converted,1,249.0,8,Aug
2767,Social Media,Desktop,East,Retargeting,45-54,2024-08-18 12:00:00,262,10,7.69,Bounced,0,0.0,8,Aug
2768,Organic Search,Desktop,South,Brand Awareness,35-44,2024-08-18 14:00:00,836,6,13.06,Converted,1,49.0,8,Aug
2769,Paid Search,Desktop,North,Brand Awareness,25-34,2024-08-18 16:00:00,229,4,14.29,Bounced,0,0.0,8,Aug
2770,Social Media,Mobile,North,Seasonal Offer,25-34,2024-08-18 18:00:00,703,13,5.21,Converted,1,99.0,8,Aug
2771,Organic Search,Mobile,West,Retargeting,25-34,2024-08-18 20:00:00,578,6,6.57,Awareness,0,0.0,8,Aug
2772,Organic Search,Mobile,North,Seasonal Offer,55+,2024-08-18 22:00:00,126,9,10.93,Checkout,0,0.0,8,Aug
2773,Email,Desktop,West,Product Launch,18-24,2024-08-19 00:00:00,78,3,4.86,Converted,1,149.0,8,Aug
2774,Paid Search,Desktop,North,Lead Gen,55+,2024-08-19 02:00:00,551,2,11.43,Bounced,0,0.0,8,Aug
2775,Social Media,Desktop,West,Brand Awareness,55+,2024-08-19 04:00:00,69,5,1.57,Bounced,0,0.0,8,Aug
2776,Paid Search,Desktop,South,Product Launch,55+,2024-08-19 06:00:00,182,7,8.09,Product View,0,0.0,8,Aug
2777,Organic Search,Desktop,East,Product Launch,25-34,2024-08-19 08:00:00,135,3,2.27,Checkout,0,0.0,8,Aug
2778,Organic Search,Mobile,East,Brand Awareness,55+,2024-08-19 10:00:00,582,5,4.75,Bounced,0,0.0,8,Aug
2779,Paid Search,Mobile,East,Brand Awareness,25-34,2024-08-19 12:00:00,705,4,4.25,Bounced,0,0.0,8,Aug
2780,Organic Search,Mobile,South,Retargeting,18-24,2024-08-19 14:00:00,799,11,12.66,Awareness,0,0.0,8,Aug
2781,Organic Search,Desktop,East,Seasonal Offer,25-34,2024-08-19 16:00:00,240,7,3.31,Awareness,0,0.0,8,Aug
2782,Email,Desktop,North,Product Launch,55+,2024-08-19 18:00:00,231,2,12.22,Converted,1,49.0,8,Aug
2783,Direct,Mobile,West,Retargeting,18-24,2024-08-19 20:00:00,462,12,12.01,Bounced,0,0.0,8,Aug
2784,Email,Desktop,South,Retargeting,35-44,2024-08-19 22:00:00,736,11,7.73,Awareness,0,0.0,8,Aug
2785,Referral,Tablet,East,Product Launch,18-24,2024-08-20 00:00:00,594,13,3.89,Product View,0,0.0,8,Aug
2786,Organic Search,Desktop,North,Product Launch,25-34,2024-08-20 02:00:00,176,7,3.79,Product View,0,0.0,8,Aug
2787,Direct,Desktop,North,Lead Gen,18-24,2024-08-20 04:00:00,528,12,7.24,Product View,0,0.0,8,Aug
2788,Organic Search,Tablet,South,Seasonal Offer,45-54,2024-08-20 06:00:00,311,2,0.63,Bounced,0,0.0,8,Aug
2789,Direct,Desktop,South,Product Launch,35-44,2024-08-20 08:00:00,339,3,8.2,Awareness,0,0.0,8,Aug
2790,Direct,Mobile,East,Brand Awareness,55+,2024-08-20 10:00:00,784,5,14.32,Bounced,0,0.0,8,Aug
2791,Social Media,Mobile,West,Lead Gen,35-44,2024-08-20 12:00:00,80,7,2.74,Awareness,0,0.0,8,Aug
2792,Direct,Desktop,East,Seasonal Offer,55+,2024-08-20 14:00:00,524,13,8.81,Awareness,0,0.0,8,Aug
2793,Social Media,Desktop,East,Brand Awareness,35-44,2024-08-20 16:00:00,438,6,14.45,Bounced,0,0.0,8,Aug
2794,Organic Search,Mobile,South,Brand Awareness,35-44,2024-08-20 18:00:00,655,12,12.98,Checkout,0,0.0,8,Aug
2795,Paid Search,Mobile,East,Seasonal Offer,35-44,2024-08-20 20:00:00,302,7,12.83,Product View,0,0.0,8,Aug
2796,Social Media,Desktop,East,Lead Gen,25-34,2024-08-20 22:00:00,487,11,12.42,Bounced,0,0.0,8,Aug
2797,Organic Search,Tablet,West,Brand Awareness,45-54,2024-08-21 00:00:00,149,6,4.98,Bounced,0,0.0,8,Aug
2798,Social Media,Desktop,North,Retargeting,35-44,2024-08-21 02:00:00,730,13,13.41,Converted,1,249.0,8,Aug
2799,Direct,Desktop,North,Seasonal Offer,45-54,2024-08-21 04:00:00,75,12,14.15,Converted,1,99.0,8,Aug
2800,Organic Search,Desktop,West,Seasonal Offer,45-54,2024-08-21 06:00:00,272,1,7.69,Checkout,0,0.0,8,Aug
2801,Email,Desktop,North,Product Launch,25-34,2024-08-21 08:00:00,340,5,5.64,Checkout,0,0.0,8,Aug
2802,Referral,Desktop,East,Lead Gen,35-44,2024-08-21 10:00:00,591,12,6.51,Checkout,0,0.0,8,Aug
2803,Referral,Tablet,West,Retargeting,25-34,2024-08-21 12:00:00,360,1,5.35,Product View,0,0.0,8,Aug
2804,Direct,Desktop,West,Retargeting,35-44,2024-08-21 14:00:00,40,7,3.58,Bounced,0,0.0,8,Aug
2805,Social Media,Desktop,South,Product Launch,35-44,2024-08-21 16:00:00,453,4,9.47,Bounced,0,0.0,8,Aug
2806,Direct,Desktop,North,Brand Awareness,55+,2024-08-21 18:00:00,77,5,8.66,Converted,1,149.0,8,Aug
2807,Email,Mobile,South,Brand Awareness,18-24,2024-08-21 20:00:00,406,1,7.21,Bounced,0,0.0,8,Aug
2808,Organic Search,Mobile,East,Retargeting,18-24,2024-08-21 22:00:00,597,8,1.89,Awareness,0,0.0,8,Aug
2809,Paid Search,Desktop,West,Lead Gen,18-24,2024-08-22 00:00:00,37,4,12.05,Checkout,0,0.0,8,Aug
2810,Social Media,Desktop,East,Brand Awareness,25-34,2024-08-22 02:00:00,555,3,3.04,Product View,0,0.0,8,Aug
2811,Organic Search,Desktop,North,Seasonal Offer,45-54,2024-08-22 04:00:00,756,1,2.16,Bounced,0,0.0,8,Aug
2812,Social Media,Desktop,South,Product Launch,45-54,2024-08-22 06:00:00,399,4,9.53,Bounced,0,0.0,8,Aug
2813,Social Media,Desktop,North,Lead Gen,35-44,2024-08-22 08:00:00,469,3,6.28,Awareness,0,0.0,8,Aug
2814,Organic Search,Desktop,East,Brand Awareness,45-54,2024-08-22 10:00:00,786,8,1.37,Converted,1,49.0,8,Aug
2815,Social Media,Desktop,South,Retargeting,25-34,2024-08-22 12:00:00,595,9,5.66,Bounced,0,0.0,8,Aug
2816,Email,Mobile,North,Product Launch,18-24,2024-08-22 14:00:00,513,12,11.69,Checkout,0,0.0,8,Aug
2817,Paid Search,Desktop,East,Brand Awareness,18-24,2024-08-22 16:00:00,302,5,9.42,Bounced,0,0.0,8,Aug
2818,Organic Search,Tablet,North,Retargeting,45-54,2024-08-22 18:00:00,160,9,5.76,Awareness,0,0.0,8,Aug
2819,Organic Search,Tablet,West,Brand Awareness,35-44,2024-08-22 20:00:00,550,1,3.28,Checkout,0,0.0,8,Aug
2820,Paid Search,Mobile,South,Product Launch,35-44,2024-08-22 22:00:00,753,7,9.66,Checkout,0,0.0,8,Aug
2821,Referral,Desktop,South,Seasonal Offer,25-34,2024-08-23 00:00:00,663,11,13.37,Converted,1,49.0,8,Aug
2822,Organic Search,Desktop,South,Seasonal Offer,25-34,2024-08-23 02:00:00,143,14,9.87,Checkout,0,0.0,8,Aug
2823,Social Media,Desktop,West,Retargeting,55+,2024-08-23 04:00:00,561,7,12.29,Checkout,0,0.0,8,Aug
2824,Organic Search,Mobile,South,Seasonal Offer,18-24,2024-08-23 06:00:00,528,6,8.06,Awareness,0,0.0,8,Aug
2825,Paid Search,Desktop,West,Product Launch,45-54,2024-08-23 08:00:00,368,4,10.91,Awareness,0,0.0,8,Aug
2826,Email,Mobile,South,Retargeting,25-34,2024-08-23 10:00:00,50,13,13.5,Product View,0,0.0,8,Aug
2827,Email,Tablet,North,Brand Awareness,18-24,2024-08-23 12:00:00,749,11,11.71,Product View,0,0.0,8,Aug
2828,Organic Search,Desktop,North,Lead Gen,35-44,2024-08-23 14:00:00,62,9,13.69,Bounced,0,0.0,8,Aug
2829,Paid Search,Mobile,North,Brand Awareness,25-34,2024-08-23 16:00:00,162,14,6.75,Bounced,0,0.0,8,Aug
2830,Organic Search,Desktop,North,Product Launch,35-44,2024-08-23 18:00:00,732,3,13.61,Checkout,0,0.0,8,Aug
2831,Paid Search,Desktop,West,Retargeting,35-44,2024-08-23 20:00:00,55,11,9.51,Awareness,0,0.0,8,Aug
2832,Social Media,Desktop,East,Brand Awareness,35-44,2024-08-23 22:00:00,393,11,13.12,Converted,1,49.0,8,Aug
2833,Organic Search,Desktop,East,Retargeting,45-54,2024-08-24 00:00:00,630,1,1.07,Converted,1,49.0,8,Aug
2834,Organic Search,Mobile,North,Seasonal Offer,35-44,2024-08-24 02:00:00,121,2,10.04,Awareness,0,0.0,8,Aug
2835,Paid Search,Desktop,East,Lead Gen,25-34,2024-08-24 04:00:00,574,3,12.8,Product View,0,0.0,8,Aug
2836,Referral,Desktop,East,Product Launch,35-44,2024-08-24 06:00:00,267,2,3.03,Bounced,0,0.0,8,Aug
2837,Direct,Mobile,South,Brand Awareness,35-44,2024-08-24 08:00:00,47,6,10.1,Checkout,0,0.0,8,Aug
2838,Organic Search,Mobile,West,Lead Gen,18-24,2024-08-24 10:00:00,303,13,12.46,Converted,1,99.0,8,Aug
2839,Email,Desktop,North,Product Launch,55+,2024-08-24 12:00:00,318,14,4.68,Bounced,0,0.0,8,Aug
2840,Paid Search,Mobile,East,Product Launch,35-44,2024-08-24 14:00:00,56,7,6.38,Converted,1,149.0,8,Aug
2841,Paid Search,Mobile,East,Seasonal Offer,45-54,2024-08-24 16:00:00,846,5,8.76,Checkout,0,0.0,8,Aug
2842,Email,Desktop,North,Retargeting,45-54,2024-08-24 18:00:00,463,5,8.03,Converted,1,49.0,8,Aug
2843,Referral,Desktop,South,Retargeting,25-34,2024-08-24 20:00:00,137,7,1.07,Bounced,0,0.0,8,Aug
2844,Direct,Desktop,North,Lead Gen,35-44,2024-08-24 22:00:00,767,6,1.93,Checkout,0,0.0,8,Aug
2845,Social Media,Mobile,South,Seasonal Offer,25-34,2024-08-25 00:00:00,353,12,1.96,Awareness,0,0.0,8,Aug
2846,Paid Search,Mobile,East,Product Launch,25-34,2024-08-25 02:00:00,896,8,4.3,Bounced,0,0.0,8,Aug
2847,Email,Mobile,West,Seasonal Offer,45-54,2024-08-25 04:00:00,560,9,4.07,Product View,0,0.0,8,Aug
2848,Organic Search,Desktop,South,Seasonal Offer,45-54,2024-08-25 06:00:00,764,2,11.26,Bounced,0,0.0,8,Aug
2849,Social Media,Desktop,South,Lead Gen,18-24,2024-08-25 08:00:00,822,12,8.8,Awareness,0,0.0,8,Aug
2850,Paid Search,Desktop,North,Retargeting,35-44,2024-08-25 10:00:00,133,2,11.58,Bounced,0,0.0,8,Aug
2851,Social Media,Desktop,East,Seasonal Offer,55+,2024-08-25 12:00:00,873,1,1.51,Bounced,0,0.0,8,Aug
2852,Organic Search,Mobile,West,Seasonal Offer,35-44,2024-08-25 14:00:00,361,7,7.54,Product View,0,0.0,8,Aug
2853,Organic Search,Mobile,North,Seasonal Offer,45-54,2024-08-25 16:00:00,391,11,5.19,Product View,0,0.0,8,Aug
2854,Referral,Desktop,North,Brand Awareness,45-54,2024-08-25 18:00:00,318,14,12.82,Bounced,0,0.0,8,Aug
2855,Organic Search,Desktop,West,Seasonal Offer,25-34,2024-08-25 20:00:00,473,4,10.76,Awareness,0,0.0,8,Aug
2856,Paid Search,Desktop,East,Seasonal Offer,25-34,2024-08-25 22:00:00,66,9,13.1,Awareness,0,0.0,8,Aug
2857,Organic Search,Desktop,West,Product Launch,35-44,2024-08-26 00:00:00,377,6,1.17,Bounced,0,0.0,8,Aug
2858,Organic Search,Desktop,North,Brand Awareness,25-34,2024-08-26 02:00:00,785,12,10.95,Awareness,0,0.0,8,Aug
2859,Organic Search,Desktop,North,Seasonal Offer,35-44,2024-08-26 04:00:00,72,7,8.33,Converted,1,49.0,8,Aug
2860,Organic Search,Desktop,South,Seasonal Offer,35-44,2024-08-26 06:00:00,155,13,12.46,Checkout,0,0.0,8,Aug
2861,Referral,Desktop,West,Lead Gen,45-54,2024-08-26 08:00:00,38,7,7.85,Product View,0,0.0,8,Aug
2862,Organic Search,Desktop,West,Lead Gen,25-34,2024-08-26 10:00:00,555,8,8.33,Converted,1,99.0,8,Aug
2863,Direct,Desktop,West,Brand Awareness,18-24,2024-08-26 12:00:00,160,4,1.25,Checkout,0,0.0,8,Aug
2864,Social Media,Mobile,North,Product Launch,25-34,2024-08-26 14:00:00,354,3,10.19,Bounced,0,0.0,8,Aug
2865,Paid Search,Desktop,East,Brand Awareness,35-44,2024-08-26 16:00:00,213,3,4.46,Converted,1,149.0,8,Aug
2866,Social Media,Tablet,North,Brand Awareness,25-34,2024-08-26 18:00:00,311,10,0.79,Converted,1,149.0,8,Aug
2867,Paid Search,Desktop,South,Lead Gen,35-44,2024-08-26 20:00:00,82,8,1.46,Bounced,0,0.0,8,Aug
2868,Email,Desktop,North,Lead Gen,18-24,2024-08-26 22:00:00,582,12,14.38,Product View,0,0.0,8,Aug
2869,Organic Search,Desktop,North,Product Launch,35-44,2024-08-27 00:00:00,879,13,5.52,Converted,1,49.0,8,Aug
2870,Paid Search,Desktop,North,Seasonal Offer,25-34,2024-08-27 02:00:00,899,3,13.09,Bounced,0,0.0,8,Aug
2871,Referral,Mobile,South,Product Launch,35-44,2024-08-27 04:00:00,562,8,14.42,Awareness,0,0.0,8,Aug
2872,Referral,Desktop,West,Seasonal Offer,25-34,2024-08-27 06:00:00,406,2,14.18,Checkout,0,0.0,8,Aug
2873,Referral,Tablet,East,Retargeting,25-34,2024-08-27 08:00:00,324,5,13.29,Checkout,0,0.0,8,Aug
2874,Paid Search,Mobile,East,Lead Gen,55+,2024-08-27 10:00:00,237,5,13.48,Converted,1,249.0,8,Aug
2875,Email,Mobile,South,Retargeting,25-34,2024-08-27 12:00:00,692,7,4.69,Bounced,0,0.0,8,Aug
2876,Paid Search,Mobile,West,Retargeting,35-44,2024-08-27 14:00:00,506,5,2.7,Awareness,0,0.0,8,Aug
2877,Paid Search,Mobile,West,Lead Gen,55+,2024-08-27 16:00:00,98,9,9.77,Awareness,0,0.0,8,Aug
2878,Organic Search,Desktop,South,Retargeting,35-44,2024-08-27 18:00:00,872,3,7.58,Bounced,0,0.0,8,Aug
2879,Social Media,Mobile,North,Brand Awareness,45-54,2024-08-27 20:00:00,859,9,1.93,Converted,1,249.0,8,Aug
2880,Organic Search,Desktop,West,Seasonal Offer,18-24,2024-08-27 22:00:00,466,1,10.32,Converted,1,99.0,8,Aug
2881,Paid Search,Desktop,East,Product Launch,25-34,2024-08-28 00:00:00,330,3,8.66,Converted,1,149.0,8,Aug
2882,Referral,Desktop,South,Lead Gen,25-34,2024-08-28 02:00:00,56,4,13.01,Converted,1,99.0,8,Aug
2883,Organic Search,Mobile,East,Brand Awareness,18-24,2024-08-28 04:00:00,657,6,9.33,Awareness,0,0.0,8,Aug
2884,Organic Search,Mobile,North,Product Launch,25-34,2024-08-28 06:00:00,683,10,8.82,Awareness,0,0.0,8,Aug
2885,Organic Search,Desktop,South,Product Launch,25-34,2024-08-28 08:00:00,582,8,6.89,Converted,1,499.0,8,Aug
2886,Referral,Mobile,East,Product Launch,35-44,2024-08-28 10:00:00,135,7,7.21,Converted,1,99.0,8,Aug
2887,Paid Search,Desktop,East,Retargeting,55+,2024-08-28 12:00:00,615,8,14.34,Converted,1,499.0,8,Aug
2888,Paid Search,Desktop,North,Retargeting,18-24,2024-08-28 14:00:00,601,6,2.51,Bounced,0,0.0,8,Aug
2889,Email,Desktop,South,Retargeting,25-34,2024-08-28 16:00:00,839,6,6.97,Awareness,0,0.0,8,Aug
2890,Email,Desktop,West,Retargeting,25-34,2024-08-28 18:00:00,663,14,10.01,Product View,0,0.0,8,Aug
2891,Paid Search,Desktop,West,Brand Awareness,25-34,2024-08-28 20:00:00,744,6,6.78,Product View,0,0.0,8,Aug
2892,Social Media,Mobile,East,Retargeting,45-54,2024-08-28 22:00:00,40,3,4.61,Awareness,0,0.0,8,Aug
2893,Email,Mobile,North,Lead Gen,25-34,2024-08-29 00:00:00,688,14,4.67,Converted,1,49.0,8,Aug
2894,Social Media,Desktop,East,Product Launch,18-24,2024-08-29 02:00:00,245,10,3.89,Bounced,0,0.0,8,Aug
2895,Organic Search,Desktop,North,Brand Awareness,35-44,2024-08-29 04:00:00,350,4,5.49,Bounced,0,0.0,8,Aug
2896,Referral,Mobile,West,Retargeting,45-54,2024-08-29 06:00:00,489,11,13.14,Awareness,0,0.0,8,Aug
2897,Social Media,Mobile,East,Product Launch,35-44,2024-08-29 08:00:00,844,6,7.83,Awareness,0,0.0,8,Aug
2898,Organic Search,Desktop,East,Brand Awareness,35-44,2024-08-29 10:00:00,555,13,3.98,Product View,0,0.0,8,Aug
2899,Paid Search,Desktop,North,Product Launch,25-34,2024-08-29 12:00:00,608,7,6.08,Checkout,0,0.0,8,Aug
2900,Organic Search,Mobile,South,Brand Awareness,25-34,2024-08-29 14:00:00,721,3,2.03,Checkout,0,0.0,8,Aug
2901,Organic Search,Mobile,North,Seasonal Offer,25-34,2024-08-29 16:00:00,783,4,13.61,Product View,0,0.0,8,Aug
2902,Email,Desktop,South,Brand Awareness,25-34,2024-08-29 18:00:00,189,6,6.42,Converted,1,99.0,8,Aug
2903,Organic Search,Desktop,West,Retargeting,55+,2024-08-29 20:00:00,493,1,14.72,Converted,1,149.0,8,Aug
2904,Paid Search,Mobile,East,Product Launch,35-44,2024-08-29 22:00:00,551,11,5.54,Awareness,0,0.0,8,Aug
2905,Social Media,Desktop,East,Product Launch,25-34,2024-08-30 00:00:00,665,7,12.63,Bounced,0,0.0,8,Aug
2906,Organic Search,Tablet,North,Product Launch,25-34,2024-08-30 02:00:00,302,13,4.22,Bounced,0,0.0,8,Aug
2907,Direct,Desktop,North,Lead Gen,25-34,2024-08-30 04:00:00,270,11,1.6,Converted,1,149.0,8,Aug
2908,Organic Search,Mobile,West,Lead Gen,35-44,2024-08-30 06:00:00,684,1,0.96,Converted,1,149.0,8,Aug
2909,Paid Search,Desktop,West,Retargeting,25-34,2024-08-30 08:00:00,894,11,9.29,Awareness,0,0.0,8,Aug
2910,Paid Search,Desktop,South,Seasonal Offer,25-34,2024-08-30 10:00:00,196,13,5.02,Bounced,0,0.0,8,Aug
2911,Organic Search,Mobile,West,Lead Gen,35-44,2024-08-30 12:00:00,598,12,6.93,Bounced,0,0.0,8,Aug
2912,Organic Search,Desktop,West,Brand Awareness,25-34,2024-08-30 14:00:00,679,13,12.37,Bounced,0,0.0,8,Aug
2913,Email,Mobile,West,Retargeting,18-24,2024-08-30 16:00:00,356,12,4.1,Awareness,0,0.0,8,Aug
2914,Direct,Desktop,West,Seasonal Offer,18-24,2024-08-30 18:00:00,894,13,4.98,Converted,1,249.0,8,Aug
2915,Organic Search,Desktop,South,Brand Awareness,25-34,2024-08-30 20:00:00,558,10,12.76,Converted,1,149.0,8,Aug
2916,Social Media,Desktop,West,Product Launch,18-24,2024-08-30 22:00:00,873,11,7.65,Converted,1,149.0,8,Aug
2917,Email,Mobile,South,Lead Gen,25-34,2024-08-31 00:00:00,302,11,12.5,Product View,0,0.0,8,Aug
2918,Email,Desktop,North,Brand Awareness,45-54,2024-08-31 02:00:00,405,9,5.93,Converted,1,99.0,8,Aug
2919,Paid Search,Desktop,East,Seasonal Offer,35-44,2024-08-31 04:00:00,404,10,6.28,Bounced,0,0.0,8,Aug
2920,Paid Search,Desktop,North,Retargeting,35-44,2024-08-31 06:00:00,363,9,2.92,Bounced,0,0.0,8,Aug
2921,Paid Search,Mobile,West,Brand Awareness,45-54,2024-08-31 08:00:00,32,11,13.79,Converted,1,99.0,8,Aug
2922,Social Media,Mobile,East,Retargeting,25-34,2024-08-31 10:00:00,272,9,13.5,Bounced,0,0.0,8,Aug
2923,Email,Desktop,West,Product Launch,45-54,2024-08-31 12:00:00,649,4,14.77,Product View,0,0.0,8,Aug
2924,Organic Search,Desktop,West,Seasonal Offer,25-34,2024-08-31 14:00:00,80,2,6.34,Bounced,0,0.0,8,Aug
2925,Paid Search,Tablet,North,Seasonal Offer,25-34,2024-08-31 16:00:00,379,7,12.37,Bounced,0,0.0,8,Aug
2926,Referral,Desktop,West,Lead Gen,25-34,2024-08-31 18:00:00,203,13,6.52,Converted,1,99.0,8,Aug
2927,Email,Mobile,North,Seasonal Offer,18-24,2024-08-31 20:00:00,145,4,7.09,Checkout,0,0.0,8,Aug
2928,Direct,Mobile,West,Brand Awareness,55+,2024-08-31 22:00:00,724,14,12.53,Converted,1,149.0,8,Aug
2929,Email,Mobile,South,Brand Awareness,18-24,2024-09-01 00:00:00,390,5,3.07,Awareness,0,0.0,9,Sep
2930,Paid Search,Desktop,East,Brand Awareness,25-34,2024-09-01 02:00:00,384,1,3.69,Awareness,0,0.0,9,Sep
2931,Social Media,Mobile,North,Product Launch,25-34,2024-09-01 04:00:00,695,11,5.06,Bounced,0,0.0,9,Sep
2932,Social Media,Mobile,North,Seasonal Offer,18-24,2024-09-01 06:00:00,788,12,11.93,Checkout,0,0.0,9,Sep
2933,Organic Search,Mobile,East,Seasonal Offer,25-34,2024-09-01 08:00:00,105,10,5.9,Awareness,0,0.0,9,Sep
2934,Social Media,Desktop,North,Brand Awareness,18-24,2024-09-01 10:00:00,785,13,5.69,Bounced,0,0.0,9,Sep
2935,Social Media,Desktop,East,Lead Gen,25-34,2024-09-01 12:00:00,110,6,14.98,Bounced,0,0.0,9,Sep
2936,Organic Search,Desktop,South,Lead Gen,45-54,2024-09-01 14:00:00,258,12,6.07,Converted,1,99.0,9,Sep
2937,Email,Mobile,West,Seasonal Offer,25-34,2024-09-01 16:00:00,101,7,4.09,Product View,0,0.0,9,Sep
2938,Social Media,Mobile,South,Seasonal Offer,18-24,2024-09-01 18:00:00,432,3,9.54,Checkout,0,0.0,9,Sep
2939,Direct,Desktop,West,Retargeting,35-44,2024-09-01 20:00:00,247,10,12.13,Converted,1,49.0,9,Sep
2940,Organic Search,Desktop,East,Seasonal Offer,55+,2024-09-01 22:00:00,481,2,1.51,Checkout,0,0.0,9,Sep
2941,Organic Search,Desktop,South,Brand Awareness,25-34,2024-09-02 00:00:00,784,13,9.47,Checkout,0,0.0,9,Sep
2942,Social Media,Mobile,West,Product Launch,25-34,2024-09-02 02:00:00,396,12,1.02,Bounced,0,0.0,9,Sep
2943,Organic Search,Tablet,East,Seasonal Offer,55+,2024-09-02 04:00:00,855,12,8.13,Checkout,0,0.0,9,Sep
2944,Social Media,Desktop,West,Seasonal Offer,25-34,2024-09-02 06:00:00,619,10,4.23,Bounced,0,0.0,9,Sep
2945,Email,Desktop,North,Brand Awareness,35-44,2024-09-02 08:00:00,699,7,4.95,Converted,1,49.0,9,Sep
2946,Organic Search,Desktop,North,Retargeting,25-34,2024-09-02 10:00:00,589,1,7.27,Converted,1,249.0,9,Sep
2947,Paid Search,Mobile,East,Seasonal Offer,55+,2024-09-02 12:00:00,341,2,13.94,Converted,1,49.0,9,Sep
2948,Paid Search,Mobile,West,Lead Gen,55+,2024-09-02 14:00:00,327,3,10.8,Checkout,0,0.0,9,Sep
2949,Paid Search,Tablet,North,Lead Gen,45-54,2024-09-02 16:00:00,53,4,14.08,Product View,0,0.0,9,Sep
2950,Referral,Desktop,South,Lead Gen,25-34,2024-09-02 18:00:00,139,5,10.07,Awareness,0,0.0,9,Sep
2951,Email,Tablet,West,Product Launch,25-34,2024-09-02 20:00:00,81,4,0.6,Bounced,0,0.0,9,Sep
2952,Social Media,Desktop,West,Product Launch,25-34,2024-09-02 22:00:00,319,10,4.35,Product View,0,0.0,9,Sep
2953,Social Media,Mobile,North,Seasonal Offer,45-54,2024-09-03 00:00:00,473,3,13.63,Converted,1,49.0,9,Sep
2954,Paid Search,Desktop,North,Seasonal Offer,55+,2024-09-03 02:00:00,496,1,9.83,Checkout,0,0.0,9,Sep
2955,Referral,Mobile,East,Seasonal Offer,25-34,2024-09-03 04:00:00,288,7,14.73,Bounced,0,0.0,9,Sep
2956,Social Media,Mobile,West,Product Launch,35-44,2024-09-03 06:00:00,353,12,2.76,Bounced,0,0.0,9,Sep
2957,Email,Mobile,South,Seasonal Offer,25-34,2024-09-03 08:00:00,680,10,4.8,Awareness,0,0.0,9,Sep
2958,Referral,Mobile,North,Brand Awareness,25-34,2024-09-03 10:00:00,847,6,5.75,Converted,1,99.0,9,Sep
2959,Organic Search,Desktop,West,Retargeting,35-44,2024-09-03 12:00:00,367,2,5.24,Converted,1,49.0,9,Sep
2960,Email,Desktop,North,Lead Gen,25-34,2024-09-03 14:00:00,816,2,4.15,Converted,1,99.0,9,Sep
2961,Organic Search,Mobile,East,Lead Gen,25-34,2024-09-03 16:00:00,585,3,6.93,Bounced,0,0.0,9,Sep
2962,Paid Search,Desktop,West,Brand Awareness,18-24,2024-09-03 18:00:00,451,8,9.81,Checkout,0,0.0,9,Sep
2963,Paid Search,Desktop,West,Seasonal Offer,45-54,2024-09-03 20:00:00,288,8,5.01,Awareness,0,0.0,9,Sep
2964,Direct,Desktop,East,Product Launch,45-54,2024-09-03 22:00:00,654,10,1.66,Product View,0,0.0,9,Sep
2965,Referral,Mobile,South,Seasonal Offer,55+,2024-09-04 00:00:00,768,10,10.77,Product View,0,0.0,9,Sep
2966,Social Media,Desktop,North,Seasonal Offer,35-44,2024-09-04 02:00:00,94,10,7.16,Checkout,0,0.0,9,Sep
2967,Email,Desktop,East,Lead Gen,35-44,2024-09-04 04:00:00,192,12,8.57,Product View,0,0.0,9,Sep
2968,Social Media,Desktop,West,Lead Gen,25-34,2024-09-04 06:00:00,193,10,7.1,Converted,1,49.0,9,Sep
2969,Referral,Desktop,East,Product Launch,55+,2024-09-04 08:00:00,707,11,13.41,Bounced,0,0.0,9,Sep
2970,Paid Search,Mobile,West,Lead Gen,35-44,2024-09-04 10:00:00,68,14,8.6,Converted,1,49.0,9,Sep
2971,Paid Search,Tablet,East,Seasonal Offer,35-44,2024-09-04 12:00:00,694,12,13.89,Converted,1,249.0,9,Sep
2972,Organic Search,Mobile,South,Brand Awareness,35-44,2024-09-04 14:00:00,349,8,7.9,Checkout,0,0.0,9,Sep
2973,Email,Desktop,West,Product Launch,45-54,2024-09-04 16:00:00,389,7,4.74,Bounced,0,0.0,9,Sep
2974,Email,Tablet,East,Brand Awareness,18-24,2024-09-04 18:00:00,298,14,5.65,Converted,1,149.0,9,Sep
2975,Paid Search,Mobile,South,Seasonal Offer,25-34,2024-09-04 20:00:00,353,2,8.07,Product View,0,0.0,9,Sep
2976,Organic Search,Desktop,South,Product Launch,35-44,2024-09-04 22:00:00,355,1,8.18,Converted,1,49.0,9,Sep
2977,Email,Tablet,North,Brand Awareness,45-54,2024-09-05 00:00:00,616,6,10.47,Converted,1,149.0,9,Sep
2978,Organic Search,Mobile,West,Product Launch,35-44,2024-09-05 02:00:00,286,11,3.76,Awareness,0,0.0,9,Sep
2979,Social Media,Mobile,North,Seasonal Offer,25-34,2024-09-05 04:00:00,229,8,10.05,Checkout,0,0.0,9,Sep
2980,Direct,Mobile,South,Product Launch,25-34,2024-09-05 06:00:00,467,1,11.79,Awareness,0,0.0,9,Sep
2981,Paid Search,Desktop,North,Seasonal Offer,35-44,2024-09-05 08:00:00,639,3,10.31,Bounced,0,0.0,9,Sep
2982,Organic Search,Desktop,North,Product Launch,35-44,2024-09-05 10:00:00,133,1,7.49,Bounced,0,0.0,9,Sep
2983,Social Media,Mobile,East,Product Launch,35-44,2024-09-05 12:00:00,401,10,14.88,Checkout,0,0.0,9,Sep
2984,Email,Desktop,North,Lead Gen,25-34,2024-09-05 14:00:00,193,9,6.37,Checkout,0,0.0,9,Sep
2985,Social Media,Desktop,South,Seasonal Offer,55+,2024-09-05 16:00:00,142,7,2.05,Bounced,0,0.0,9,Sep
2986,Direct,Mobile,North,Retargeting,35-44,2024-09-05 18:00:00,644,14,12.41,Awareness,0,0.0,9,Sep
2987,Organic Search,Mobile,West,Product Launch,45-54,2024-09-05 20:00:00,578,8,3.58,Converted,1,149.0,9,Sep
2988,Paid Search,Desktop,East,Brand Awareness,25-34,2024-09-05 22:00:00,135,9,10.84,Awareness,0,0.0,9,Sep
2989,Social Media,Mobile,South,Lead Gen,25-34,2024-09-06 00:00:00,728,3,3.1,Bounced,0,0.0,9,Sep
2990,Referral,Mobile,North,Lead Gen,45-54,2024-09-06 02:00:00,393,10,0.74,Product View,0,0.0,9,Sep
2991,Organic Search,Mobile,West,Product Launch,18-24,2024-09-06 04:00:00,50,11,2.82,Bounced,0,0.0,9,Sep
2992,Email,Desktop,South,Retargeting,35-44,2024-09-06 06:00:00,689,2,5.97,Product View,0,0.0,9,Sep
2993,Social Media,Desktop,North,Lead Gen,25-34,2024-09-06 08:00:00,158,6,2.05,Checkout,0,0.0,9,Sep
2994,Paid Search,Desktop,East,Seasonal Offer,45-54,2024-09-06 10:00:00,512,5,3.37,Converted,1,149.0,9,Sep
2995,Organic Search,Desktop,North,Product Launch,25-34,2024-09-06 12:00:00,728,4,11.59,Converted,1,99.0,9,Sep
2996,Referral,Desktop,South,Product Launch,25-34,2024-09-06 14:00:00,825,6,11.66,Converted,1,49.0,9,Sep
2997,Organic Search,Desktop,South,Retargeting,55+,2024-09-06 16:00:00,228,6,12.35,Bounced,0,0.0,9,Sep
2998,Paid Search,Desktop,South,Seasonal Offer,35-44,2024-09-06 18:00:00,776,12,12.7,Awareness,0,0.0,9,Sep
2999,Organic Search,Tablet,West,Seasonal Offer,18-24,2024-09-06 20:00:00,649,3,6.6,Bounced,0,0.0,9,Sep
3000,Referral,Desktop,North,Retargeting,25-34,2024-09-06 22:00:00,550,14,13.08,Awareness,0,0.0,9,Sep
3001,Social Media,Mobile,North,Brand Awareness,55+,2024-09-07 00:00:00,449,2,8.13,Awareness,0,0.0,9,Sep
3002,Email,Mobile,North,Seasonal Offer,25-34,2024-09-07 02:00:00,255,9,7.32,Converted,1,149.0,9,Sep
3003,Organic Search,Desktop,East,Brand Awareness,35-44,2024-09-07 04:00:00,238,8,10.92,Bounced,0,0.0,9,Sep
3004,Social Media,Tablet,West,Brand Awareness,25-34,2024-09-07 06:00:00,274,14,3.6,Awareness,0,0.0,9,Sep
3005,Social Media,Mobile,West,Product Launch,45-54,2024-09-07 08:00:00,317,4,11.95,Awareness,0,0.0,9,Sep
3006,Email,Desktop,East,Product Launch,45-54,2024-09-07 10:00:00,95,6,6.73,Bounced,0,0.0,9,Sep
3007,Referral,Mobile,West,Lead Gen,35-44,2024-09-07 12:00:00,897,3,2.35,Checkout,0,0.0,9,Sep
3008,Organic Search,Desktop,East,Product Launch,18-24,2024-09-07 14:00:00,182,11,2.23,Bounced,0,0.0,9,Sep
3009,Social Media,Mobile,South,Seasonal Offer,45-54,2024-09-07 16:00:00,520,8,2.89,Bounced,0,0.0,9,Sep
3010,Organic Search,Desktop,South,Seasonal Offer,25-34,2024-09-07 18:00:00,464,3,13.41,Checkout,0,0.0,9,Sep
3011,Social Media,Mobile,West,Brand Awareness,55+,2024-09-07 20:00:00,732,2,14.87,Converted,1,99.0,9,Sep
3012,Organic Search,Desktop,South,Seasonal Offer,25-34,2024-09-07 22:00:00,247,7,5.68,Bounced,0,0.0,9,Sep
3013,Paid Search,Mobile,South,Product Launch,35-44,2024-09-08 00:00:00,458,14,4.74,Product View,0,0.0,9,Sep
3014,Paid Search,Desktop,South,Product Launch,18-24,2024-09-08 02:00:00,531,3,3.67,Converted,1,49.0,9,Sep
3015,Social Media,Mobile,North,Product Launch,35-44,2024-09-08 04:00:00,695,13,12.45,Awareness,0,0.0,9,Sep
3016,Paid Search,Mobile,South,Retargeting,25-34,2024-09-08 06:00:00,818,9,3.53,Awareness,0,0.0,9,Sep
3017,Email,Desktop,North,Seasonal Offer,25-34,2024-09-08 08:00:00,623,3,13.9,Awareness,0,0.0,9,Sep
3018,Paid Search,Mobile,East,Lead Gen,18-24,2024-09-08 10:00:00,250,8,10.18,Bounced,0,0.0,9,Sep
3019,Organic Search,Desktop,East,Seasonal Offer,18-24,2024-09-08 12:00:00,464,2,13.51,Bounced,0,0.0,9,Sep
3020,Email,Mobile,East,Seasonal Offer,25-34,2024-09-08 14:00:00,309,9,8.53,Bounced,0,0.0,9,Sep
3021,Organic Search,Desktop,East,Retargeting,25-34,2024-09-08 16:00:00,652,1,10.51,Converted,1,99.0,9,Sep
3022,Paid Search,Mobile,East,Seasonal Offer,45-54,2024-09-08 18:00:00,121,12,9.48,Bounced,0,0.0,9,Sep
3023,Social Media,Mobile,South,Brand Awareness,25-34,2024-09-08 20:00:00,553,3,12.55,Product View,0,0.0,9,Sep
3024,Paid Search,Desktop,South,Product Launch,35-44,2024-09-08 22:00:00,168,11,12.62,Checkout,0,0.0,9,Sep
3025,Organic Search,Desktop,South,Product Launch,18-24,2024-09-09 00:00:00,696,14,9.05,Bounced,0,0.0,9,Sep
3026,Paid Search,Desktop,East,Retargeting,35-44,2024-09-09 02:00:00,52,2,9.67,Product View,0,0.0,9,Sep
3027,Referral,Mobile,East,Product Launch,25-34,2024-09-09 04:00:00,446,13,13.87,Bounced,0,0.0,9,Sep
3028,Social Media,Desktop,North,Brand Awareness,55+,2024-09-09 06:00:00,761,14,13.98,Converted,1,149.0,9,Sep
3029,Social Media,Mobile,West,Retargeting,45-54,2024-09-09 08:00:00,377,13,10.13,Bounced,0,0.0,9,Sep
3030,Social Media,Mobile,South,Lead Gen,25-34,2024-09-09 10:00:00,266,12,0.61,Checkout,0,0.0,9,Sep
3031,Organic Search,Desktop,West,Product Launch,45-54,2024-09-09 12:00:00,794,7,2.01,Converted,1,99.0,9,Sep
3032,Paid Search,Mobile,East,Seasonal Offer,25-34,2024-09-09 14:00:00,212,5,12.94,Product View,0,0.0,9,Sep
3033,Email,Desktop,East,Brand Awareness,35-44,2024-09-09 16:00:00,537,8,1.73,Checkout,0,0.0,9,Sep
3034,Organic Search,Desktop,East,Brand Awareness,18-24,2024-09-09 18:00:00,227,2,3.6,Product View,0,0.0,9,Sep
3035,Organic Search,Mobile,West,Product Launch,25-34,2024-09-09 20:00:00,711,8,3.84,Bounced,0,0.0,9,Sep
3036,Organic Search,Desktop,North,Lead Gen,25-34,2024-09-09 22:00:00,152,7,9.2,Awareness,0,0.0,9,Sep
3037,Paid Search,Desktop,East,Seasonal Offer,35-44,2024-09-10 00:00:00,575,12,8.86,Checkout,0,0.0,9,Sep
3038,Direct,Mobile,North,Lead Gen,25-34,2024-09-10 02:00:00,410,11,4.7,Converted,1,49.0,9,Sep
3039,Organic Search,Desktop,North,Lead Gen,45-54,2024-09-10 04:00:00,854,5,3.51,Product View,0,0.0,9,Sep
3040,Paid Search,Tablet,South,Product Launch,35-44,2024-09-10 06:00:00,544,2,11.59,Product View,0,0.0,9,Sep
3041,Organic Search,Tablet,West,Seasonal Offer,18-24,2024-09-10 08:00:00,35,10,14.06,Awareness,0,0.0,9,Sep
3042,Direct,Desktop,East,Product Launch,35-44,2024-09-10 10:00:00,333,11,1.27,Converted,1,249.0,9,Sep
3043,Organic Search,Desktop,North,Product Launch,45-54,2024-09-10 12:00:00,643,7,2.43,Bounced,0,0.0,9,Sep
3044,Paid Search,Mobile,West,Brand Awareness,55+,2024-09-10 14:00:00,221,10,9.81,Converted,1,249.0,9,Sep
3045,Email,Desktop,West,Product Launch,35-44,2024-09-10 16:00:00,405,4,12.16,Product View,0,0.0,9,Sep
3046,Social Media,Desktop,East,Retargeting,45-54,2024-09-10 18:00:00,554,4,11.97,Bounced,0,0.0,9,Sep
3047,Paid Search,Mobile,South,Seasonal Offer,45-54,2024-09-10 20:00:00,65,8,10.94,Checkout,0,0.0,9,Sep
3048,Paid Search,Desktop,South,Brand Awareness,25-34,2024-09-10 22:00:00,99,6,13.37,Bounced,0,0.0,9,Sep
3049,Paid Search,Mobile,North,Seasonal Offer,25-34,2024-09-11 00:00:00,318,9,3.65,Awareness,0,0.0,9,Sep
3050,Organic Search,Desktop,South,Brand Awareness,18-24,2024-09-11 02:00:00,134,11,2.06,Awareness,0,0.0,9,Sep
3051,Organic Search,Desktop,South,Retargeting,25-34,2024-09-11 04:00:00,745,2,9.42,Product View,0,0.0,9,Sep
3052,Paid Search,Desktop,South,Product Launch,25-34,2024-09-11 06:00:00,342,5,12.42,Bounced,0,0.0,9,Sep
3053,Organic Search,Tablet,West,Brand Awareness,55+,2024-09-11 08:00:00,84,6,8.94,Awareness,0,0.0,9,Sep
3054,Organic Search,Mobile,East,Brand Awareness,25-34,2024-09-11 10:00:00,136,8,14.46,Product View,0,0.0,9,Sep
3055,Social Media,Mobile,West,Brand Awareness,35-44,2024-09-11 12:00:00,682,4,12.04,Product View,0,0.0,9,Sep
3056,Direct,Desktop,West,Retargeting,35-44,2024-09-11 14:00:00,766,11,10.66,Converted,1,99.0,9,Sep
3057,Social Media,Desktop,East,Seasonal Offer,25-34,2024-09-11 16:00:00,336,7,1.37,Checkout,0,0.0,9,Sep
3058,Organic Search,Desktop,West,Retargeting,18-24,2024-09-11 18:00:00,889,11,2.06,Bounced,0,0.0,9,Sep
3059,Organic Search,Desktop,North,Brand Awareness,35-44,2024-09-11 20:00:00,850,7,11.88,Product View,0,0.0,9,Sep
3060,Direct,Mobile,North,Brand Awareness,35-44,2024-09-11 22:00:00,65,4,3.37,Bounced,0,0.0,9,Sep
3061,Organic Search,Mobile,West,Product Launch,55+,2024-09-12 00:00:00,162,1,0.92,Converted,1,99.0,9,Sep
3062,Organic Search,Desktop,South,Retargeting,25-34,2024-09-12 02:00:00,54,3,13.71,Product View,0,0.0,9,Sep
3063,Social Media,Tablet,West,Retargeting,45-54,2024-09-12 04:00:00,878,2,13.42,Bounced,0,0.0,9,Sep
3064,Social Media,Desktop,South,Lead Gen,25-34,2024-09-12 06:00:00,66,13,3.67,Converted,1,149.0,9,Sep
3065,Social Media,Tablet,West,Seasonal Offer,35-44,2024-09-12 08:00:00,48,13,11.81,Awareness,0,0.0,9,Sep
3066,Organic Search,Desktop,North,Lead Gen,35-44,2024-09-12 10:00:00,64,12,1.2,Bounced,0,0.0,9,Sep
3067,Organic Search,Desktop,South,Lead Gen,18-24,2024-09-12 12:00:00,392,3,4.63,Bounced,0,0.0,9,Sep
3068,Direct,Desktop,North,Seasonal Offer,18-24,2024-09-12 14:00:00,447,5,9.54,Bounced,0,0.0,9,Sep
3069,Organic Search,Desktop,West,Product Launch,18-24,2024-09-12 16:00:00,851,11,11.57,Bounced,0,0.0,9,Sep
3070,Social Media,Mobile,East,Product Launch,25-34,2024-09-12 18:00:00,459,12,0.65,Bounced,0,0.0,9,Sep
3071,Social Media,Desktop,South,Seasonal Offer,35-44,2024-09-12 20:00:00,547,1,5.23,Product View,0,0.0,9,Sep
3072,Social Media,Desktop,South,Seasonal Offer,25-34,2024-09-12 22:00:00,496,5,3.61,Bounced,0,0.0,9,Sep
3073,Paid Search,Mobile,West,Retargeting,35-44,2024-09-13 00:00:00,228,2,14.98,Bounced,0,0.0,9,Sep
3074,Organic Search,Mobile,West,Retargeting,25-34,2024-09-13 02:00:00,575,14,10.23,Product View,0,0.0,9,Sep
3075,Social Media,Mobile,South,Retargeting,45-54,2024-09-13 04:00:00,597,4,6.38,Product View,0,0.0,9,Sep
3076,Referral,Desktop,East,Retargeting,45-54,2024-09-13 06:00:00,797,6,1.6,Product View,0,0.0,9,Sep
3077,Referral,Mobile,West,Brand Awareness,45-54,2024-09-13 08:00:00,240,9,9.18,Awareness,0,0.0,9,Sep
3078,Organic Search,Mobile,West,Brand Awareness,35-44,2024-09-13 10:00:00,638,10,9.8,Converted,1,49.0,9,Sep
3079,Organic Search,Desktop,West,Product Launch,25-34,2024-09-13 12:00:00,823,6,12.34,Awareness,0,0.0,9,Sep
3080,Referral,Desktop,East,Brand Awareness,45-54,2024-09-13 14:00:00,530,10,4.68,Product View,0,0.0,9,Sep
3081,Email,Desktop,South,Brand Awareness,25-34,2024-09-13 16:00:00,270,13,14.73,Product View,0,0.0,9,Sep
3082,Referral,Desktop,North,Retargeting,25-34,2024-09-13 18:00:00,199,11,6.87,Checkout,0,0.0,9,Sep
3083,Organic Search,Desktop,West,Retargeting,25-34,2024-09-13 20:00:00,888,12,4.79,Converted,1,149.0,9,Sep
3084,Social Media,Desktop,East,Seasonal Offer,35-44,2024-09-13 22:00:00,323,2,5.55,Bounced,0,0.0,9,Sep
3085,Social Media,Mobile,South,Retargeting,35-44,2024-09-14 00:00:00,768,8,8.03,Awareness,0,0.0,9,Sep
3086,Social Media,Mobile,South,Seasonal Offer,35-44,2024-09-14 02:00:00,344,5,14.08,Product View,0,0.0,9,Sep
3087,Paid Search,Tablet,East,Seasonal Offer,25-34,2024-09-14 04:00:00,156,9,11.16,Checkout,0,0.0,9,Sep
3088,Organic Search,Mobile,West,Brand Awareness,18-24,2024-09-14 06:00:00,497,10,8.87,Checkout,0,0.0,9,Sep
3089,Social Media,Desktop,North,Retargeting,55+,2024-09-14 08:00:00,821,9,2.86,Awareness,0,0.0,9,Sep
3090,Organic Search,Mobile,West,Brand Awareness,35-44,2024-09-14 10:00:00,396,4,2.67,Bounced,0,0.0,9,Sep
3091,Paid Search,Mobile,South,Retargeting,25-34,2024-09-14 12:00:00,50,13,7.78,Bounced,0,0.0,9,Sep
3092,Direct,Desktop,North,Brand Awareness,35-44,2024-09-14 14:00:00,345,1,11.07,Bounced,0,0.0,9,Sep
3093,Paid Search,Mobile,West,Brand Awareness,25-34,2024-09-14 16:00:00,787,11,11.39,Awareness,0,0.0,9,Sep
3094,Email,Tablet,North,Brand Awareness,18-24,2024-09-14 18:00:00,119,14,3.78,Product View,0,0.0,9,Sep
3095,Organic Search,Mobile,East,Product Launch,25-34,2024-09-14 20:00:00,433,9,1.95,Converted,1,149.0,9,Sep
3096,Social Media,Tablet,West,Brand Awareness,25-34,2024-09-14 22:00:00,547,9,6.07,Bounced,0,0.0,9,Sep
3097,Direct,Desktop,South,Lead Gen,25-34,2024-09-15 00:00:00,480,8,13.81,Checkout,0,0.0,9,Sep
3098,Organic Search,Desktop,South,Lead Gen,45-54,2024-09-15 02:00:00,807,5,8.41,Bounced,0,0.0,9,Sep
3099,Organic Search,Desktop,North,Lead Gen,35-44,2024-09-15 04:00:00,638,5,5.14,Product View,0,0.0,9,Sep
3100,Paid Search,Mobile,East,Seasonal Offer,25-34,2024-09-15 06:00:00,179,10,5.19,Converted,1,99.0,9,Sep
3101,Organic Search,Mobile,West,Brand Awareness,35-44,2024-09-15 08:00:00,475,6,2.42,Converted,1,49.0,9,Sep
3102,Email,Tablet,East,Lead Gen,55+,2024-09-15 10:00:00,109,1,7.36,Bounced,0,0.0,9,Sep
3103,Referral,Desktop,East,Seasonal Offer,18-24,2024-09-15 12:00:00,46,9,11.97,Converted,1,49.0,9,Sep
3104,Paid Search,Desktop,North,Lead Gen,45-54,2024-09-15 14:00:00,167,5,14.54,Checkout,0,0.0,9,Sep
3105,Organic Search,Mobile,North,Retargeting,35-44,2024-09-15 16:00:00,681,7,7.77,Bounced,0,0.0,9,Sep
3106,Paid Search,Mobile,West,Product Launch,18-24,2024-09-15 18:00:00,880,11,2.92,Awareness,0,0.0,9,Sep
3107,Email,Desktop,South,Brand Awareness,25-34,2024-09-15 20:00:00,537,8,10.4,Converted,1,149.0,9,Sep
3108,Organic Search,Desktop,West,Product Launch,25-34,2024-09-15 22:00:00,581,5,11.47,Converted,1,49.0,9,Sep
3109,Social Media,Mobile,East,Product Launch,35-44,2024-09-16 00:00:00,709,3,1.54,Product View,0,0.0,9,Sep
3110,Social Media,Mobile,North,Retargeting,25-34,2024-09-16 02:00:00,103,6,12.83,Awareness,0,0.0,9,Sep
3111,Social Media,Desktop,East,Retargeting,35-44,2024-09-16 04:00:00,103,7,12.53,Bounced,0,0.0,9,Sep
3112,Organic Search,Desktop,North,Retargeting,35-44,2024-09-16 06:00:00,79,13,7.35,Checkout,0,0.0,9,Sep
3113,Social Media,Tablet,South,Seasonal Offer,25-34,2024-09-16 08:00:00,39,14,8.63,Bounced,0,0.0,9,Sep
3114,Organic Search,Mobile,East,Lead Gen,45-54,2024-09-16 10:00:00,132,4,10.84,Converted,1,99.0,9,Sep
3115,Organic Search,Desktop,North,Brand Awareness,45-54,2024-09-16 12:00:00,891,9,10.31,Converted,1,99.0,9,Sep
3116,Referral,Desktop,West,Retargeting,25-34,2024-09-16 14:00:00,417,14,0.74,Bounced,0,0.0,9,Sep
3117,Email,Mobile,West,Brand Awareness,55+,2024-09-16 16:00:00,414,11,2.28,Converted,1,49.0,9,Sep
3118,Organic Search,Desktop,West,Brand Awareness,18-24,2024-09-16 18:00:00,328,4,2.86,Bounced,0,0.0,9,Sep
3119,Organic Search,Desktop,East,Brand Awareness,18-24,2024-09-16 20:00:00,368,11,11.46,Awareness,0,0.0,9,Sep
3120,Organic Search,Mobile,North,Retargeting,25-34,2024-09-16 22:00:00,418,10,6.88,Converted,1,99.0,9,Sep
3121,Organic Search,Desktop,North,Retargeting,35-44,2024-09-17 00:00:00,503,2,8.41,Product View,0,0.0,9,Sep
3122,Organic Search,Mobile,North,Lead Gen,35-44,2024-09-17 02:00:00,645,9,11.7,Product View,0,0.0,9,Sep
3123,Organic Search,Desktop,East,Retargeting,25-34,2024-09-17 04:00:00,831,4,5.44,Bounced,0,0.0,9,Sep
3124,Paid Search,Mobile,North,Retargeting,18-24,2024-09-17 06:00:00,821,4,11.36,Product View,0,0.0,9,Sep
3125,Email,Desktop,South,Brand Awareness,25-34,2024-09-17 08:00:00,171,10,6.91,Checkout,0,0.0,9,Sep
3126,Social Media,Desktop,East,Lead Gen,45-54,2024-09-17 10:00:00,838,1,5.97,Checkout,0,0.0,9,Sep
3127,Social Media,Desktop,South,Product Launch,45-54,2024-09-17 12:00:00,199,14,5.33,Bounced,0,0.0,9,Sep
3128,Organic Search,Tablet,South,Retargeting,35-44,2024-09-17 14:00:00,42,2,14.49,Converted,1,99.0,9,Sep
3129,Direct,Mobile,West,Retargeting,35-44,2024-09-17 16:00:00,698,12,11.69,Converted,1,149.0,9,Sep
3130,Email,Desktop,East,Product Launch,35-44,2024-09-17 18:00:00,478,3,0.79,Bounced,0,0.0,9,Sep
3131,Email,Mobile,North,Brand Awareness,25-34,2024-09-17 20:00:00,203,7,14.38,Converted,1,49.0,9,Sep
3132,Email,Mobile,South,Lead Gen,25-34,2024-09-17 22:00:00,703,12,11.74,Converted,1,49.0,9,Sep
3133,Referral,Tablet,East,Brand Awareness,35-44,2024-09-18 00:00:00,161,9,2.66,Awareness,0,0.0,9,Sep
3134,Social Media,Desktop,North,Seasonal Offer,35-44,2024-09-18 02:00:00,569,12,1.61,Bounced,0,0.0,9,Sep
3135,Organic Search,Mobile,West,Retargeting,18-24,2024-09-18 04:00:00,624,5,4.97,Converted,1,249.0,9,Sep
3136,Social Media,Desktop,East,Seasonal Offer,55+,2024-09-18 06:00:00,298,4,9.55,Checkout,0,0.0,9,Sep
3137,Email,Desktop,East,Retargeting,45-54,2024-09-18 08:00:00,280,13,9.44,Converted,1,149.0,9,Sep
3138,Email,Tablet,East,Seasonal Offer,25-34,2024-09-18 10:00:00,399,2,4.5,Converted,1,149.0,9,Sep
3139,Social Media,Mobile,North,Product Launch,35-44,2024-09-18 12:00:00,647,14,6.96,Bounced,0,0.0,9,Sep
3140,Organic Search,Desktop,South,Retargeting,55+,2024-09-18 14:00:00,802,13,3.57,Awareness,0,0.0,9,Sep
3141,Paid Search,Desktop,South,Retargeting,18-24,2024-09-18 16:00:00,894,12,1.23,Awareness,0,0.0,9,Sep
3142,Referral,Mobile,East,Seasonal Offer,35-44,2024-09-18 18:00:00,555,14,8.0,Product View,0,0.0,9,Sep
3143,Social Media,Mobile,East,Lead Gen,25-34,2024-09-18 20:00:00,621,7,5.53,Bounced,0,0.0,9,Sep
3144,Social Media,Desktop,North,Seasonal Offer,25-34,2024-09-18 22:00:00,535,6,8.37,Awareness,0,0.0,9,Sep
3145,Organic Search,Tablet,West,Retargeting,45-54,2024-09-19 00:00:00,701,12,14.22,Bounced,0,0.0,9,Sep
3146,Paid Search,Desktop,East,Retargeting,25-34,2024-09-19 02:00:00,207,12,2.58,Product View,0,0.0,9,Sep
3147,Referral,Desktop,East,Lead Gen,18-24,2024-09-19 04:00:00,696,7,0.53,Bounced,0,0.0,9,Sep
3148,Social Media,Tablet,West,Brand Awareness,18-24,2024-09-19 06:00:00,576,8,1.61,Awareness,0,0.0,9,Sep
3149,Email,Desktop,East,Lead Gen,18-24,2024-09-19 08:00:00,288,9,7.21,Checkout,0,0.0,9,Sep
3150,Paid Search,Desktop,South,Brand Awareness,25-34,2024-09-19 10:00:00,289,10,10.75,Bounced,0,0.0,9,Sep
3151,Social Media,Mobile,East,Retargeting,35-44,2024-09-19 12:00:00,164,5,8.92,Checkout,0,0.0,9,Sep
3152,Organic Search,Mobile,South,Product Launch,25-34,2024-09-19 14:00:00,490,11,7.68,Awareness,0,0.0,9,Sep
3153,Social Media,Desktop,North,Product Launch,35-44,2024-09-19 16:00:00,518,5,5.63,Bounced,0,0.0,9,Sep
3154,Paid Search,Tablet,North,Seasonal Offer,35-44,2024-09-19 18:00:00,672,4,4.99,Bounced,0,0.0,9,Sep
3155,Paid Search,Mobile,South,Lead Gen,25-34,2024-09-19 20:00:00,110,11,5.96,Awareness,0,0.0,9,Sep
3156,Social Media,Desktop,South,Lead Gen,35-44,2024-09-19 22:00:00,396,3,9.37,Awareness,0,0.0,9,Sep
3157,Referral,Mobile,West,Product Launch,35-44,2024-09-20 00:00:00,88,13,2.93,Checkout,0,0.0,9,Sep
3158,Organic Search,Desktop,South,Brand Awareness,25-34,2024-09-20 02:00:00,103,7,11.68,Bounced,0,0.0,9,Sep
3159,Email,Desktop,South,Lead Gen,25-34,2024-09-20 04:00:00,268,13,8.84,Checkout,0,0.0,9,Sep
3160,Organic Search,Mobile,East,Brand Awareness,35-44,2024-09-20 06:00:00,158,13,4.4,Bounced,0,0.0,9,Sep
3161,Paid Search,Tablet,West,Brand Awareness,55+,2024-09-20 08:00:00,441,5,7.77,Converted,1,49.0,9,Sep
3162,Organic Search,Desktop,South,Brand Awareness,25-34,2024-09-20 10:00:00,344,7,14.46,Checkout,0,0.0,9,Sep
3163,Paid Search,Desktop,South,Brand Awareness,25-34,2024-09-20 12:00:00,403,2,0.8,Product View,0,0.0,9,Sep
3164,Paid Search,Desktop,South,Seasonal Offer,25-34,2024-09-20 14:00:00,466,9,3.39,Awareness,0,0.0,9,Sep
3165,Organic Search,Desktop,East,Seasonal Offer,18-24,2024-09-20 16:00:00,167,9,7.0,Checkout,0,0.0,9,Sep
3166,Paid Search,Desktop,East,Product Launch,35-44,2024-09-20 18:00:00,484,13,9.76,Converted,1,49.0,9,Sep
3167,Referral,Desktop,East,Seasonal Offer,25-34,2024-09-20 20:00:00,644,9,3.58,Converted,1,99.0,9,Sep
3168,Organic Search,Mobile,North,Lead Gen,18-24,2024-09-20 22:00:00,38,13,14.01,Checkout,0,0.0,9,Sep
3169,Email,Desktop,East,Seasonal Offer,25-34,2024-09-21 00:00:00,261,13,9.82,Converted,1,249.0,9,Sep
3170,Paid Search,Desktop,South,Lead Gen,18-24,2024-09-21 02:00:00,640,5,13.22,Checkout,0,0.0,9,Sep
3171,Social Media,Mobile,East,Lead Gen,25-34,2024-09-21 04:00:00,759,14,5.28,Bounced,0,0.0,9,Sep
3172,Organic Search,Mobile,East,Brand Awareness,18-24,2024-09-21 06:00:00,426,10,12.52,Product View,0,0.0,9,Sep
3173,Organic Search,Desktop,West,Product Launch,18-24,2024-09-21 08:00:00,778,12,5.98,Product View,0,0.0,9,Sep
3174,Organic Search,Desktop,South,Brand Awareness,45-54,2024-09-21 10:00:00,763,9,4.16,Bounced,0,0.0,9,Sep
3175,Organic Search,Mobile,East,Brand Awareness,55+,2024-09-21 12:00:00,709,1,13.72,Product View,0,0.0,9,Sep
3176,Organic Search,Desktop,North,Seasonal Offer,25-34,2024-09-21 14:00:00,603,2,1.84,Bounced,0,0.0,9,Sep
3177,Social Media,Desktop,West,Seasonal Offer,35-44,2024-09-21 16:00:00,347,10,14.17,Product View,0,0.0,9,Sep
3178,Referral,Mobile,East,Lead Gen,25-34,2024-09-21 18:00:00,536,5,7.15,Checkout,0,0.0,9,Sep
3179,Email,Desktop,West,Seasonal Offer,25-34,2024-09-21 20:00:00,551,5,14.89,Checkout,0,0.0,9,Sep
3180,Social Media,Desktop,West,Seasonal Offer,25-34,2024-09-21 22:00:00,775,6,8.32,Awareness,0,0.0,9,Sep
3181,Organic Search,Desktop,North,Retargeting,25-34,2024-09-22 00:00:00,116,14,11.48,Awareness,0,0.0,9,Sep
3182,Organic Search,Desktop,North,Lead Gen,35-44,2024-09-22 02:00:00,808,8,0.6,Checkout,0,0.0,9,Sep
3183,Paid Search,Desktop,North,Lead Gen,18-24,2024-09-22 04:00:00,745,12,7.7,Bounced,0,0.0,9,Sep
3184,Organic Search,Tablet,South,Retargeting,18-24,2024-09-22 06:00:00,347,1,11.19,Product View,0,0.0,9,Sep
3185,Paid Search,Desktop,West,Lead Gen,45-54,2024-09-22 08:00:00,362,10,11.85,Converted,1,249.0,9,Sep
3186,Social Media,Desktop,East,Product Launch,35-44,2024-09-22 10:00:00,389,12,2.79,Awareness,0,0.0,9,Sep
3187,Paid Search,Desktop,North,Product Launch,25-34,2024-09-22 12:00:00,270,9,6.58,Bounced,0,0.0,9,Sep
3188,Paid Search,Tablet,North,Retargeting,25-34,2024-09-22 14:00:00,85,4,6.58,Checkout,0,0.0,9,Sep
3189,Email,Mobile,West,Seasonal Offer,25-34,2024-09-22 16:00:00,139,8,2.0,Converted,1,249.0,9,Sep
3190,Email,Desktop,West,Product Launch,25-34,2024-09-22 18:00:00,78,12,6.92,Bounced,0,0.0,9,Sep
3191,Paid Search,Mobile,West,Retargeting,25-34,2024-09-22 20:00:00,784,13,12.2,Bounced,0,0.0,9,Sep
3192,Referral,Desktop,East,Product Launch,25-34,2024-09-22 22:00:00,45,12,4.85,Converted,1,49.0,9,Sep
3193,Direct,Desktop,South,Brand Awareness,35-44,2024-09-23 00:00:00,102,5,6.77,Bounced,0,0.0,9,Sep
3194,Paid Search,Desktop,South,Retargeting,35-44,2024-09-23 02:00:00,231,1,14.43,Product View,0,0.0,9,Sep
3195,Paid Search,Desktop,North,Lead Gen,35-44,2024-09-23 04:00:00,122,14,0.96,Bounced,0,0.0,9,Sep
3196,Paid Search,Desktop,South,Product Launch,25-34,2024-09-23 06:00:00,678,9,9.08,Awareness,0,0.0,9,Sep
3197,Referral,Mobile,East,Lead Gen,25-34,2024-09-23 08:00:00,62,8,11.28,Bounced,0,0.0,9,Sep
3198,Referral,Desktop,South,Retargeting,25-34,2024-09-23 10:00:00,629,5,11.53,Bounced,0,0.0,9,Sep
3199,Organic Search,Mobile,East,Product Launch,35-44,2024-09-23 12:00:00,448,14,10.88,Converted,1,249.0,9,Sep
3200,Paid Search,Desktop,North,Lead Gen,25-34,2024-09-23 14:00:00,232,11,11.03,Converted,1,249.0,9,Sep
3201,Social Media,Desktop,West,Seasonal Offer,45-54,2024-09-23 16:00:00,580,14,1.36,Awareness,0,0.0,9,Sep
3202,Paid Search,Desktop,East,Seasonal Offer,35-44,2024-09-23 18:00:00,655,4,8.24,Converted,1,49.0,9,Sep
3203,Organic Search,Tablet,West,Brand Awareness,45-54,2024-09-23 20:00:00,874,8,11.85,Product View,0,0.0,9,Sep
3204,Referral,Desktop,North,Retargeting,35-44,2024-09-23 22:00:00,788,9,1.86,Bounced,0,0.0,9,Sep
3205,Social Media,Mobile,East,Lead Gen,55+,2024-09-24 00:00:00,884,7,0.67,Product View,0,0.0,9,Sep
3206,Email,Desktop,East,Brand Awareness,35-44,2024-09-24 02:00:00,749,4,12.31,Product View,0,0.0,9,Sep
3207,Referral,Desktop,South,Retargeting,55+,2024-09-24 04:00:00,341,7,10.83,Checkout,0,0.0,9,Sep
3208,Email,Desktop,East,Seasonal Offer,25-34,2024-09-24 06:00:00,498,6,6.48,Product View,0,0.0,9,Sep
3209,Paid Search,Desktop,North,Lead Gen,18-24,2024-09-24 08:00:00,423,11,14.14,Checkout,0,0.0,9,Sep
3210,Social Media,Desktop,West,Product Launch,35-44,2024-09-24 10:00:00,838,12,11.62,Product View,0,0.0,9,Sep
3211,Organic Search,Desktop,East,Seasonal Offer,55+,2024-09-24 12:00:00,240,3,14.53,Bounced,0,0.0,9,Sep
3212,Social Media,Mobile,North,Product Launch,25-34,2024-09-24 14:00:00,896,10,13.98,Bounced,0,0.0,9,Sep
3213,Organic Search,Desktop,North,Product Launch,25-34,2024-09-24 16:00:00,600,3,7.48,Bounced,0,0.0,9,Sep
3214,Social Media,Mobile,East,Lead Gen,35-44,2024-09-24 18:00:00,185,1,11.44,Bounced,0,0.0,9,Sep
3215,Organic Search,Desktop,South,Lead Gen,35-44,2024-09-24 20:00:00,663,14,10.2,Product View,0,0.0,9,Sep
3216,Organic Search,Mobile,East,Product Launch,25-34,2024-09-24 22:00:00,661,13,12.27,Bounced,0,0.0,9,Sep
3217,Organic Search,Mobile,East,Brand Awareness,35-44,2024-09-25 00:00:00,838,5,11.92,Product View,0,0.0,9,Sep
3218,Organic Search,Desktop,South,Product Launch,55+,2024-09-25 02:00:00,351,8,2.72,Converted,1,99.0,9,Sep
3219,Social Media,Desktop,North,Product Launch,45-54,2024-09-25 04:00:00,464,12,3.89,Awareness,0,0.0,9,Sep
3220,Email,Mobile,East,Lead Gen,25-34,2024-09-25 06:00:00,603,6,4.35,Converted,1,99.0,9,Sep
3221,Paid Search,Mobile,South,Retargeting,25-34,2024-09-25 08:00:00,699,8,12.37,Product View,0,0.0,9,Sep
3222,Organic Search,Desktop,West,Seasonal Offer,25-34,2024-09-25 10:00:00,69,7,12.26,Checkout,0,0.0,9,Sep
3223,Organic Search,Desktop,West,Lead Gen,25-34,2024-09-25 12:00:00,783,2,7.68,Awareness,0,0.0,9,Sep
3224,Organic Search,Mobile,South,Brand Awareness,18-24,2024-09-25 14:00:00,69,8,8.92,Checkout,0,0.0,9,Sep
3225,Organic Search,Desktop,North,Seasonal Offer,45-54,2024-09-25 16:00:00,482,4,12.49,Awareness,0,0.0,9,Sep
3226,Referral,Mobile,South,Lead Gen,25-34,2024-09-25 18:00:00,899,11,5.03,Product View,0,0.0,9,Sep
3227,Organic Search,Desktop,North,Lead Gen,45-54,2024-09-25 20:00:00,219,5,1.23,Bounced,0,0.0,9,Sep
3228,Paid Search,Desktop,West,Retargeting,55+,2024-09-25 22:00:00,775,11,7.5,Converted,1,49.0,9,Sep
3229,Organic Search,Mobile,East,Brand Awareness,18-24,2024-09-26 00:00:00,44,13,13.75,Awareness,0,0.0,9,Sep
3230,Organic Search,Mobile,South,Brand Awareness,55+,2024-09-26 02:00:00,153,8,11.96,Awareness,0,0.0,9,Sep
3231,Paid Search,Desktop,West,Lead Gen,35-44,2024-09-26 04:00:00,769,5,5.82,Bounced,0,0.0,9,Sep
3232,Social Media,Desktop,East,Retargeting,35-44,2024-09-26 06:00:00,309,5,1.44,Product View,0,0.0,9,Sep
3233,Organic Search,Mobile,West,Lead Gen,25-34,2024-09-26 08:00:00,77,6,9.74,Checkout,0,0.0,9,Sep
3234,Organic Search,Mobile,South,Product Launch,35-44,2024-09-26 10:00:00,218,7,12.6,Converted,1,99.0,9,Sep
3235,Paid Search,Desktop,South,Product Launch,25-34,2024-09-26 12:00:00,333,9,10.14,Checkout,0,0.0,9,Sep
3236,Organic Search,Mobile,East,Retargeting,35-44,2024-09-26 14:00:00,588,14,6.66,Product View,0,0.0,9,Sep
3237,Organic Search,Mobile,South,Lead Gen,18-24,2024-09-26 16:00:00,725,11,2.29,Bounced,0,0.0,9,Sep
3238,Direct,Mobile,West,Retargeting,35-44,2024-09-26 18:00:00,134,7,13.71,Checkout,0,0.0,9,Sep
3239,Social Media,Mobile,East,Lead Gen,25-34,2024-09-26 20:00:00,398,6,4.5,Checkout,0,0.0,9,Sep
3240,Social Media,Desktop,East,Lead Gen,18-24,2024-09-26 22:00:00,530,12,3.75,Product View,0,0.0,9,Sep
3241,Paid Search,Mobile,West,Product Launch,35-44,2024-09-27 00:00:00,489,10,12.33,Converted,1,249.0,9,Sep
3242,Paid Search,Mobile,North,Seasonal Offer,35-44,2024-09-27 02:00:00,276,4,14.73,Bounced,0,0.0,9,Sep
3243,Social Media,Desktop,East,Brand Awareness,25-34,2024-09-27 04:00:00,293,14,10.07,Bounced,0,0.0,9,Sep
3244,Social Media,Desktop,North,Brand Awareness,18-24,2024-09-27 06:00:00,235,11,9.56,Product View,0,0.0,9,Sep
3245,Social Media,Desktop,West,Retargeting,45-54,2024-09-27 08:00:00,536,10,5.13,Product View,0,0.0,9,Sep
3246,Organic Search,Mobile,West,Brand Awareness,35-44,2024-09-27 10:00:00,559,12,0.8,Bounced,0,0.0,9,Sep
3247,Paid Search,Desktop,East,Product Launch,18-24,2024-09-27 12:00:00,393,2,3.28,Converted,1,249.0,9,Sep
3248,Paid Search,Mobile,South,Seasonal Offer,35-44,2024-09-27 14:00:00,792,11,8.97,Awareness,0,0.0,9,Sep
3249,Referral,Tablet,East,Lead Gen,25-34,2024-09-27 16:00:00,779,13,2.69,Bounced,0,0.0,9,Sep
3250,Social Media,Mobile,South,Lead Gen,18-24,2024-09-27 18:00:00,369,11,13.32,Awareness,0,0.0,9,Sep
3251,Social Media,Tablet,North,Product Launch,35-44,2024-09-27 20:00:00,436,9,3.23,Converted,1,249.0,9,Sep
3252,Organic Search,Tablet,South,Brand Awareness,45-54,2024-09-27 22:00:00,482,10,8.07,Converted,1,99.0,9,Sep
3253,Social Media,Desktop,East,Lead Gen,35-44,2024-09-28 00:00:00,862,11,7.92,Bounced,0,0.0,9,Sep
3254,Organic Search,Mobile,South,Brand Awareness,25-34,2024-09-28 02:00:00,843,5,9.26,Converted,1,99.0,9,Sep
3255,Paid Search,Desktop,West,Product Launch,45-54,2024-09-28 04:00:00,607,5,5.25,Product View,0,0.0,9,Sep
3256,Organic Search,Mobile,North,Lead Gen,25-34,2024-09-28 06:00:00,877,11,13.17,Bounced,0,0.0,9,Sep
3257,Social Media,Desktop,West,Retargeting,55+,2024-09-28 08:00:00,179,12,6.94,Bounced,0,0.0,9,Sep
3258,Organic Search,Tablet,West,Seasonal Offer,18-24,2024-09-28 10:00:00,222,3,10.65,Product View,0,0.0,9,Sep
3259,Paid Search,Mobile,West,Brand Awareness,25-34,2024-09-28 12:00:00,176,13,9.72,Checkout,0,0.0,9,Sep
3260,Referral,Mobile,West,Brand Awareness,35-44,2024-09-28 14:00:00,435,3,2.2,Product View,0,0.0,9,Sep
3261,Organic Search,Desktop,South,Brand Awareness,25-34,2024-09-28 16:00:00,212,1,9.53,Checkout,0,0.0,9,Sep
3262,Paid Search,Desktop,West,Brand Awareness,45-54,2024-09-28 18:00:00,135,12,8.49,Checkout,0,0.0,9,Sep
3263,Paid Search,Mobile,South,Product Launch,35-44,2024-09-28 20:00:00,265,11,13.53,Bounced,0,0.0,9,Sep
3264,Organic Search,Desktop,West,Product Launch,18-24,2024-09-28 22:00:00,667,5,13.27,Converted,1,149.0,9,Sep
3265,Email,Mobile,East,Product Launch,35-44,2024-09-29 00:00:00,208,3,2.69,Converted,1,99.0,9,Sep
3266,Organic Search,Desktop,West,Product Launch,25-34,2024-09-29 02:00:00,461,11,1.68,Checkout,0,0.0,9,Sep
3267,Paid Search,Mobile,East,Lead Gen,25-34,2024-09-29 04:00:00,430,2,4.77,Product View,0,0.0,9,Sep
3268,Social Media,Desktop,South,Product Launch,55+,2024-09-29 06:00:00,554,11,14.81,Bounced,0,0.0,9,Sep
3269,Social Media,Mobile,North,Lead Gen,45-54,2024-09-29 08:00:00,772,9,0.81,Bounced,0,0.0,9,Sep
3270,Social Media,Mobile,South,Retargeting,25-34,2024-09-29 10:00:00,569,13,10.26,Bounced,0,0.0,9,Sep
3271,Organic Search,Desktop,North,Product Launch,35-44,2024-09-29 12:00:00,352,14,9.32,Awareness,0,0.0,9,Sep
3272,Organic Search,Desktop,North,Retargeting,25-34,2024-09-29 14:00:00,290,10,9.88,Awareness,0,0.0,9,Sep
3273,Email,Desktop,West,Product Launch,45-54,2024-09-29 16:00:00,641,6,3.67,Converted,1,49.0,9,Sep
3274,Social Media,Mobile,North,Retargeting,55+,2024-09-29 18:00:00,729,3,3.79,Awareness,0,0.0,9,Sep
3275,Email,Mobile,South,Seasonal Offer,25-34,2024-09-29 20:00:00,428,7,6.74,Product View,0,0.0,9,Sep
3276,Email,Mobile,West,Retargeting,45-54,2024-09-29 22:00:00,366,12,1.89,Converted,1,149.0,9,Sep
3277,Email,Mobile,North,Lead Gen,25-34,2024-09-30 00:00:00,329,9,1.58,Converted,1,49.0,9,Sep
3278,Paid Search,Desktop,South,Brand Awareness,25-34,2024-09-30 02:00:00,148,9,1.78,Product View,0,0.0,9,Sep
3279,Paid Search,Desktop,North,Retargeting,55+,2024-09-30 04:00:00,587,1,8.81,Awareness,0,0.0,9,Sep
3280,Email,Desktop,North,Brand Awareness,35-44,2024-09-30 06:00:00,442,2,6.27,Product View,0,0.0,9,Sep
3281,Paid Search,Desktop,West,Seasonal Offer,25-34,2024-09-30 08:00:00,609,8,4.76,Bounced,0,0.0,9,Sep
3282,Organic Search,Tablet,West,Seasonal Offer,35-44,2024-09-30 10:00:00,413,11,5.08,Product View,0,0.0,9,Sep
3283,Referral,Mobile,South,Lead Gen,25-34,2024-09-30 12:00:00,509,1,3.51,Bounced,0,0.0,9,Sep
3284,Referral,Desktop,West,Lead Gen,25-34,2024-09-30 14:00:00,334,11,6.47,Checkout,0,0.0,9,Sep
3285,Paid Search,Mobile,West,Retargeting,55+,2024-09-30 16:00:00,712,12,3.44,Awareness,0,0.0,9,Sep
3286,Organic Search,Mobile,East,Product Launch,35-44,2024-09-30 18:00:00,899,11,10.62,Converted,1,49.0,9,Sep
3287,Paid Search,Desktop,East,Seasonal Offer,45-54,2024-09-30 20:00:00,225,14,2.3,Checkout,0,0.0,9,Sep
3288,Email,Desktop,South,Brand Awareness,25-34,2024-09-30 22:00:00,362,3,14.25,Bounced,0,0.0,9,Sep
3289,Referral,Desktop,West,Product Launch,35-44,2024-10-01 00:00:00,49,11,1.8,Checkout,0,0.0,10,Oct
3290,Organic Search,Mobile,South,Seasonal Offer,55+,2024-10-01 02:00:00,652,7,14.18,Checkout,0,0.0,10,Oct
3291,Organic Search,Tablet,East,Retargeting,25-34,2024-10-01 04:00:00,687,8,12.58,Product View,0,0.0,10,Oct
3292,Referral,Mobile,East,Seasonal Offer,25-34,2024-10-01 06:00:00,733,5,10.37,Converted,1,49.0,10,Oct
3293,Paid Search,Desktop,East,Lead Gen,35-44,2024-10-01 08:00:00,462,14,13.73,Awareness,0,0.0,10,Oct
3294,Social Media,Desktop,South,Brand Awareness,25-34,2024-10-01 10:00:00,455,2,2.52,Product View,0,0.0,10,Oct
3295,Direct,Mobile,West,Brand Awareness,25-34,2024-10-01 12:00:00,258,3,3.06,Checkout,0,0.0,10,Oct
3296,Organic Search,Mobile,North,Lead Gen,45-54,2024-10-01 14:00:00,553,9,4.16,Bounced,0,0.0,10,Oct
3297,Social Media,Mobile,West,Product Launch,55+,2024-10-01 16:00:00,246,13,4.05,Bounced,0,0.0,10,Oct
3298,Organic Search,Mobile,South,Lead Gen,35-44,2024-10-01 18:00:00,620,11,5.01,Product View,0,0.0,10,Oct
3299,Paid Search,Desktop,East,Brand Awareness,45-54,2024-10-01 20:00:00,404,13,8.85,Awareness,0,0.0,10,Oct
3300,Email,Mobile,North,Retargeting,45-54,2024-10-01 22:00:00,65,10,0.91,Awareness,0,0.0,10,Oct
3301,Paid Search,Mobile,South,Product Launch,35-44,2024-10-02 00:00:00,805,7,6.04,Bounced,0,0.0,10,Oct
3302,Direct,Desktop,East,Seasonal Offer,18-24,2024-10-02 02:00:00,57,13,4.07,Converted,1,249.0,10,Oct
3303,Social Media,Mobile,South,Retargeting,25-34,2024-10-02 04:00:00,401,1,9.3,Product View,0,0.0,10,Oct
3304,Paid Search,Desktop,North,Product Launch,18-24,2024-10-02 06:00:00,115,3,14.78,Product View,0,0.0,10,Oct
3305,Organic Search,Desktop,East,Brand Awareness,18-24,2024-10-02 08:00:00,217,9,8.01,Converted,1,49.0,10,Oct
3306,Paid Search,Desktop,West,Brand Awareness,25-34,2024-10-02 10:00:00,334,7,6.67,Converted,1,99.0,10,Oct
3307,Paid Search,Desktop,South,Retargeting,25-34,2024-10-02 12:00:00,795,12,5.84,Converted,1,499.0,10,Oct
3308,Organic Search,Desktop,North,Product Launch,25-34,2024-10-02 14:00:00,451,13,11.88,Bounced,0,0.0,10,Oct
3309,Paid Search,Desktop,West,Seasonal Offer,18-24,2024-10-02 16:00:00,109,13,1.54,Awareness,0,0.0,10,Oct
3310,Paid Search,Mobile,North,Seasonal Offer,35-44,2024-10-02 18:00:00,215,13,14.42,Product View,0,0.0,10,Oct
3311,Email,Desktop,South,Lead Gen,25-34,2024-10-02 20:00:00,34,14,6.56,Product View,0,0.0,10,Oct
3312,Social Media,Desktop,North,Retargeting,45-54,2024-10-02 22:00:00,587,2,5.05,Bounced,0,0.0,10,Oct
3313,Social Media,Desktop,East,Product Launch,18-24,2024-10-03 00:00:00,895,6,14.62,Product View,0,0.0,10,Oct
3314,Organic Search,Mobile,North,Retargeting,45-54,2024-10-03 02:00:00,526,9,14.07,Product View,0,0.0,10,Oct
3315,Organic Search,Desktop,South,Seasonal Offer,55+,2024-10-03 04:00:00,538,4,9.81,Converted,1,99.0,10,Oct
3316,Social Media,Desktop,East,Product Launch,35-44,2024-10-03 06:00:00,643,10,0.77,Awareness,0,0.0,10,Oct
3317,Paid Search,Mobile,North,Brand Awareness,35-44,2024-10-03 08:00:00,31,2,11.35,Product View,0,0.0,10,Oct
3318,Organic Search,Mobile,North,Brand Awareness,55+,2024-10-03 10:00:00,246,3,5.37,Product View,0,0.0,10,Oct
3319,Email,Mobile,East,Product Launch,25-34,2024-10-03 12:00:00,566,7,6.13,Checkout,0,0.0,10,Oct
3320,Email,Desktop,West,Retargeting,55+,2024-10-03 14:00:00,286,4,2.8,Product View,0,0.0,10,Oct
3321,Social Media,Desktop,West,Retargeting,45-54,2024-10-03 16:00:00,764,7,8.09,Awareness,0,0.0,10,Oct
3322,Organic Search,Mobile,East,Brand Awareness,35-44,2024-10-03 18:00:00,482,5,11.3,Product View,0,0.0,10,Oct
3323,Email,Desktop,North,Brand Awareness,25-34,2024-10-03 20:00:00,453,14,4.46,Converted,1,49.0,10,Oct
3324,Social Media,Desktop,West,Seasonal Offer,35-44,2024-10-03 22:00:00,353,8,14.11,Bounced,0,0.0,10,Oct
3325,Email,Desktop,East,Product Launch,35-44,2024-10-04 00:00:00,528,8,3.32,Bounced,0,0.0,10,Oct
3326,Email,Mobile,South,Retargeting,35-44,2024-10-04 02:00:00,610,5,1.46,Awareness,0,0.0,10,Oct
3327,Email,Desktop,North,Seasonal Offer,35-44,2024-10-04 04:00:00,226,7,9.84,Bounced,0,0.0,10,Oct
3328,Paid Search,Tablet,South,Retargeting,18-24,2024-10-04 06:00:00,533,11,12.82,Converted,1,99.0,10,Oct
3329,Organic Search,Mobile,North,Brand Awareness,25-34,2024-10-04 08:00:00,301,6,14.32,Checkout,0,0.0,10,Oct
3330,Social Media,Desktop,West,Product Launch,25-34,2024-10-04 10:00:00,723,13,11.62,Awareness,0,0.0,10,Oct
3331,Social Media,Mobile,South,Lead Gen,25-34,2024-10-04 12:00:00,47,8,3.39,Product View,0,0.0,10,Oct
3332,Email,Mobile,South,Product Launch,25-34,2024-10-04 14:00:00,136,9,14.68,Converted,1,49.0,10,Oct
3333,Organic Search,Mobile,East,Lead Gen,18-24,2024-10-04 16:00:00,558,5,13.83,Product View,0,0.0,10,Oct
3334,Organic Search,Desktop,West,Seasonal Offer,25-34,2024-10-04 18:00:00,154,7,2.87,Checkout,0,0.0,10,Oct
3335,Referral,Mobile,West,Lead Gen,25-34,2024-10-04 20:00:00,512,14,8.6,Checkout,0,0.0,10,Oct
3336,Email,Desktop,North,Lead Gen,18-24,2024-10-04 22:00:00,623,1,8.56,Bounced,0,0.0,10,Oct
3337,Referral,Tablet,East,Seasonal Offer,55+,2024-10-05 00:00:00,33,11,6.92,Converted,1,49.0,10,Oct
3338,Email,Desktop,East,Product Launch,45-54,2024-10-05 02:00:00,656,8,14.77,Converted,1,249.0,10,Oct
3339,Social Media,Desktop,North,Seasonal Offer,35-44,2024-10-05 04:00:00,380,3,1.36,Checkout,0,0.0,10,Oct
3340,Social Media,Mobile,South,Brand Awareness,25-34,2024-10-05 06:00:00,380,1,9.59,Bounced,0,0.0,10,Oct
3341,Referral,Mobile,North,Brand Awareness,35-44,2024-10-05 08:00:00,678,6,3.48,Awareness,0,0.0,10,Oct
3342,Social Media,Mobile,North,Lead Gen,35-44,2024-10-05 10:00:00,828,14,8.15,Checkout,0,0.0,10,Oct
3343,Social Media,Desktop,North,Seasonal Offer,55+,2024-10-05 12:00:00,257,13,11.81,Checkout,0,0.0,10,Oct
3344,Organic Search,Desktop,East,Seasonal Offer,35-44,2024-10-05 14:00:00,45,8,4.08,Bounced,0,0.0,10,Oct
3345,Paid Search,Tablet,North,Seasonal Offer,35-44,2024-10-05 16:00:00,839,11,6.2,Checkout,0,0.0,10,Oct
3346,Social Media,Mobile,North,Product Launch,45-54,2024-10-05 18:00:00,454,3,14.29,Bounced,0,0.0,10,Oct
3347,Organic Search,Mobile,North,Retargeting,25-34,2024-10-05 20:00:00,493,1,11.54,Product View,0,0.0,10,Oct
3348,Organic Search,Desktop,West,Retargeting,18-24,2024-10-05 22:00:00,753,3,8.8,Converted,1,49.0,10,Oct
3349,Paid Search,Desktop,South,Retargeting,35-44,2024-10-06 00:00:00,275,5,3.72,Bounced,0,0.0,10,Oct
3350,Organic Search,Mobile,South,Product Launch,18-24,2024-10-06 02:00:00,827,11,6.67,Checkout,0,0.0,10,Oct
3351,Organic Search,Mobile,South,Seasonal Offer,18-24,2024-10-06 04:00:00,823,8,11.72,Checkout,0,0.0,10,Oct
3352,Paid Search,Desktop,South,Retargeting,35-44,2024-10-06 06:00:00,206,9,12.4,Product View,0,0.0,10,Oct
3353,Referral,Mobile,East,Seasonal Offer,25-34,2024-10-06 08:00:00,572,13,4.05,Bounced,0,0.0,10,Oct
3354,Paid Search,Mobile,East,Lead Gen,35-44,2024-10-06 10:00:00,538,12,10.1,Converted,1,149.0,10,Oct
3355,Organic Search,Desktop,North,Retargeting,55+,2024-10-06 12:00:00,591,9,1.88,Product View,0,0.0,10,Oct
3356,Organic Search,Desktop,East,Lead Gen,25-34,2024-10-06 14:00:00,684,4,0.84,Converted,1,99.0,10,Oct
3357,Social Media,Desktop,South,Product Launch,25-34,2024-10-06 16:00:00,593,8,8.46,Bounced,0,0.0,10,Oct
3358,Paid Search,Mobile,West,Brand Awareness,18-24,2024-10-06 18:00:00,262,11,3.75,Product View,0,0.0,10,Oct
3359,Email,Desktop,North,Product Launch,18-24,2024-10-06 20:00:00,707,5,1.64,Converted,1,49.0,10,Oct
3360,Social Media,Desktop,North,Product Launch,18-24,2024-10-06 22:00:00,67,3,11.08,Awareness,0,0.0,10,Oct
3361,Email,Mobile,South,Product Launch,18-24,2024-10-07 00:00:00,520,5,7.72,Awareness,0,0.0,10,Oct
3362,Organic Search,Desktop,South,Retargeting,25-34,2024-10-07 02:00:00,473,2,12.05,Bounced,0,0.0,10,Oct
3363,Social Media,Desktop,South,Lead Gen,25-34,2024-10-07 04:00:00,49,11,10.13,Product View,0,0.0,10,Oct
3364,Organic Search,Desktop,East,Retargeting,35-44,2024-10-07 06:00:00,640,11,11.08,Bounced,0,0.0,10,Oct
3365,Referral,Mobile,North,Brand Awareness,45-54,2024-10-07 08:00:00,756,11,4.96,Product View,0,0.0,10,Oct
3366,Social Media,Mobile,South,Product Launch,45-54,2024-10-07 10:00:00,585,6,4.32,Checkout,0,0.0,10,Oct
3367,Paid Search,Desktop,West,Seasonal Offer,35-44,2024-10-07 12:00:00,140,1,9.21,Bounced,0,0.0,10,Oct
3368,Organic Search,Mobile,North,Brand Awareness,18-24,2024-10-07 14:00:00,516,6,3.4,Product View,0,0.0,10,Oct
3369,Organic Search,Mobile,North,Lead Gen,35-44,2024-10-07 16:00:00,118,13,12.32,Awareness,0,0.0,10,Oct
3370,Social Media,Desktop,East,Brand Awareness,25-34,2024-10-07 18:00:00,348,5,8.08,Bounced,0,0.0,10,Oct
3371,Organic Search,Desktop,North,Retargeting,18-24,2024-10-07 20:00:00,147,13,3.79,Awareness,0,0.0,10,Oct
3372,Social Media,Desktop,South,Seasonal Offer,45-54,2024-10-07 22:00:00,463,9,9.56,Converted,1,99.0,10,Oct
3373,Organic Search,Desktop,South,Retargeting,25-34,2024-10-08 00:00:00,268,13,14.2,Bounced,0,0.0,10,Oct
3374,Social Media,Mobile,West,Product Launch,25-34,2024-10-08 02:00:00,101,14,1.69,Product View,0,0.0,10,Oct
3375,Email,Mobile,North,Product Launch,45-54,2024-10-08 04:00:00,851,7,2.09,Product View,0,0.0,10,Oct
3376,Email,Desktop,North,Brand Awareness,55+,2024-10-08 06:00:00,428,6,12.74,Converted,1,49.0,10,Oct
3377,Email,Desktop,East,Product Launch,25-34,2024-10-08 08:00:00,845,11,2.09,Converted,1,99.0,10,Oct
3378,Organic Search,Desktop,South,Product Launch,25-34,2024-10-08 10:00:00,433,12,1.07,Awareness,0,0.0,10,Oct
3379,Organic Search,Mobile,West,Lead Gen,35-44,2024-10-08 12:00:00,704,7,5.54,Product View,0,0.0,10,Oct
3380,Social Media,Desktop,South,Lead Gen,35-44,2024-10-08 14:00:00,280,10,7.27,Bounced,0,0.0,10,Oct
3381,Paid Search,Mobile,North,Retargeting,18-24,2024-10-08 16:00:00,898,5,8.76,Bounced,0,0.0,10,Oct
3382,Paid Search,Desktop,North,Retargeting,35-44,2024-10-08 18:00:00,224,1,7.86,Product View,0,0.0,10,Oct
3383,Organic Search,Mobile,West,Lead Gen,55+,2024-10-08 20:00:00,601,9,13.74,Awareness,0,0.0,10,Oct
3384,Organic Search,Mobile,North,Brand Awareness,25-34,2024-10-08 22:00:00,639,5,11.65,Bounced,0,0.0,10,Oct
3385,Organic Search,Desktop,West,Lead Gen,55+,2024-10-09 00:00:00,897,4,14.77,Awareness,0,0.0,10,Oct
3386,Referral,Desktop,West,Retargeting,55+,2024-10-09 02:00:00,896,6,7.41,Product View,0,0.0,10,Oct
3387,Organic Search,Tablet,South,Seasonal Offer,25-34,2024-10-09 04:00:00,614,5,1.72,Product View,0,0.0,10,Oct
3388,Social Media,Desktop,West,Product Launch,45-54,2024-10-09 06:00:00,251,1,14.36,Awareness,0,0.0,10,Oct
3389,Organic Search,Mobile,North,Seasonal Offer,25-34,2024-10-09 08:00:00,660,2,0.56,Product View,0,0.0,10,Oct
3390,Social Media,Desktop,East,Seasonal Offer,35-44,2024-10-09 10:00:00,211,4,11.75,Product View,0,0.0,10,Oct
3391,Paid Search,Mobile,East,Product Launch,45-54,2024-10-09 12:00:00,759,8,0.95,Bounced,0,0.0,10,Oct
3392,Referral,Desktop,North,Lead Gen,25-34,2024-10-09 14:00:00,285,5,11.54,Converted,1,99.0,10,Oct
3393,Referral,Tablet,East,Brand Awareness,35-44,2024-10-09 16:00:00,117,7,14.1,Bounced,0,0.0,10,Oct
3394,Paid Search,Mobile,East,Seasonal Offer,45-54,2024-10-09 18:00:00,816,2,6.14,Bounced,0,0.0,10,Oct
3395,Referral,Mobile,West,Brand Awareness,25-34,2024-10-09 20:00:00,521,8,3.99,Checkout,0,0.0,10,Oct
3396,Direct,Mobile,East,Retargeting,25-34,2024-10-09 22:00:00,365,5,3.78,Converted,1,49.0,10,Oct
3397,Email,Mobile,East,Seasonal Offer,18-24,2024-10-10 00:00:00,567,4,7.63,Awareness,0,0.0,10,Oct
3398,Email,Desktop,East,Retargeting,35-44,2024-10-10 02:00:00,436,9,2.98,Awareness,0,0.0,10,Oct
3399,Organic Search,Mobile,South,Lead Gen,55+,2024-10-10 04:00:00,662,6,10.26,Bounced,0,0.0,10,Oct
3400,Social Media,Tablet,North,Seasonal Offer,45-54,2024-10-10 06:00:00,318,14,5.84,Product View,0,0.0,10,Oct
3401,Organic Search,Desktop,West,Retargeting,25-34,2024-10-10 08:00:00,391,4,5.19,Converted,1,149.0,10,Oct
3402,Organic Search,Tablet,East,Retargeting,35-44,2024-10-10 10:00:00,470,8,7.19,Bounced,0,0.0,10,Oct
3403,Direct,Mobile,North,Lead Gen,25-34,2024-10-10 12:00:00,59,3,8.37,Converted,1,49.0,10,Oct
3404,Paid Search,Mobile,East,Brand Awareness,25-34,2024-10-10 14:00:00,743,14,2.56,Bounced,0,0.0,10,Oct
3405,Email,Desktop,South,Brand Awareness,25-34,2024-10-10 16:00:00,577,13,10.76,Converted,1,99.0,10,Oct
3406,Email,Desktop,South,Seasonal Offer,25-34,2024-10-10 18:00:00,666,10,13.3,Awareness,0,0.0,10,Oct
3407,Referral,Desktop,East,Lead Gen,35-44,2024-10-10 20:00:00,252,2,4.53,Converted,1,149.0,10,Oct
3408,Direct,Desktop,East,Seasonal Offer,55+,2024-10-10 22:00:00,776,7,3.12,Awareness,0,0.0,10,Oct
3409,Organic Search,Mobile,East,Brand Awareness,35-44,2024-10-11 00:00:00,153,14,11.53,Product View,0,0.0,10,Oct
3410,Organic Search,Desktop,South,Lead Gen,35-44,2024-10-11 02:00:00,712,12,3.16,Bounced,0,0.0,10,Oct
3411,Paid Search,Desktop,South,Product Launch,18-24,2024-10-11 04:00:00,722,4,1.1,Converted,1,99.0,10,Oct
3412,Organic Search,Tablet,North,Lead Gen,55+,2024-10-11 06:00:00,244,4,9.48,Checkout,0,0.0,10,Oct
3413,Organic Search,Desktop,West,Lead Gen,45-54,2024-10-11 08:00:00,147,10,3.98,Converted,1,249.0,10,Oct
3414,Paid Search,Desktop,West,Product Launch,45-54,2024-10-11 10:00:00,256,9,2.99,Bounced,0,0.0,10,Oct
3415,Email,Desktop,South,Retargeting,25-34,2024-10-11 12:00:00,473,2,14.73,Product View,0,0.0,10,Oct
3416,Social Media,Desktop,West,Retargeting,35-44,2024-10-11 14:00:00,578,1,4.73,Awareness,0,0.0,10,Oct
3417,Paid Search,Mobile,East,Retargeting,35-44,2024-10-11 16:00:00,858,7,13.6,Converted,1,149.0,10,Oct
3418,Social Media,Mobile,North,Brand Awareness,25-34,2024-10-11 18:00:00,637,12,3.08,Awareness,0,0.0,10,Oct
3419,Organic Search,Mobile,South,Lead Gen,35-44,2024-10-11 20:00:00,661,8,12.38,Product View,0,0.0,10,Oct
3420,Organic Search,Desktop,South,Product Launch,55+,2024-10-11 22:00:00,466,3,7.78,Checkout,0,0.0,10,Oct
3421,Email,Mobile,West,Brand Awareness,25-34,2024-10-12 00:00:00,41,2,1.64,Awareness,0,0.0,10,Oct
3422,Social Media,Desktop,East,Product Launch,18-24,2024-10-12 02:00:00,151,4,11.14,Converted,1,499.0,10,Oct
3423,Email,Desktop,North,Brand Awareness,35-44,2024-10-12 04:00:00,576,2,13.44,Product View,0,0.0,10,Oct
3424,Organic Search,Desktop,West,Brand Awareness,25-34,2024-10-12 06:00:00,518,12,2.86,Bounced,0,0.0,10,Oct
3425,Email,Desktop,South,Brand Awareness,35-44,2024-10-12 08:00:00,280,2,11.02,Bounced,0,0.0,10,Oct
3426,Social Media,Desktop,South,Product Launch,35-44,2024-10-12 10:00:00,608,5,6.95,Bounced,0,0.0,10,Oct
3427,Social Media,Desktop,West,Seasonal Offer,25-34,2024-10-12 12:00:00,511,10,11.43,Product View,0,0.0,10,Oct
3428,Social Media,Tablet,East,Brand Awareness,45-54,2024-10-12 14:00:00,579,5,10.85,Bounced,0,0.0,10,Oct
3429,Referral,Desktop,North,Retargeting,35-44,2024-10-12 16:00:00,309,8,0.89,Converted,1,49.0,10,Oct
3430,Social Media,Desktop,North,Lead Gen,45-54,2024-10-12 18:00:00,771,9,3.09,Checkout,0,0.0,10,Oct
3431,Social Media,Desktop,North,Seasonal Offer,45-54,2024-10-12 20:00:00,366,2,7.33,Bounced,0,0.0,10,Oct
3432,Direct,Mobile,North,Seasonal Offer,45-54,2024-10-12 22:00:00,197,1,14.04,Bounced,0,0.0,10,Oct
3433,Email,Desktop,East,Product Launch,18-24,2024-10-13 00:00:00,357,3,5.46,Converted,1,249.0,10,Oct
3434,Paid Search,Mobile,South,Seasonal Offer,25-34,2024-10-13 02:00:00,275,6,9.62,Converted,1,149.0,10,Oct
3435,Social Media,Tablet,South,Product Launch,18-24,2024-10-13 04:00:00,620,14,0.68,Awareness,0,0.0,10,Oct
3436,Paid Search,Desktop,North,Product Launch,25-34,2024-10-13 06:00:00,655,5,10.81,Checkout,0,0.0,10,Oct
3437,Organic Search,Desktop,North,Retargeting,45-54,2024-10-13 08:00:00,330,8,9.24,Awareness,0,0.0,10,Oct
3438,Social Media,Desktop,North,Brand Awareness,25-34,2024-10-13 10:00:00,758,8,10.87,Checkout,0,0.0,10,Oct
3439,Referral,Mobile,West,Seasonal Offer,45-54,2024-10-13 12:00:00,229,2,13.62,Converted,1,149.0,10,Oct
3440,Referral,Desktop,West,Brand Awareness,25-34,2024-10-13 14:00:00,529,14,2.62,Product View,0,0.0,10,Oct
3441,Paid Search,Desktop,South,Brand Awareness,25-34,2024-10-13 16:00:00,893,9,4.29,Bounced,0,0.0,10,Oct
3442,Social Media,Desktop,South,Brand Awareness,45-54,2024-10-13 18:00:00,783,14,14.94,Bounced,0,0.0,10,Oct
3443,Organic Search,Mobile,North,Product Launch,25-34,2024-10-13 20:00:00,42,14,2.77,Bounced,0,0.0,10,Oct
3444,Direct,Desktop,West,Brand Awareness,45-54,2024-10-13 22:00:00,395,4,10.95,Converted,1,249.0,10,Oct
3445,Direct,Desktop,East,Seasonal Offer,25-34,2024-10-14 00:00:00,748,14,11.01,Bounced,0,0.0,10,Oct
3446,Social Media,Mobile,West,Product Launch,55+,2024-10-14 02:00:00,803,1,10.4,Product View,0,0.0,10,Oct
3447,Email,Mobile,South,Seasonal Offer,35-44,2024-10-14 04:00:00,126,14,3.8,Bounced,0,0.0,10,Oct
3448,Social Media,Mobile,West,Product Launch,45-54,2024-10-14 06:00:00,100,2,3.62,Awareness,0,0.0,10,Oct
3449,Social Media,Desktop,South,Lead Gen,18-24,2024-10-14 08:00:00,844,14,10.16,Product View,0,0.0,10,Oct
3450,Organic Search,Mobile,North,Lead Gen,25-34,2024-10-14 10:00:00,890,11,3.2,Checkout,0,0.0,10,Oct
3451,Paid Search,Mobile,East,Lead Gen,55+,2024-10-14 12:00:00,771,6,10.09,Awareness,0,0.0,10,Oct
3452,Social Media,Desktop,North,Lead Gen,45-54,2024-10-14 14:00:00,386,5,7.64,Converted,1,99.0,10,Oct
3453,Social Media,Mobile,North,Product Launch,18-24,2024-10-14 16:00:00,841,12,6.11,Bounced,0,0.0,10,Oct
3454,Paid Search,Desktop,East,Brand Awareness,25-34,2024-10-14 18:00:00,573,7,4.85,Checkout,0,0.0,10,Oct
3455,Referral,Tablet,East,Retargeting,25-34,2024-10-14 20:00:00,279,9,14.24,Checkout,0,0.0,10,Oct
3456,Organic Search,Desktop,East,Retargeting,25-34,2024-10-14 22:00:00,283,6,7.87,Checkout,0,0.0,10,Oct
3457,Paid Search,Mobile,South,Lead Gen,35-44,2024-10-15 00:00:00,800,6,8.64,Converted,1,249.0,10,Oct
3458,Social Media,Desktop,North,Brand Awareness,25-34,2024-10-15 02:00:00,211,2,14.26,Bounced,0,0.0,10,Oct
3459,Social Media,Tablet,South,Seasonal Offer,25-34,2024-10-15 04:00:00,881,7,9.98,Awareness,0,0.0,10,Oct
3460,Social Media,Desktop,East,Brand Awareness,35-44,2024-10-15 06:00:00,195,2,14.39,Bounced,0,0.0,10,Oct
3461,Organic Search,Tablet,South,Seasonal Offer,25-34,2024-10-15 08:00:00,33,13,2.04,Converted,1,99.0,10,Oct
3462,Organic Search,Tablet,East,Retargeting,35-44,2024-10-15 10:00:00,492,7,12.78,Bounced,0,0.0,10,Oct
3463,Social Media,Desktop,West,Brand Awareness,55+,2024-10-15 12:00:00,174,8,5.36,Product View,0,0.0,10,Oct
3464,Social Media,Mobile,East,Brand Awareness,18-24,2024-10-15 14:00:00,194,12,12.25,Bounced,0,0.0,10,Oct
3465,Organic Search,Tablet,North,Retargeting,35-44,2024-10-15 16:00:00,373,1,12.91,Converted,1,149.0,10,Oct
3466,Social Media,Desktop,North,Brand Awareness,25-34,2024-10-15 18:00:00,134,9,4.44,Bounced,0,0.0,10,Oct
3467,Paid Search,Desktop,North,Seasonal Offer,25-34,2024-10-15 20:00:00,577,8,6.43,Awareness,0,0.0,10,Oct
3468,Social Media,Mobile,South,Brand Awareness,18-24,2024-10-15 22:00:00,343,9,11.03,Product View,0,0.0,10,Oct
3469,Email,Desktop,North,Seasonal Offer,18-24,2024-10-16 00:00:00,198,5,1.94,Converted,1,99.0,10,Oct
3470,Organic Search,Desktop,East,Lead Gen,25-34,2024-10-16 02:00:00,549,13,11.46,Awareness,0,0.0,10,Oct
3471,Organic Search,Desktop,West,Brand Awareness,25-34,2024-10-16 04:00:00,627,14,2.1,Converted,1,49.0,10,Oct
3472,Email,Desktop,North,Seasonal Offer,45-54,2024-10-16 06:00:00,465,4,13.76,Product View,0,0.0,10,Oct
3473,Social Media,Desktop,South,Retargeting,35-44,2024-10-16 08:00:00,638,1,4.51,Bounced,0,0.0,10,Oct
3474,Social Media,Desktop,West,Lead Gen,55+,2024-10-16 10:00:00,541,9,8.85,Bounced,0,0.0,10,Oct
3475,Email,Mobile,North,Brand Awareness,35-44,2024-10-16 12:00:00,438,14,2.2,Bounced,0,0.0,10,Oct
3476,Email,Mobile,North,Seasonal Offer,25-34,2024-10-16 14:00:00,465,4,4.41,Converted,1,99.0,10,Oct
3477,Direct,Desktop,West,Brand Awareness,25-34,2024-10-16 16:00:00,344,4,6.36,Checkout,0,0.0,10,Oct
3478,Social Media,Mobile,North,Seasonal Offer,25-34,2024-10-16 18:00:00,571,4,7.56,Product View,0,0.0,10,Oct
3479,Paid Search,Mobile,South,Brand Awareness,25-34,2024-10-16 20:00:00,642,2,0.5,Bounced,0,0.0,10,Oct
3480,Paid Search,Tablet,East,Lead Gen,35-44,2024-10-16 22:00:00,608,12,13.39,Bounced,0,0.0,10,Oct
3481,Organic Search,Desktop,East,Lead Gen,35-44,2024-10-17 00:00:00,890,11,0.61,Bounced,0,0.0,10,Oct
3482,Social Media,Desktop,West,Brand Awareness,25-34,2024-10-17 02:00:00,92,13,11.72,Bounced,0,0.0,10,Oct
3483,Organic Search,Tablet,East,Brand Awareness,18-24,2024-10-17 04:00:00,61,4,7.32,Bounced,0,0.0,10,Oct
3484,Referral,Tablet,North,Product Launch,18-24,2024-10-17 06:00:00,628,2,8.1,Bounced,0,0.0,10,Oct
3485,Social Media,Mobile,North,Brand Awareness,25-34,2024-10-17 08:00:00,240,8,3.52,Product View,0,0.0,10,Oct
3486,Social Media,Mobile,South,Brand Awareness,18-24,2024-10-17 10:00:00,492,7,9.31,Bounced,0,0.0,10,Oct
3487,Paid Search,Desktop,East,Lead Gen,45-54,2024-10-17 12:00:00,592,11,8.29,Bounced,0,0.0,10,Oct
3488,Organic Search,Mobile,West,Brand Awareness,18-24,2024-10-17 14:00:00,604,10,2.88,Converted,1,499.0,10,Oct
3489,Organic Search,Desktop,North,Retargeting,35-44,2024-10-17 16:00:00,109,2,3.95,Converted,1,149.0,10,Oct
3490,Paid Search,Desktop,West,Brand Awareness,25-34,2024-10-17 18:00:00,372,14,1.47,Checkout,0,0.0,10,Oct
3491,Organic Search,Mobile,North,Product Launch,18-24,2024-10-17 20:00:00,261,2,1.46,Bounced,0,0.0,10,Oct
3492,Social Media,Desktop,North,Seasonal Offer,45-54,2024-10-17 22:00:00,642,2,0.7,Bounced,0,0.0,10,Oct
3493,Referral,Desktop,South,Lead Gen,35-44,2024-10-18 00:00:00,158,1,3.7,Converted,1,149.0,10,Oct
3494,Referral,Tablet,East,Retargeting,25-34,2024-10-18 02:00:00,48,13,10.36,Awareness,0,0.0,10,Oct
3495,Social Media,Desktop,South,Seasonal Offer,45-54,2024-10-18 04:00:00,386,6,5.09,Checkout,0,0.0,10,Oct
3496,Organic Search,Tablet,East,Retargeting,18-24,2024-10-18 06:00:00,448,6,5.47,Bounced,0,0.0,10,Oct
3497,Referral,Tablet,West,Lead Gen,25-34,2024-10-18 08:00:00,635,1,2.41,Bounced,0,0.0,10,Oct
3498,Referral,Mobile,East,Product Launch,45-54,2024-10-18 10:00:00,110,11,8.84,Bounced,0,0.0,10,Oct
3499,Organic Search,Desktop,West,Lead Gen,35-44,2024-10-18 12:00:00,644,1,5.46,Converted,1,149.0,10,Oct
3500,Email,Desktop,North,Retargeting,25-34,2024-10-18 14:00:00,695,6,10.31,Bounced,0,0.0,10,Oct
3501,Organic Search,Desktop,West,Retargeting,18-24,2024-10-18 16:00:00,810,11,11.25,Checkout,0,0.0,10,Oct
3502,Email,Desktop,West,Lead Gen,45-54,2024-10-18 18:00:00,147,6,8.98,Checkout,0,0.0,10,Oct
3503,Direct,Desktop,North,Brand Awareness,25-34,2024-10-18 20:00:00,883,4,4.5,Product View,0,0.0,10,Oct
3504,Organic Search,Tablet,West,Lead Gen,25-34,2024-10-18 22:00:00,523,3,7.87,Awareness,0,0.0,10,Oct
3505,Referral,Desktop,West,Product Launch,35-44,2024-10-19 00:00:00,820,14,4.15,Bounced,0,0.0,10,Oct
3506,Social Media,Mobile,North,Lead Gen,55+,2024-10-19 02:00:00,521,9,13.59,Awareness,0,0.0,10,Oct
3507,Direct,Desktop,North,Seasonal Offer,18-24,2024-10-19 04:00:00,254,6,11.61,Bounced,0,0.0,10,Oct
3508,Paid Search,Mobile,North,Brand Awareness,45-54,2024-10-19 06:00:00,448,1,7.65,Checkout,0,0.0,10,Oct
3509,Email,Tablet,East,Seasonal Offer,35-44,2024-10-19 08:00:00,809,3,14.5,Checkout,0,0.0,10,Oct
3510,Organic Search,Desktop,North,Lead Gen,25-34,2024-10-19 10:00:00,166,1,8.43,Product View,0,0.0,10,Oct
3511,Paid Search,Desktop,North,Brand Awareness,35-44,2024-10-19 12:00:00,255,3,5.26,Product View,0,0.0,10,Oct
3512,Organic Search,Mobile,West,Seasonal Offer,55+,2024-10-19 14:00:00,363,2,1.88,Bounced,0,0.0,10,Oct
3513,Direct,Mobile,South,Seasonal Offer,25-34,2024-10-19 16:00:00,258,5,8.38,Awareness,0,0.0,10,Oct
3514,Email,Mobile,South,Brand Awareness,18-24,2024-10-19 18:00:00,352,3,12.98,Checkout,0,0.0,10,Oct
3515,Referral,Desktop,East,Brand Awareness,55+,2024-10-19 20:00:00,137,7,13.07,Bounced,0,0.0,10,Oct
3516,Referral,Desktop,East,Retargeting,35-44,2024-10-19 22:00:00,841,8,9.27,Product View,0,0.0,10,Oct
3517,Organic Search,Tablet,South,Brand Awareness,25-34,2024-10-20 00:00:00,474,7,6.2,Converted,1,99.0,10,Oct
3518,Paid Search,Tablet,South,Lead Gen,35-44,2024-10-20 02:00:00,36,2,9.93,Awareness,0,0.0,10,Oct
3519,Organic Search,Desktop,North,Product Launch,35-44,2024-10-20 04:00:00,157,10,11.55,Awareness,0,0.0,10,Oct
3520,Organic Search,Mobile,West,Retargeting,45-54,2024-10-20 06:00:00,382,10,6.47,Bounced,0,0.0,10,Oct
3521,Organic Search,Desktop,North,Brand Awareness,55+,2024-10-20 08:00:00,296,7,7.41,Converted,1,49.0,10,Oct
3522,Paid Search,Desktop,East,Product Launch,25-34,2024-10-20 10:00:00,714,10,10.37,Awareness,0,0.0,10,Oct
3523,Organic Search,Desktop,South,Retargeting,25-34,2024-10-20 12:00:00,243,3,13.21,Converted,1,49.0,10,Oct
3524,Organic Search,Desktop,East,Lead Gen,35-44,2024-10-20 14:00:00,276,7,11.97,Converted,1,49.0,10,Oct
3525,Organic Search,Mobile,North,Product Launch,25-34,2024-10-20 16:00:00,647,1,0.82,Awareness,0,0.0,10,Oct
3526,Organic Search,Desktop,East,Brand Awareness,35-44,2024-10-20 18:00:00,624,2,2.3,Checkout,0,0.0,10,Oct
3527,Direct,Desktop,East,Brand Awareness,25-34,2024-10-20 20:00:00,833,12,12.87,Awareness,0,0.0,10,Oct
3528,Email,Mobile,West,Lead Gen,25-34,2024-10-20 22:00:00,403,10,12.59,Product View,0,0.0,10,Oct
3529,Direct,Mobile,East,Retargeting,25-34,2024-10-21 00:00:00,450,1,6.14,Converted,1,149.0,10,Oct
3530,Paid Search,Mobile,North,Product Launch,35-44,2024-10-21 02:00:00,744,9,8.97,Product View,0,0.0,10,Oct
3531,Organic Search,Tablet,West,Lead Gen,45-54,2024-10-21 04:00:00,70,13,13.63,Converted,1,249.0,10,Oct
3532,Email,Desktop,East,Retargeting,25-34,2024-10-21 06:00:00,746,13,13.72,Bounced,0,0.0,10,Oct
3533,Paid Search,Mobile,North,Seasonal Offer,25-34,2024-10-21 08:00:00,377,2,11.85,Converted,1,49.0,10,Oct
3534,Organic Search,Mobile,South,Seasonal Offer,25-34,2024-10-21 10:00:00,590,2,3.54,Converted,1,49.0,10,Oct
3535,Organic Search,Mobile,West,Retargeting,45-54,2024-10-21 12:00:00,172,6,11.09,Awareness,0,0.0,10,Oct
3536,Organic Search,Desktop,East,Brand Awareness,25-34,2024-10-21 14:00:00,170,7,1.97,Bounced,0,0.0,10,Oct
3537,Organic Search,Desktop,East,Brand Awareness,35-44,2024-10-21 16:00:00,594,14,13.46,Bounced,0,0.0,10,Oct
3538,Paid Search,Mobile,West,Seasonal Offer,35-44,2024-10-21 18:00:00,136,13,2.66,Checkout,0,0.0,10,Oct
3539,Social Media,Desktop,North,Brand Awareness,25-34,2024-10-21 20:00:00,62,2,10.1,Checkout,0,0.0,10,Oct
3540,Organic Search,Mobile,East,Brand Awareness,45-54,2024-10-21 22:00:00,229,14,9.35,Awareness,0,0.0,10,Oct
3541,Organic Search,Mobile,North,Retargeting,18-24,2024-10-22 00:00:00,148,4,11.77,Bounced,0,0.0,10,Oct
3542,Email,Mobile,West,Retargeting,35-44,2024-10-22 02:00:00,829,3,8.5,Checkout,0,0.0,10,Oct
3543,Organic Search,Mobile,East,Brand Awareness,25-34,2024-10-22 04:00:00,258,13,1.36,Product View,0,0.0,10,Oct
3544,Paid Search,Mobile,South,Retargeting,18-24,2024-10-22 06:00:00,659,5,10.73,Converted,1,99.0,10,Oct
3545,Referral,Desktop,South,Product Launch,35-44,2024-10-22 08:00:00,717,9,6.06,Converted,1,49.0,10,Oct
3546,Organic Search,Mobile,South,Seasonal Offer,25-34,2024-10-22 10:00:00,214,2,5.14,Awareness,0,0.0,10,Oct
3547,Organic Search,Mobile,West,Product Launch,35-44,2024-10-22 12:00:00,859,13,14.88,Converted,1,99.0,10,Oct
3548,Paid Search,Desktop,East,Product Launch,35-44,2024-10-22 14:00:00,879,5,9.06,Checkout,0,0.0,10,Oct
3549,Paid Search,Desktop,West,Brand Awareness,35-44,2024-10-22 16:00:00,244,8,10.81,Checkout,0,0.0,10,Oct
3550,Social Media,Desktop,East,Brand Awareness,25-34,2024-10-22 18:00:00,762,6,8.13,Awareness,0,0.0,10,Oct
3551,Email,Tablet,South,Product Launch,35-44,2024-10-22 20:00:00,159,4,11.66,Converted,1,49.0,10,Oct
3552,Organic Search,Desktop,South,Product Launch,35-44,2024-10-22 22:00:00,874,10,11.41,Product View,0,0.0,10,Oct
3553,Social Media,Mobile,North,Lead Gen,25-34,2024-10-23 00:00:00,301,8,10.03,Bounced,0,0.0,10,Oct
3554,Paid Search,Desktop,West,Lead Gen,35-44,2024-10-23 02:00:00,787,3,14.97,Converted,1,99.0,10,Oct
3555,Organic Search,Desktop,West,Seasonal Offer,55+,2024-10-23 04:00:00,664,4,7.17,Awareness,0,0.0,10,Oct
3556,Social Media,Mobile,North,Product Launch,25-34,2024-10-23 06:00:00,37,11,10.74,Bounced,0,0.0,10,Oct
3557,Organic Search,Desktop,South,Retargeting,55+,2024-10-23 08:00:00,432,9,12.07,Checkout,0,0.0,10,Oct
3558,Paid Search,Mobile,South,Lead Gen,18-24,2024-10-23 10:00:00,608,5,5.95,Converted,1,249.0,10,Oct
3559,Organic Search,Mobile,West,Brand Awareness,25-34,2024-10-23 12:00:00,656,6,7.13,Converted,1,99.0,10,Oct
3560,Paid Search,Mobile,East,Product Launch,25-34,2024-10-23 14:00:00,398,12,14.55,Awareness,0,0.0,10,Oct
3561,Paid Search,Desktop,South,Retargeting,35-44,2024-10-23 16:00:00,829,11,0.97,Awareness,0,0.0,10,Oct
3562,Email,Mobile,North,Retargeting,18-24,2024-10-23 18:00:00,646,2,5.36,Converted,1,149.0,10,Oct
3563,Organic Search,Mobile,North,Retargeting,45-54,2024-10-23 20:00:00,566,9,7.55,Bounced,0,0.0,10,Oct
3564,Paid Search,Mobile,North,Brand Awareness,45-54,2024-10-23 22:00:00,82,8,0.52,Bounced,0,0.0,10,Oct
3565,Paid Search,Desktop,West,Lead Gen,35-44,2024-10-24 00:00:00,276,7,13.54,Checkout,0,0.0,10,Oct
3566,Email,Mobile,West,Retargeting,25-34,2024-10-24 02:00:00,366,9,4.65,Awareness,0,0.0,10,Oct
3567,Social Media,Tablet,West,Lead Gen,55+,2024-10-24 04:00:00,310,5,4.24,Product View,0,0.0,10,Oct
3568,Social Media,Mobile,West,Seasonal Offer,45-54,2024-10-24 06:00:00,62,5,12.39,Bounced,0,0.0,10,Oct
3569,Email,Desktop,North,Brand Awareness,25-34,2024-10-24 08:00:00,828,11,4.53,Converted,1,149.0,10,Oct
3570,Referral,Desktop,North,Lead Gen,35-44,2024-10-24 10:00:00,577,11,10.04,Awareness,0,0.0,10,Oct
3571,Paid Search,Desktop,West,Lead Gen,35-44,2024-10-24 12:00:00,372,9,12.41,Checkout,0,0.0,10,Oct
3572,Social Media,Desktop,West,Retargeting,35-44,2024-10-24 14:00:00,268,11,11.99,Awareness,0,0.0,10,Oct
3573,Email,Desktop,North,Retargeting,25-34,2024-10-24 16:00:00,521,5,11.84,Converted,1,99.0,10,Oct
3574,Direct,Desktop,West,Brand Awareness,25-34,2024-10-24 18:00:00,758,9,1.79,Awareness,0,0.0,10,Oct
3575,Referral,Mobile,West,Lead Gen,18-24,2024-10-24 20:00:00,206,1,1.66,Converted,1,249.0,10,Oct
3576,Paid Search,Desktop,West,Product Launch,25-34,2024-10-24 22:00:00,73,10,4.95,Converted,1,149.0,10,Oct
3577,Organic Search,Mobile,West,Retargeting,35-44,2024-10-25 00:00:00,333,10,1.02,Converted,1,49.0,10,Oct
3578,Paid Search,Desktop,South,Retargeting,55+,2024-10-25 02:00:00,699,11,7.76,Converted,1,49.0,10,Oct
3579,Email,Desktop,West,Seasonal Offer,55+,2024-10-25 04:00:00,298,8,6.22,Awareness,0,0.0,10,Oct
3580,Paid Search,Desktop,North,Brand Awareness,35-44,2024-10-25 06:00:00,712,3,8.58,Bounced,0,0.0,10,Oct
3581,Paid Search,Desktop,North,Lead Gen,35-44,2024-10-25 08:00:00,762,13,4.83,Bounced,0,0.0,10,Oct
3582,Email,Mobile,North,Lead Gen,25-34,2024-10-25 10:00:00,429,8,7.54,Bounced,0,0.0,10,Oct
3583,Paid Search,Mobile,North,Lead Gen,35-44,2024-10-25 12:00:00,771,5,5.35,Converted,1,149.0,10,Oct
3584,Referral,Desktop,West,Retargeting,18-24,2024-10-25 14:00:00,632,2,3.33,Converted,1,99.0,10,Oct
3585,Paid Search,Desktop,South,Brand Awareness,25-34,2024-10-25 16:00:00,460,9,9.92,Awareness,0,0.0,10,Oct
3586,Paid Search,Desktop,East,Lead Gen,35-44,2024-10-25 18:00:00,450,4,10.26,Bounced,0,0.0,10,Oct
3587,Paid Search,Mobile,East,Product Launch,25-34,2024-10-25 20:00:00,160,14,12.52,Awareness,0,0.0,10,Oct
3588,Email,Mobile,East,Seasonal Offer,18-24,2024-10-25 22:00:00,439,14,13.18,Checkout,0,0.0,10,Oct
3589,Organic Search,Mobile,East,Seasonal Offer,45-54,2024-10-26 00:00:00,767,7,10.71,Converted,1,99.0,10,Oct
3590,Organic Search,Mobile,North,Lead Gen,25-34,2024-10-26 02:00:00,254,12,10.47,Converted,1,49.0,10,Oct
3591,Direct,Mobile,West,Retargeting,18-24,2024-10-26 04:00:00,172,8,1.32,Checkout,0,0.0,10,Oct
3592,Organic Search,Desktop,West,Seasonal Offer,18-24,2024-10-26 06:00:00,607,7,2.09,Awareness,0,0.0,10,Oct
3593,Social Media,Desktop,East,Seasonal Offer,25-34,2024-10-26 08:00:00,569,11,12.28,Converted,1,49.0,10,Oct
3594,Social Media,Tablet,East,Seasonal Offer,25-34,2024-10-26 10:00:00,154,6,3.88,Bounced,0,0.0,10,Oct
3595,Paid Search,Mobile,South,Seasonal Offer,45-54,2024-10-26 12:00:00,241,14,5.66,Bounced,0,0.0,10,Oct
3596,Social Media,Mobile,South,Lead Gen,25-34,2024-10-26 14:00:00,457,12,2.61,Bounced,0,0.0,10,Oct
3597,Organic Search,Mobile,South,Brand Awareness,45-54,2024-10-26 16:00:00,466,7,3.33,Bounced,0,0.0,10,Oct
3598,Social Media,Desktop,North,Brand Awareness,25-34,2024-10-26 18:00:00,621,4,11.74,Converted,1,149.0,10,Oct
3599,Paid Search,Mobile,West,Retargeting,25-34,2024-10-26 20:00:00,267,10,4.3,Bounced,0,0.0,10,Oct
3600,Social Media,Mobile,North,Product Launch,35-44,2024-10-26 22:00:00,673,1,7.01,Product View,0,0.0,10,Oct
3601,Organic Search,Desktop,North,Brand Awareness,35-44,2024-10-27 00:00:00,357,5,2.7,Bounced,0,0.0,10,Oct
3602,Social Media,Mobile,West,Product Launch,35-44,2024-10-27 02:00:00,841,8,10.33,Checkout,0,0.0,10,Oct
3603,Organic Search,Mobile,South,Brand Awareness,55+,2024-10-27 04:00:00,148,10,11.06,Product View,0,0.0,10,Oct
3604,Organic Search,Desktop,West,Brand Awareness,25-34,2024-10-27 06:00:00,75,6,5.74,Converted,1,249.0,10,Oct
3605,Organic Search,Desktop,East,Retargeting,25-34,2024-10-27 08:00:00,113,5,11.88,Converted,1,99.0,10,Oct
3606,Organic Search,Desktop,South,Seasonal Offer,45-54,2024-10-27 10:00:00,823,2,3.98,Bounced,0,0.0,10,Oct
3607,Email,Mobile,West,Retargeting,18-24,2024-10-27 12:00:00,381,10,10.53,Bounced,0,0.0,10,Oct
3608,Organic Search,Desktop,North,Brand Awareness,18-24,2024-10-27 14:00:00,42,12,11.08,Product View,0,0.0,10,Oct
3609,Referral,Mobile,West,Seasonal Offer,25-34,2024-10-27 16:00:00,666,5,14.55,Product View,0,0.0,10,Oct
3610,Direct,Mobile,South,Seasonal Offer,35-44,2024-10-27 18:00:00,866,10,3.87,Awareness,0,0.0,10,Oct
3611,Social Media,Desktop,East,Seasonal Offer,25-34,2024-10-27 20:00:00,201,12,1.86,Product View,0,0.0,10,Oct
3612,Organic Search,Tablet,North,Product Launch,25-34,2024-10-27 22:00:00,263,3,4.31,Bounced,0,0.0,10,Oct
3613,Paid Search,Tablet,East,Brand Awareness,25-34,2024-10-28 00:00:00,210,13,2.28,Product View,0,0.0,10,Oct
3614,Email,Desktop,East,Lead Gen,35-44,2024-10-28 02:00:00,80,2,2.96,Product View,0,0.0,10,Oct
3615,Paid Search,Desktop,North,Retargeting,25-34,2024-10-28 04:00:00,810,14,5.34,Bounced,0,0.0,10,Oct
3616,Organic Search,Tablet,West,Product Launch,25-34,2024-10-28 06:00:00,710,3,6.5,Product View,0,0.0,10,Oct
3617,Social Media,Tablet,West,Retargeting,35-44,2024-10-28 08:00:00,424,4,13.6,Awareness,0,0.0,10,Oct
3618,Email,Desktop,East,Lead Gen,55+,2024-10-28 10:00:00,857,2,3.34,Bounced,0,0.0,10,Oct
3619,Email,Desktop,West,Seasonal Offer,35-44,2024-10-28 12:00:00,829,14,14.59,Bounced,0,0.0,10,Oct
3620,Organic Search,Desktop,South,Lead Gen,45-54,2024-10-28 14:00:00,458,4,12.25,Bounced,0,0.0,10,Oct
3621,Social Media,Tablet,East,Retargeting,25-34,2024-10-28 16:00:00,303,4,13.28,Awareness,0,0.0,10,Oct
3622,Organic Search,Desktop,East,Lead Gen,25-34,2024-10-28 18:00:00,890,6,13.98,Checkout,0,0.0,10,Oct
3623,Organic Search,Mobile,East,Brand Awareness,25-34,2024-10-28 20:00:00,236,12,11.42,Checkout,0,0.0,10,Oct
3624,Referral,Mobile,South,Lead Gen,45-54,2024-10-28 22:00:00,177,5,11.94,Converted,1,49.0,10,Oct
3625,Organic Search,Desktop,East,Brand Awareness,25-34,2024-10-29 00:00:00,329,7,6.85,Bounced,0,0.0,10,Oct
3626,Organic Search,Mobile,West,Lead Gen,45-54,2024-10-29 02:00:00,482,11,7.9,Checkout,0,0.0,10,Oct
3627,Organic Search,Desktop,West,Brand Awareness,55+,2024-10-29 04:00:00,578,7,14.02,Awareness,0,0.0,10,Oct
3628,Referral,Mobile,West,Brand Awareness,18-24,2024-10-29 06:00:00,702,3,5.98,Bounced,0,0.0,10,Oct
3629,Email,Desktop,West,Lead Gen,18-24,2024-10-29 08:00:00,412,9,1.11,Bounced,0,0.0,10,Oct
3630,Social Media,Mobile,East,Product Launch,18-24,2024-10-29 10:00:00,816,7,11.56,Converted,1,249.0,10,Oct
3631,Email,Mobile,South,Seasonal Offer,25-34,2024-10-29 12:00:00,829,7,8.81,Checkout,0,0.0,10,Oct
3632,Organic Search,Desktop,North,Seasonal Offer,18-24,2024-10-29 14:00:00,647,2,12.32,Bounced,0,0.0,10,Oct
3633,Paid Search,Desktop,West,Seasonal Offer,45-54,2024-10-29 16:00:00,563,12,1.6,Awareness,0,0.0,10,Oct
3634,Paid Search,Desktop,North,Brand Awareness,18-24,2024-10-29 18:00:00,262,10,9.51,Bounced,0,0.0,10,Oct
3635,Organic Search,Desktop,North,Seasonal Offer,25-34,2024-10-29 20:00:00,663,3,4.09,Bounced,0,0.0,10,Oct
3636,Paid Search,Mobile,East,Brand Awareness,25-34,2024-10-29 22:00:00,158,3,13.6,Product View,0,0.0,10,Oct
3637,Referral,Mobile,West,Product Launch,55+,2024-10-30 00:00:00,851,12,2.09,Checkout,0,0.0,10,Oct
3638,Organic Search,Desktop,West,Lead Gen,35-44,2024-10-30 02:00:00,758,13,12.72,Product View,0,0.0,10,Oct
3639,Organic Search,Mobile,West,Lead Gen,55+,2024-10-30 04:00:00,689,6,1.78,Awareness,0,0.0,10,Oct
3640,Organic Search,Mobile,North,Brand Awareness,55+,2024-10-30 06:00:00,599,4,0.86,Checkout,0,0.0,10,Oct
3641,Organic Search,Mobile,West,Brand Awareness,25-34,2024-10-30 08:00:00,266,4,3.91,Bounced,0,0.0,10,Oct
3642,Referral,Desktop,West,Product Launch,25-34,2024-10-30 10:00:00,611,1,5.33,Bounced,0,0.0,10,Oct
3643,Paid Search,Desktop,South,Seasonal Offer,25-34,2024-10-30 12:00:00,730,6,9.58,Checkout,0,0.0,10,Oct
3644,Paid Search,Desktop,East,Product Launch,25-34,2024-10-30 14:00:00,783,8,2.41,Bounced,0,0.0,10,Oct
3645,Email,Mobile,West,Lead Gen,35-44,2024-10-30 16:00:00,604,8,6.84,Product View,0,0.0,10,Oct
3646,Organic Search,Desktop,West,Lead Gen,18-24,2024-10-30 18:00:00,514,8,3.46,Bounced,0,0.0,10,Oct
3647,Paid Search,Desktop,East,Seasonal Offer,18-24,2024-10-30 20:00:00,270,5,12.9,Converted,1,149.0,10,Oct
3648,Paid Search,Desktop,East,Lead Gen,35-44,2024-10-30 22:00:00,726,10,1.15,Checkout,0,0.0,10,Oct
3649,Social Media,Mobile,North,Brand Awareness,35-44,2024-10-31 00:00:00,800,6,5.66,Product View,0,0.0,10,Oct
3650,Direct,Desktop,North,Lead Gen,35-44,2024-10-31 02:00:00,770,5,9.65,Checkout,0,0.0,10,Oct
3651,Email,Desktop,North,Retargeting,25-34,2024-10-31 04:00:00,252,4,13.74,Converted,1,149.0,10,Oct
3652,Paid Search,Desktop,East,Seasonal Offer,45-54,2024-10-31 06:00:00,128,12,13.09,Bounced,0,0.0,10,Oct
3653,Email,Desktop,South,Seasonal Offer,35-44,2024-10-31 08:00:00,788,4,13.48,Checkout,0,0.0,10,Oct
3654,Organic Search,Mobile,West,Seasonal Offer,18-24,2024-10-31 10:00:00,586,4,1.41,Bounced,0,0.0,10,Oct
3655,Organic Search,Desktop,East,Retargeting,45-54,2024-10-31 12:00:00,302,4,12.69,Awareness,0,0.0,10,Oct
3656,Organic Search,Desktop,South,Product Launch,55+,2024-10-31 14:00:00,428,14,11.81,Converted,1,49.0,10,Oct
3657,Paid Search,Mobile,East,Brand Awareness,18-24,2024-10-31 16:00:00,546,6,13.59,Awareness,0,0.0,10,Oct
3658,Paid Search,Desktop,South,Seasonal Offer,25-34,2024-10-31 18:00:00,459,6,5.02,Bounced,0,0.0,10,Oct
3659,Social Media,Desktop,East,Lead Gen,25-34,2024-10-31 20:00:00,552,5,13.72,Awareness,0,0.0,10,Oct
3660,Referral,Mobile,East,Brand Awareness,18-24,2024-10-31 22:00:00,377,12,6.34,Converted,1,99.0,10,Oct
3661,Paid Search,Desktop,South,Lead Gen,45-54,2024-11-01 00:00:00,580,11,9.69,Bounced,0,0.0,11,Nov
3662,Paid Search,Desktop,South,Brand Awareness,25-34,2024-11-01 02:00:00,480,14,6.65,Checkout,0,0.0,11,Nov
3663,Organic Search,Desktop,South,Brand Awareness,45-54,2024-11-01 04:00:00,71,11,6.7,Awareness,0,0.0,11,Nov
3664,Organic Search,Desktop,South,Lead Gen,35-44,2024-11-01 06:00:00,744,9,8.43,Product View,0,0.0,11,Nov
3665,Social Media,Mobile,South,Lead Gen,35-44,2024-11-01 08:00:00,123,8,5.66,Product View,0,0.0,11,Nov
3666,Paid Search,Mobile,South,Brand Awareness,25-34,2024-11-01 10:00:00,515,10,11.99,Checkout,0,0.0,11,Nov
3667,Email,Mobile,South,Seasonal Offer,25-34,2024-11-01 12:00:00,546,6,9.69,Bounced,0,0.0,11,Nov
3668,Organic Search,Desktop,South,Lead Gen,18-24,2024-11-01 14:00:00,593,11,10.5,Bounced,0,0.0,11,Nov
3669,Organic Search,Desktop,East,Retargeting,25-34,2024-11-01 16:00:00,179,9,3.85,Product View,0,0.0,11,Nov
3670,Paid Search,Mobile,South,Retargeting,25-34,2024-11-01 18:00:00,746,5,14.56,Checkout,0,0.0,11,Nov
3671,Organic Search,Tablet,South,Brand Awareness,45-54,2024-11-01 20:00:00,841,10,10.07,Converted,1,249.0,11,Nov
3672,Organic Search,Desktop,East,Product Launch,25-34,2024-11-01 22:00:00,528,4,3.36,Converted,1,99.0,11,Nov
3673,Email,Desktop,East,Brand Awareness,45-54,2024-11-02 00:00:00,400,14,11.38,Product View,0,0.0,11,Nov
3674,Organic Search,Desktop,North,Brand Awareness,25-34,2024-11-02 02:00:00,728,6,3.02,Checkout,0,0.0,11,Nov
3675,Social Media,Desktop,North,Seasonal Offer,45-54,2024-11-02 04:00:00,514,4,1.42,Converted,1,149.0,11,Nov
3676,Organic Search,Desktop,South,Seasonal Offer,55+,2024-11-02 06:00:00,694,8,8.15,Product View,0,0.0,11,Nov
3677,Organic Search,Desktop,South,Product Launch,25-34,2024-11-02 08:00:00,412,7,8.53,Bounced,0,0.0,11,Nov
3678,Paid Search,Mobile,North,Product Launch,45-54,2024-11-02 10:00:00,657,5,3.24,Bounced,0,0.0,11,Nov
3679,Email,Mobile,North,Product Launch,35-44,2024-11-02 12:00:00,690,10,5.55,Product View,0,0.0,11,Nov
3680,Paid Search,Desktop,West,Product Launch,45-54,2024-11-02 14:00:00,761,6,14.21,Bounced,0,0.0,11,Nov
3681,Email,Desktop,West,Product Launch,35-44,2024-11-02 16:00:00,221,11,4.63,Checkout,0,0.0,11,Nov
3682,Organic Search,Mobile,South,Brand Awareness,25-34,2024-11-02 18:00:00,774,7,2.76,Product View,0,0.0,11,Nov
3683,Email,Desktop,West,Brand Awareness,25-34,2024-11-02 20:00:00,865,2,14.89,Awareness,0,0.0,11,Nov
3684,Organic Search,Mobile,North,Retargeting,18-24,2024-11-02 22:00:00,250,9,4.88,Bounced,0,0.0,11,Nov
3685,Social Media,Desktop,South,Retargeting,35-44,2024-11-03 00:00:00,76,7,10.36,Awareness,0,0.0,11,Nov
3686,Social Media,Mobile,East,Lead Gen,55+,2024-11-03 02:00:00,156,8,3.86,Awareness,0,0.0,11,Nov
3687,Referral,Desktop,East,Brand Awareness,35-44,2024-11-03 04:00:00,832,14,8.48,Bounced,0,0.0,11,Nov
3688,Paid Search,Desktop,North,Product Launch,25-34,2024-11-03 06:00:00,756,5,6.1,Awareness,0,0.0,11,Nov
3689,Organic Search,Desktop,West,Lead Gen,45-54,2024-11-03 08:00:00,36,3,14.44,Awareness,0,0.0,11,Nov
3690,Organic Search,Desktop,East,Seasonal Offer,45-54,2024-11-03 10:00:00,725,2,6.78,Bounced,0,0.0,11,Nov
3691,Email,Desktop,West,Brand Awareness,25-34,2024-11-03 12:00:00,145,2,8.97,Converted,1,149.0,11,Nov
3692,Social Media,Mobile,East,Retargeting,18-24,2024-11-03 14:00:00,593,3,14.2,Awareness,0,0.0,11,Nov
3693,Email,Desktop,West,Brand Awareness,18-24,2024-11-03 16:00:00,395,1,14.84,Bounced,0,0.0,11,Nov
3694,Organic Search,Desktop,East,Brand Awareness,45-54,2024-11-03 18:00:00,75,1,1.97,Checkout,0,0.0,11,Nov
3695,Paid Search,Mobile,East,Brand Awareness,45-54,2024-11-03 20:00:00,422,7,12.6,Checkout,0,0.0,11,Nov
3696,Organic Search,Mobile,South,Brand Awareness,25-34,2024-11-03 22:00:00,52,10,6.04,Awareness,0,0.0,11,Nov
3697,Direct,Tablet,South,Seasonal Offer,25-34,2024-11-04 00:00:00,160,12,9.13,Converted,1,49.0,11,Nov
3698,Social Media,Mobile,North,Retargeting,45-54,2024-11-04 02:00:00,156,11,5.94,Awareness,0,0.0,11,Nov
3699,Referral,Desktop,East,Brand Awareness,55+,2024-11-04 04:00:00,474,8,6.32,Converted,1,149.0,11,Nov
3700,Organic Search,Mobile,West,Seasonal Offer,45-54,2024-11-04 06:00:00,806,6,2.8,Awareness,0,0.0,11,Nov
3701,Social Media,Tablet,East,Lead Gen,35-44,2024-11-04 08:00:00,338,7,8.81,Bounced,0,0.0,11,Nov
3702,Social Media,Mobile,West,Brand Awareness,25-34,2024-11-04 10:00:00,737,1,8.43,Awareness,0,0.0,11,Nov
3703,Paid Search,Desktop,West,Seasonal Offer,35-44,2024-11-04 12:00:00,462,14,3.25,Product View,0,0.0,11,Nov
3704,Email,Desktop,East,Product Launch,25-34,2024-11-04 14:00:00,502,1,8.36,Converted,1,49.0,11,Nov
3705,Referral,Desktop,West,Lead Gen,45-54,2024-11-04 16:00:00,77,9,14.61,Checkout,0,0.0,11,Nov
3706,Referral,Mobile,North,Retargeting,25-34,2024-11-04 18:00:00,111,5,10.86,Product View,0,0.0,11,Nov
3707,Email,Mobile,South,Brand Awareness,45-54,2024-11-04 20:00:00,138,7,7.47,Converted,1,149.0,11,Nov
3708,Organic Search,Mobile,West,Brand Awareness,25-34,2024-11-04 22:00:00,292,6,13.78,Bounced,0,0.0,11,Nov
3709,Organic Search,Desktop,East,Seasonal Offer,45-54,2024-11-05 00:00:00,896,4,8.84,Awareness,0,0.0,11,Nov
3710,Direct,Mobile,South,Retargeting,25-34,2024-11-05 02:00:00,60,1,2.46,Converted,1,499.0,11,Nov
3711,Organic Search,Mobile,North,Product Launch,25-34,2024-11-05 04:00:00,387,4,8.44,Converted,1,499.0,11,Nov
3712,Social Media,Desktop,West,Lead Gen,35-44,2024-11-05 06:00:00,597,10,3.12,Converted,1,249.0,11,Nov
3713,Social Media,Mobile,West,Retargeting,18-24,2024-11-05 08:00:00,509,10,11.63,Awareness,0,0.0,11,Nov
3714,Social Media,Desktop,South,Brand Awareness,55+,2024-11-05 10:00:00,896,8,14.52,Checkout,0,0.0,11,Nov
3715,Direct,Mobile,West,Seasonal Offer,35-44,2024-11-05 12:00:00,218,13,5.73,Converted,1,99.0,11,Nov
3716,Paid Search,Mobile,East,Product Launch,35-44,2024-11-05 14:00:00,34,12,6.81,Product View,0,0.0,11,Nov
3717,Paid Search,Mobile,South,Seasonal Offer,45-54,2024-11-05 16:00:00,315,11,6.61,Bounced,0,0.0,11,Nov
3718,Organic Search,Mobile,South,Lead Gen,45-54,2024-11-05 18:00:00,819,13,4.64,Awareness,0,0.0,11,Nov
3719,Paid Search,Mobile,West,Retargeting,35-44,2024-11-05 20:00:00,686,1,12.02,Bounced,0,0.0,11,Nov
3720,Organic Search,Desktop,North,Seasonal Offer,55+,2024-11-05 22:00:00,423,2,9.46,Converted,1,149.0,11,Nov
3721,Paid Search,Desktop,North,Seasonal Offer,18-24,2024-11-06 00:00:00,484,8,1.43,Converted,1,149.0,11,Nov
3722,Email,Mobile,North,Brand Awareness,18-24,2024-11-06 02:00:00,737,2,12.66,Converted,1,49.0,11,Nov
3723,Referral,Desktop,North,Seasonal Offer,35-44,2024-11-06 04:00:00,455,11,3.21,Bounced,0,0.0,11,Nov
3724,Organic Search,Desktop,South,Product Launch,25-34,2024-11-06 06:00:00,56,13,14.7,Checkout,0,0.0,11,Nov
3725,Paid Search,Mobile,South,Retargeting,25-34,2024-11-06 08:00:00,156,12,5.96,Product View,0,0.0,11,Nov
3726,Referral,Mobile,West,Lead Gen,25-34,2024-11-06 10:00:00,164,10,9.44,Checkout,0,0.0,11,Nov
3727,Organic Search,Desktop,North,Seasonal Offer,25-34,2024-11-06 12:00:00,564,9,1.63,Bounced,0,0.0,11,Nov
3728,Organic Search,Desktop,North,Product Launch,45-54,2024-11-06 14:00:00,360,3,5.5,Checkout,0,0.0,11,Nov
3729,Organic Search,Desktop,West,Lead Gen,35-44,2024-11-06 16:00:00,658,3,12.13,Product View,0,0.0,11,Nov
3730,Social Media,Desktop,West,Product Launch,55+,2024-11-06 18:00:00,421,6,7.42,Bounced,0,0.0,11,Nov
3731,Organic Search,Desktop,West,Seasonal Offer,45-54,2024-11-06 20:00:00,37,3,13.62,Product View,0,0.0,11,Nov
3732,Direct,Mobile,East,Seasonal Offer,25-34,2024-11-06 22:00:00,642,9,8.84,Product View,0,0.0,11,Nov
3733,Paid Search,Desktop,West,Retargeting,25-34,2024-11-07 00:00:00,290,11,13.96,Awareness,0,0.0,11,Nov
3734,Paid Search,Desktop,West,Brand Awareness,25-34,2024-11-07 02:00:00,228,8,14.75,Bounced,0,0.0,11,Nov
3735,Organic Search,Desktop,East,Product Launch,45-54,2024-11-07 04:00:00,627,4,7.08,Checkout,0,0.0,11,Nov
3736,Paid Search,Tablet,North,Brand Awareness,18-24,2024-11-07 06:00:00,769,6,8.69,Converted,1,49.0,11,Nov
3737,Social Media,Desktop,South,Brand Awareness,25-34,2024-11-07 08:00:00,415,8,12.61,Bounced,0,0.0,11,Nov
3738,Email,Desktop,North,Lead Gen,55+,2024-11-07 10:00:00,501,4,3.71,Checkout,0,0.0,11,Nov
3739,Email,Desktop,South,Lead Gen,35-44,2024-11-07 12:00:00,208,13,12.99,Bounced,0,0.0,11,Nov
3740,Social Media,Mobile,South,Product Launch,25-34,2024-11-07 14:00:00,479,5,9.08,Bounced,0,0.0,11,Nov
3741,Referral,Mobile,West,Brand Awareness,25-34,2024-11-07 16:00:00,269,7,11.02,Product View,0,0.0,11,Nov
3742,Email,Desktop,West,Retargeting,45-54,2024-11-07 18:00:00,553,8,1.66,Converted,1,149.0,11,Nov
3743,Email,Desktop,East,Brand Awareness,45-54,2024-11-07 20:00:00,844,7,11.61,Awareness,0,0.0,11,Nov
3744,Organic Search,Desktop,North,Lead Gen,25-34,2024-11-07 22:00:00,775,8,5.01,Awareness,0,0.0,11,Nov
3745,Organic Search,Mobile,North,Brand Awareness,25-34,2024-11-08 00:00:00,212,4,12.18,Awareness,0,0.0,11,Nov
3746,Organic Search,Mobile,South,Seasonal Offer,45-54,2024-11-08 02:00:00,823,1,7.88,Checkout,0,0.0,11,Nov
3747,Social Media,Desktop,West,Seasonal Offer,45-54,2024-11-08 04:00:00,387,6,4.48,Bounced,0,0.0,11,Nov
3748,Paid Search,Desktop,West,Retargeting,45-54,2024-11-08 06:00:00,405,5,14.32,Product View,0,0.0,11,Nov
3749,Paid Search,Desktop,North,Product Launch,35-44,2024-11-08 08:00:00,731,11,11.59,Converted,1,49.0,11,Nov
3750,Referral,Desktop,East,Brand Awareness,55+,2024-11-08 10:00:00,867,4,14.79,Bounced,0,0.0,11,Nov
3751,Referral,Mobile,West,Seasonal Offer,25-34,2024-11-08 12:00:00,756,2,5.78,Awareness,0,0.0,11,Nov
3752,Referral,Desktop,East,Product Launch,25-34,2024-11-08 14:00:00,799,1,9.91,Checkout,0,0.0,11,Nov
3753,Paid Search,Desktop,North,Seasonal Offer,35-44,2024-11-08 16:00:00,567,9,9.37,Bounced,0,0.0,11,Nov
3754,Social Media,Desktop,North,Product Launch,35-44,2024-11-08 18:00:00,811,12,10.47,Converted,1,249.0,11,Nov
3755,Organic Search,Tablet,East,Product Launch,45-54,2024-11-08 20:00:00,111,2,1.06,Converted,1,99.0,11,Nov
3756,Organic Search,Mobile,West,Seasonal Offer,18-24,2024-11-08 22:00:00,387,9,4.73,Awareness,0,0.0,11,Nov
3757,Organic Search,Desktop,North,Lead Gen,45-54,2024-11-09 00:00:00,214,6,13.69,Converted,1,49.0,11,Nov
3758,Paid Search,Desktop,South,Product Launch,25-34,2024-11-09 02:00:00,317,13,6.65,Bounced,0,0.0,11,Nov
3759,Paid Search,Desktop,North,Brand Awareness,35-44,2024-11-09 04:00:00,91,6,14.43,Bounced,0,0.0,11,Nov
3760,Email,Desktop,West,Seasonal Offer,18-24,2024-11-09 06:00:00,536,2,3.6,Checkout,0,0.0,11,Nov
3761,Organic Search,Desktop,South,Lead Gen,35-44,2024-11-09 08:00:00,491,6,14.96,Bounced,0,0.0,11,Nov
3762,Email,Mobile,North,Seasonal Offer,35-44,2024-11-09 10:00:00,59,3,10.61,Converted,1,99.0,11,Nov
3763,Social Media,Mobile,West,Retargeting,25-34,2024-11-09 12:00:00,60,7,11.76,Awareness,0,0.0,11,Nov
3764,Organic Search,Mobile,West,Brand Awareness,25-34,2024-11-09 14:00:00,322,13,6.25,Bounced,0,0.0,11,Nov
3765,Paid Search,Desktop,North,Retargeting,35-44,2024-11-09 16:00:00,202,10,13.65,Bounced,0,0.0,11,Nov
3766,Organic Search,Mobile,West,Product Launch,45-54,2024-11-09 18:00:00,643,4,8.41,Checkout,0,0.0,11,Nov
3767,Social Media,Mobile,East,Product Launch,25-34,2024-11-09 20:00:00,157,9,10.37,Checkout,0,0.0,11,Nov
3768,Paid Search,Desktop,South,Retargeting,25-34,2024-11-09 22:00:00,115,5,1.87,Checkout,0,0.0,11,Nov
3769,Organic Search,Desktop,East,Retargeting,25-34,2024-11-10 00:00:00,344,12,9.66,Product View,0,0.0,11,Nov
3770,Organic Search,Desktop,North,Product Launch,55+,2024-11-10 02:00:00,57,10,13.25,Awareness,0,0.0,11,Nov
3771,Social Media,Desktop,East,Lead Gen,25-34,2024-11-10 04:00:00,151,3,3.09,Converted,1,249.0,11,Nov
3772,Referral,Desktop,North,Brand Awareness,18-24,2024-11-10 06:00:00,280,1,11.2,Checkout,0,0.0,11,Nov
3773,Paid Search,Mobile,North,Seasonal Offer,45-54,2024-11-10 08:00:00,602,1,0.87,Bounced,0,0.0,11,Nov
3774,Email,Desktop,West,Retargeting,35-44,2024-11-10 10:00:00,432,13,13.93,Checkout,0,0.0,11,Nov
3775,Social Media,Tablet,West,Brand Awareness,18-24,2024-11-10 12:00:00,712,4,14.75,Checkout,0,0.0,11,Nov
3776,Referral,Desktop,North,Seasonal Offer,55+,2024-11-10 14:00:00,472,10,5.64,Bounced,0,0.0,11,Nov
3777,Email,Tablet,South,Seasonal Offer,35-44,2024-11-10 16:00:00,301,10,2.05,Converted,1,249.0,11,Nov
3778,Social Media,Desktop,South,Retargeting,35-44,2024-11-10 18:00:00,866,4,10.05,Bounced,0,0.0,11,Nov
3779,Social Media,Mobile,South,Lead Gen,25-34,2024-11-10 20:00:00,841,9,0.93,Checkout,0,0.0,11,Nov
3780,Referral,Desktop,East,Lead Gen,45-54,2024-11-10 22:00:00,142,8,7.5,Product View,0,0.0,11,Nov
3781,Paid Search,Desktop,North,Brand Awareness,25-34,2024-11-11 00:00:00,735,4,4.44,Product View,0,0.0,11,Nov
3782,Paid Search,Mobile,West,Brand Awareness,25-34,2024-11-11 02:00:00,423,6,7.36,Awareness,0,0.0,11,Nov
3783,Organic Search,Desktop,East,Product Launch,18-24,2024-11-11 04:00:00,48,7,0.76,Product View,0,0.0,11,Nov
3784,Email,Mobile,East,Lead Gen,45-54,2024-11-11 06:00:00,881,10,1.25,Converted,1,49.0,11,Nov
3785,Email,Mobile,West,Brand Awareness,35-44,2024-11-11 08:00:00,634,8,0.73,Product View,0,0.0,11,Nov
3786,Organic Search,Desktop,North,Product Launch,35-44,2024-11-11 10:00:00,758,4,9.48,Product View,0,0.0,11,Nov
3787,Social Media,Desktop,East,Seasonal Offer,25-34,2024-11-11 12:00:00,494,1,8.62,Checkout,0,0.0,11,Nov
3788,Paid Search,Mobile,North,Brand Awareness,35-44,2024-11-11 14:00:00,720,5,3.88,Bounced,0,0.0,11,Nov
3789,Organic Search,Desktop,North,Product Launch,45-54,2024-11-11 16:00:00,220,14,9.88,Bounced,0,0.0,11,Nov
3790,Direct,Mobile,North,Lead Gen,25-34,2024-11-11 18:00:00,522,1,13.32,Bounced,0,0.0,11,Nov
3791,Organic Search,Mobile,West,Seasonal Offer,45-54,2024-11-11 20:00:00,192,11,4.52,Awareness,0,0.0,11,Nov
3792,Organic Search,Desktop,North,Brand Awareness,25-34,2024-11-11 22:00:00,641,11,12.56,Converted,1,149.0,11,Nov
3793,Social Media,Desktop,East,Lead Gen,45-54,2024-11-12 00:00:00,728,4,10.11,Awareness,0,0.0,11,Nov
3794,Email,Mobile,West,Seasonal Offer,18-24,2024-11-12 02:00:00,324,7,0.99,Bounced,0,0.0,11,Nov
3795,Organic Search,Desktop,West,Retargeting,35-44,2024-11-12 04:00:00,608,7,5.94,Converted,1,99.0,11,Nov
3796,Social Media,Desktop,East,Lead Gen,55+,2024-11-12 06:00:00,102,1,7.86,Awareness,0,0.0,11,Nov
3797,Social Media,Desktop,West,Retargeting,55+,2024-11-12 08:00:00,773,9,11.11,Awareness,0,0.0,11,Nov
3798,Organic Search,Mobile,East,Brand Awareness,25-34,2024-11-12 10:00:00,730,2,4.66,Converted,1,149.0,11,Nov
3799,Organic Search,Desktop,South,Product Launch,25-34,2024-11-12 12:00:00,591,5,14.75,Checkout,0,0.0,11,Nov
3800,Social Media,Desktop,East,Brand Awareness,18-24,2024-11-12 14:00:00,338,6,10.43,Bounced,0,0.0,11,Nov
3801,Organic Search,Mobile,West,Lead Gen,45-54,2024-11-12 16:00:00,331,1,5.91,Bounced,0,0.0,11,Nov
3802,Referral,Desktop,East,Retargeting,35-44,2024-11-12 18:00:00,337,14,1.91,Checkout,0,0.0,11,Nov
3803,Email,Desktop,South,Retargeting,25-34,2024-11-12 20:00:00,153,12,3.13,Product View,0,0.0,11,Nov
3804,Direct,Tablet,North,Seasonal Offer,18-24,2024-11-12 22:00:00,698,2,7.57,Converted,1,149.0,11,Nov
3805,Organic Search,Mobile,North,Brand Awareness,55+,2024-11-13 00:00:00,290,7,7.67,Awareness,0,0.0,11,Nov
3806,Direct,Mobile,North,Brand Awareness,35-44,2024-11-13 02:00:00,224,6,11.63,Bounced,0,0.0,11,Nov
3807,Paid Search,Desktop,West,Lead Gen,25-34,2024-11-13 04:00:00,871,6,11.03,Awareness,0,0.0,11,Nov
3808,Paid Search,Mobile,South,Retargeting,25-34,2024-11-13 06:00:00,380,6,3.42,Bounced,0,0.0,11,Nov
3809,Organic Search,Desktop,East,Lead Gen,25-34,2024-11-13 08:00:00,872,14,9.13,Product View,0,0.0,11,Nov
3810,Organic Search,Desktop,East,Lead Gen,35-44,2024-11-13 10:00:00,797,14,0.8,Product View,0,0.0,11,Nov
3811,Social Media,Desktop,East,Retargeting,55+,2024-11-13 12:00:00,518,7,6.28,Bounced,0,0.0,11,Nov
3812,Paid Search,Desktop,East,Lead Gen,45-54,2024-11-13 14:00:00,229,10,11.58,Bounced,0,0.0,11,Nov
3813,Organic Search,Mobile,West,Retargeting,25-34,2024-11-13 16:00:00,537,12,6.29,Awareness,0,0.0,11,Nov
3814,Social Media,Desktop,West,Lead Gen,45-54,2024-11-13 18:00:00,609,14,12.62,Bounced,0,0.0,11,Nov
3815,Organic Search,Mobile,South,Product Launch,25-34,2024-11-13 20:00:00,475,14,14.65,Bounced,0,0.0,11,Nov
3816,Social Media,Mobile,East,Lead Gen,25-34,2024-11-13 22:00:00,109,12,9.3,Bounced,0,0.0,11,Nov
3817,Paid Search,Mobile,North,Lead Gen,55+,2024-11-14 00:00:00,774,9,2.6,Bounced,0,0.0,11,Nov
3818,Email,Desktop,West,Product Launch,25-34,2024-11-14 02:00:00,727,9,6.01,Converted,1,49.0,11,Nov
3819,Email,Mobile,South,Brand Awareness,25-34,2024-11-14 04:00:00,646,2,0.64,Checkout,0,0.0,11,Nov
3820,Paid Search,Desktop,South,Retargeting,55+,2024-11-14 06:00:00,498,2,9.24,Awareness,0,0.0,11,Nov
3821,Paid Search,Desktop,West,Seasonal Offer,18-24,2024-11-14 08:00:00,866,5,12.41,Product View,0,0.0,11,Nov
3822,Paid Search,Tablet,North,Product Launch,45-54,2024-11-14 10:00:00,471,10,9.63,Bounced,0,0.0,11,Nov
3823,Email,Desktop,North,Brand Awareness,55+,2024-11-14 12:00:00,683,7,11.9,Converted,1,99.0,11,Nov
3824,Paid Search,Desktop,East,Lead Gen,35-44,2024-11-14 14:00:00,301,12,12.1,Checkout,0,0.0,11,Nov
3825,Organic Search,Mobile,West,Brand Awareness,18-24,2024-11-14 16:00:00,372,14,12.84,Bounced,0,0.0,11,Nov
3826,Organic Search,Desktop,North,Product Launch,25-34,2024-11-14 18:00:00,153,12,4.37,Converted,1,99.0,11,Nov
3827,Paid Search,Mobile,West,Lead Gen,18-24,2024-11-14 20:00:00,252,13,13.13,Checkout,0,0.0,11,Nov
3828,Paid Search,Desktop,South,Brand Awareness,25-34,2024-11-14 22:00:00,519,3,9.98,Product View,0,0.0,11,Nov
3829,Email,Desktop,South,Seasonal Offer,45-54,2024-11-15 00:00:00,715,3,4.7,Awareness,0,0.0,11,Nov
3830,Organic Search,Desktop,South,Retargeting,25-34,2024-11-15 02:00:00,732,4,14.82,Awareness,0,0.0,11,Nov
3831,Paid Search,Desktop,West,Retargeting,25-34,2024-11-15 04:00:00,681,3,14.28,Bounced,0,0.0,11,Nov
3832,Email,Desktop,East,Product Launch,35-44,2024-11-15 06:00:00,326,3,8.83,Converted,1,49.0,11,Nov
3833,Email,Mobile,East,Lead Gen,35-44,2024-11-15 08:00:00,148,8,12.73,Bounced,0,0.0,11,Nov
3834,Paid Search,Mobile,North,Lead Gen,45-54,2024-11-15 10:00:00,816,7,4.29,Checkout,0,0.0,11,Nov
3835,Paid Search,Tablet,West,Retargeting,25-34,2024-11-15 12:00:00,105,13,6.53,Checkout,0,0.0,11,Nov
3836,Paid Search,Desktop,East,Brand Awareness,45-54,2024-11-15 14:00:00,650,7,3.17,Product View,0,0.0,11,Nov
3837,Referral,Mobile,West,Lead Gen,35-44,2024-11-15 16:00:00,660,14,8.04,Converted,1,49.0,11,Nov
3838,Organic Search,Mobile,East,Seasonal Offer,25-34,2024-11-15 18:00:00,287,10,7.69,Product View,0,0.0,11,Nov
3839,Referral,Tablet,South,Seasonal Offer,25-34,2024-11-15 20:00:00,561,2,3.59,Checkout,0,0.0,11,Nov
3840,Social Media,Desktop,South,Lead Gen,25-34,2024-11-15 22:00:00,660,11,10.26,Checkout,0,0.0,11,Nov
3841,Social Media,Mobile,North,Lead Gen,35-44,2024-11-16 00:00:00,380,9,2.21,Bounced,0,0.0,11,Nov
3842,Organic Search,Mobile,South,Retargeting,25-34,2024-11-16 02:00:00,678,13,1.39,Product View,0,0.0,11,Nov
3843,Paid Search,Desktop,East,Product Launch,55+,2024-11-16 04:00:00,306,6,6.08,Bounced,0,0.0,11,Nov
3844,Paid Search,Mobile,North,Retargeting,35-44,2024-11-16 06:00:00,284,14,6.44,Bounced,0,0.0,11,Nov
3845,Organic Search,Desktop,North,Product Launch,55+,2024-11-16 08:00:00,293,3,5.14,Converted,1,49.0,11,Nov
3846,Social Media,Mobile,South,Seasonal Offer,18-24,2024-11-16 10:00:00,708,9,4.24,Awareness,0,0.0,11,Nov
3847,Direct,Tablet,West,Product Launch,25-34,2024-11-16 12:00:00,706,9,5.41,Product View,0,0.0,11,Nov
3848,Social Media,Mobile,South,Retargeting,18-24,2024-11-16 14:00:00,58,6,2.87,Bounced,0,0.0,11,Nov
3849,Social Media,Desktop,South,Lead Gen,25-34,2024-11-16 16:00:00,496,13,6.35,Bounced,0,0.0,11,Nov
3850,Organic Search,Desktop,North,Product Launch,45-54,2024-11-16 18:00:00,64,10,13.62,Awareness,0,0.0,11,Nov
3851,Paid Search,Tablet,South,Retargeting,18-24,2024-11-16 20:00:00,778,6,3.75,Converted,1,149.0,11,Nov
3852,Organic Search,Desktop,East,Seasonal Offer,25-34,2024-11-16 22:00:00,323,8,10.42,Product View,0,0.0,11,Nov
3853,Social Media,Desktop,North,Product Launch,18-24,2024-11-17 00:00:00,631,8,2.56,Bounced,0,0.0,11,Nov
3854,Referral,Mobile,South,Seasonal Offer,25-34,2024-11-17 02:00:00,232,6,5.63,Awareness,0,0.0,11,Nov
3855,Social Media,Desktop,West,Seasonal Offer,45-54,2024-11-17 04:00:00,769,7,5.16,Bounced,0,0.0,11,Nov
3856,Organic Search,Desktop,East,Brand Awareness,35-44,2024-11-17 06:00:00,97,4,14.09,Awareness,0,0.0,11,Nov
3857,Paid Search,Desktop,West,Product Launch,35-44,2024-11-17 08:00:00,160,1,6.71,Converted,1,49.0,11,Nov
3858,Social Media,Desktop,East,Retargeting,25-34,2024-11-17 10:00:00,140,4,10.51,Bounced,0,0.0,11,Nov
3859,Paid Search,Mobile,West,Product Launch,55+,2024-11-17 12:00:00,553,8,9.24,Bounced,0,0.0,11,Nov
3860,Email,Mobile,South,Product Launch,35-44,2024-11-17 14:00:00,317,12,2.54,Converted,1,99.0,11,Nov
3861,Email,Mobile,East,Seasonal Offer,25-34,2024-11-17 16:00:00,716,13,14.12,Converted,1,149.0,11,Nov
3862,Social Media,Mobile,North,Seasonal Offer,25-34,2024-11-17 18:00:00,860,8,5.52,Awareness,0,0.0,11,Nov
3863,Paid Search,Mobile,North,Seasonal Offer,55+,2024-11-17 20:00:00,695,14,1.15,Bounced,0,0.0,11,Nov
3864,Organic Search,Mobile,West,Seasonal Offer,35-44,2024-11-17 22:00:00,72,2,4.86,Product View,0,0.0,11,Nov
3865,Organic Search,Desktop,West,Retargeting,35-44,2024-11-18 00:00:00,746,7,5.37,Converted,1,249.0,11,Nov
3866,Paid Search,Mobile,West,Lead Gen,25-34,2024-11-18 02:00:00,713,13,1.84,Awareness,0,0.0,11,Nov
3867,Paid Search,Desktop,East,Brand Awareness,25-34,2024-11-18 04:00:00,323,1,9.49,Product View,0,0.0,11,Nov
3868,Social Media,Mobile,North,Seasonal Offer,35-44,2024-11-18 06:00:00,314,2,5.53,Product View,0,0.0,11,Nov
3869,Social Media,Mobile,South,Seasonal Offer,35-44,2024-11-18 08:00:00,852,14,9.62,Bounced,0,0.0,11,Nov
3870,Organic Search,Desktop,East,Brand Awareness,35-44,2024-11-18 10:00:00,593,8,0.6,Bounced,0,0.0,11,Nov
3871,Paid Search,Tablet,West,Seasonal Offer,35-44,2024-11-18 12:00:00,656,11,14.74,Awareness,0,0.0,11,Nov
3872,Organic Search,Desktop,North,Lead Gen,25-34,2024-11-18 14:00:00,48,10,2.97,Awareness,0,0.0,11,Nov
3873,Organic Search,Mobile,West,Product Launch,45-54,2024-11-18 16:00:00,536,13,10.06,Awareness,0,0.0,11,Nov
3874,Email,Desktop,South,Brand Awareness,55+,2024-11-18 18:00:00,576,13,10.88,Product View,0,0.0,11,Nov
3875,Organic Search,Tablet,South,Retargeting,45-54,2024-11-18 20:00:00,77,4,2.99,Checkout,0,0.0,11,Nov
3876,Paid Search,Desktop,North,Brand Awareness,25-34,2024-11-18 22:00:00,774,14,2.12,Product View,0,0.0,11,Nov
3877,Organic Search,Desktop,East,Lead Gen,25-34,2024-11-19 00:00:00,248,3,2.71,Checkout,0,0.0,11,Nov
3878,Referral,Desktop,South,Retargeting,45-54,2024-11-19 02:00:00,651,14,4.08,Bounced,0,0.0,11,Nov
3879,Social Media,Desktop,South,Product Launch,35-44,2024-11-19 04:00:00,795,2,2.94,Bounced,0,0.0,11,Nov
3880,Organic Search,Desktop,South,Seasonal Offer,35-44,2024-11-19 06:00:00,217,11,10.27,Awareness,0,0.0,11,Nov
3881,Paid Search,Mobile,South,Brand Awareness,55+,2024-11-19 08:00:00,60,6,6.6,Bounced,0,0.0,11,Nov
3882,Email,Desktop,West,Retargeting,35-44,2024-11-19 10:00:00,288,4,8.3,Bounced,0,0.0,11,Nov
3883,Direct,Desktop,West,Brand Awareness,35-44,2024-11-19 12:00:00,704,3,1.19,Bounced,0,0.0,11,Nov
3884,Organic Search,Desktop,East,Product Launch,18-24,2024-11-19 14:00:00,373,3,12.99,Checkout,0,0.0,11,Nov
3885,Referral,Mobile,North,Brand Awareness,18-24,2024-11-19 16:00:00,337,10,2.97,Awareness,0,0.0,11,Nov
3886,Referral,Mobile,North,Retargeting,18-24,2024-11-19 18:00:00,100,3,5.72,Awareness,0,0.0,11,Nov
3887,Referral,Mobile,North,Lead Gen,55+,2024-11-19 20:00:00,336,12,1.54,Awareness,0,0.0,11,Nov
3888,Social Media,Mobile,South,Retargeting,25-34,2024-11-19 22:00:00,597,8,2.48,Product View,0,0.0,11,Nov
3889,Social Media,Desktop,West,Brand Awareness,25-34,2024-11-20 00:00:00,128,9,10.15,Bounced,0,0.0,11,Nov
3890,Paid Search,Desktop,West,Product Launch,45-54,2024-11-20 02:00:00,50,9,10.54,Product View,0,0.0,11,Nov
3891,Email,Desktop,East,Seasonal Offer,35-44,2024-11-20 04:00:00,649,5,10.32,Bounced,0,0.0,11,Nov
3892,Social Media,Mobile,North,Seasonal Offer,35-44,2024-11-20 06:00:00,594,1,8.51,Bounced,0,0.0,11,Nov
3893,Social Media,Tablet,West,Product Launch,25-34,2024-11-20 08:00:00,35,10,14.31,Checkout,0,0.0,11,Nov
3894,Paid Search,Desktop,East,Brand Awareness,45-54,2024-11-20 10:00:00,260,5,7.85,Checkout,0,0.0,11,Nov
3895,Email,Desktop,North,Product Launch,25-34,2024-11-20 12:00:00,111,1,7.02,Awareness,0,0.0,11,Nov
3896,Email,Desktop,South,Brand Awareness,18-24,2024-11-20 14:00:00,246,9,4.09,Product View,0,0.0,11,Nov
3897,Organic Search,Desktop,West,Retargeting,25-34,2024-11-20 16:00:00,364,13,1.93,Awareness,0,0.0,11,Nov
3898,Email,Mobile,West,Lead Gen,25-34,2024-11-20 18:00:00,588,10,8.45,Awareness,0,0.0,11,Nov
3899,Social Media,Desktop,North,Brand Awareness,25-34,2024-11-20 20:00:00,893,13,5.07,Bounced,0,0.0,11,Nov
3900,Email,Tablet,South,Seasonal Offer,35-44,2024-11-20 22:00:00,782,8,8.1,Converted,1,149.0,11,Nov
3901,Paid Search,Desktop,South,Seasonal Offer,25-34,2024-11-21 00:00:00,719,7,3.49,Awareness,0,0.0,11,Nov
3902,Paid Search,Tablet,West,Lead Gen,35-44,2024-11-21 02:00:00,623,2,12.65,Bounced,0,0.0,11,Nov
3903,Referral,Mobile,North,Brand Awareness,18-24,2024-11-21 04:00:00,828,2,15.0,Bounced,0,0.0,11,Nov
3904,Organic Search,Mobile,East,Lead Gen,18-24,2024-11-21 06:00:00,733,14,5.17,Checkout,0,0.0,11,Nov
3905,Email,Mobile,West,Retargeting,35-44,2024-11-21 08:00:00,684,4,12.71,Converted,1,499.0,11,Nov
3906,Paid Search,Mobile,South,Lead Gen,55+,2024-11-21 10:00:00,855,9,13.16,Checkout,0,0.0,11,Nov
3907,Paid Search,Mobile,East,Retargeting,45-54,2024-11-21 12:00:00,820,14,14.94,Bounced,0,0.0,11,Nov
3908,Paid Search,Mobile,North,Seasonal Offer,55+,2024-11-21 14:00:00,582,9,5.47,Product View,0,0.0,11,Nov
3909,Social Media,Mobile,South,Retargeting,35-44,2024-11-21 16:00:00,488,14,11.46,Awareness,0,0.0,11,Nov
3910,Paid Search,Tablet,East,Brand Awareness,35-44,2024-11-21 18:00:00,812,8,3.82,Converted,1,49.0,11,Nov
3911,Organic Search,Mobile,West,Brand Awareness,35-44,2024-11-21 20:00:00,116,11,9.56,Converted,1,149.0,11,Nov
3912,Organic Search,Mobile,South,Brand Awareness,35-44,2024-11-21 22:00:00,544,5,10.72,Awareness,0,0.0,11,Nov
3913,Organic Search,Mobile,North,Brand Awareness,18-24,2024-11-22 00:00:00,752,14,11.25,Awareness,0,0.0,11,Nov
3914,Direct,Desktop,South,Product Launch,35-44,2024-11-22 02:00:00,542,7,3.5,Product View,0,0.0,11,Nov
3915,Direct,Desktop,West,Retargeting,25-34,2024-11-22 04:00:00,616,12,12.81,Converted,1,49.0,11,Nov
3916,Paid Search,Desktop,North,Brand Awareness,25-34,2024-11-22 06:00:00,507,9,6.6,Product View,0,0.0,11,Nov
3917,Email,Mobile,West,Lead Gen,35-44,2024-11-22 08:00:00,527,3,3.64,Bounced,0,0.0,11,Nov
3918,Paid Search,Mobile,East,Lead Gen,18-24,2024-11-22 10:00:00,772,4,8.37,Converted,1,149.0,11,Nov
3919,Social Media,Desktop,South,Product Launch,25-34,2024-11-22 12:00:00,478,2,13.02,Bounced,0,0.0,11,Nov
3920,Email,Mobile,West,Retargeting,18-24,2024-11-22 14:00:00,617,9,14.52,Converted,1,99.0,11,Nov
3921,Referral,Mobile,East,Retargeting,55+,2024-11-22 16:00:00,289,7,11.35,Converted,1,149.0,11,Nov
3922,Paid Search,Desktop,North,Retargeting,18-24,2024-11-22 18:00:00,566,6,0.58,Product View,0,0.0,11,Nov
3923,Email,Mobile,North,Product Launch,25-34,2024-11-22 20:00:00,229,5,2.45,Bounced,0,0.0,11,Nov
3924,Organic Search,Mobile,East,Retargeting,45-54,2024-11-22 22:00:00,492,12,1.61,Checkout,0,0.0,11,Nov
3925,Direct,Desktop,East,Retargeting,25-34,2024-11-23 00:00:00,123,7,1.97,Awareness,0,0.0,11,Nov
3926,Organic Search,Mobile,North,Brand Awareness,18-24,2024-11-23 02:00:00,381,3,6.05,Awareness,0,0.0,11,Nov
3927,Social Media,Mobile,West,Retargeting,25-34,2024-11-23 04:00:00,137,5,5.41,Checkout,0,0.0,11,Nov
3928,Social Media,Desktop,East,Brand Awareness,18-24,2024-11-23 06:00:00,384,2,2.15,Product View,0,0.0,11,Nov
3929,Social Media,Desktop,West,Brand Awareness,25-34,2024-11-23 08:00:00,498,5,13.29,Bounced,0,0.0,11,Nov
3930,Organic Search,Tablet,North,Retargeting,18-24,2024-11-23 10:00:00,124,7,9.42,Converted,1,99.0,11,Nov
3931,Referral,Desktop,West,Lead Gen,25-34,2024-11-23 12:00:00,897,11,12.05,Awareness,0,0.0,11,Nov
3932,Organic Search,Desktop,West,Seasonal Offer,45-54,2024-11-23 14:00:00,120,10,5.89,Bounced,0,0.0,11,Nov
3933,Social Media,Desktop,East,Lead Gen,35-44,2024-11-23 16:00:00,73,11,6.45,Checkout,0,0.0,11,Nov
3934,Organic Search,Mobile,West,Retargeting,35-44,2024-11-23 18:00:00,485,7,5.11,Product View,0,0.0,11,Nov
3935,Paid Search,Mobile,West,Retargeting,25-34,2024-11-23 20:00:00,413,9,6.86,Checkout,0,0.0,11,Nov
3936,Social Media,Mobile,West,Lead Gen,25-34,2024-11-23 22:00:00,52,3,9.35,Product View,0,0.0,11,Nov
3937,Paid Search,Desktop,North,Retargeting,45-54,2024-11-24 00:00:00,731,8,7.65,Converted,1,49.0,11,Nov
3938,Organic Search,Mobile,North,Brand Awareness,18-24,2024-11-24 02:00:00,52,5,12.65,Awareness,0,0.0,11,Nov
3939,Organic Search,Desktop,South,Product Launch,45-54,2024-11-24 04:00:00,263,7,13.55,Bounced,0,0.0,11,Nov
3940,Paid Search,Desktop,North,Retargeting,25-34,2024-11-24 06:00:00,727,1,7.31,Awareness,0,0.0,11,Nov
3941,Email,Desktop,North,Retargeting,45-54,2024-11-24 08:00:00,340,1,3.98,Bounced,0,0.0,11,Nov
3942,Referral,Desktop,South,Lead Gen,25-34,2024-11-24 10:00:00,446,4,14.21,Converted,1,149.0,11,Nov
3943,Organic Search,Mobile,South,Brand Awareness,25-34,2024-11-24 12:00:00,362,5,11.16,Checkout,0,0.0,11,Nov
3944,Paid Search,Tablet,East,Lead Gen,45-54,2024-11-24 14:00:00,604,13,9.78,Product View,0,0.0,11,Nov
3945,Organic Search,Desktop,East,Lead Gen,45-54,2024-11-24 16:00:00,132,10,11.31,Checkout,0,0.0,11,Nov
3946,Organic Search,Mobile,North,Retargeting,25-34,2024-11-24 18:00:00,529,3,1.6,Converted,1,249.0,11,Nov
3947,Social Media,Mobile,West,Brand Awareness,55+,2024-11-24 20:00:00,857,6,1.48,Awareness,0,0.0,11,Nov
3948,Social Media,Tablet,East,Retargeting,18-24,2024-11-24 22:00:00,512,3,2.72,Bounced,0,0.0,11,Nov
3949,Organic Search,Desktop,East,Retargeting,18-24,2024-11-25 00:00:00,218,5,2.64,Bounced,0,0.0,11,Nov
3950,Organic Search,Mobile,North,Retargeting,35-44,2024-11-25 02:00:00,877,11,6.6,Converted,1,49.0,11,Nov
3951,Organic Search,Desktop,West,Retargeting,35-44,2024-11-25 04:00:00,489,13,2.78,Bounced,0,0.0,11,Nov
3952,Email,Mobile,South,Product Launch,55+,2024-11-25 06:00:00,218,1,12.89,Bounced,0,0.0,11,Nov
3953,Direct,Desktop,South,Seasonal Offer,25-34,2024-11-25 08:00:00,380,3,8.88,Checkout,0,0.0,11,Nov
3954,Organic Search,Mobile,North,Brand Awareness,18-24,2024-11-25 10:00:00,610,7,5.84,Converted,1,249.0,11,Nov
3955,Organic Search,Desktop,North,Product Launch,35-44,2024-11-25 12:00:00,143,3,1.51,Bounced,0,0.0,11,Nov
3956,Referral,Desktop,West,Seasonal Offer,25-34,2024-11-25 14:00:00,133,5,9.07,Awareness,0,0.0,11,Nov
3957,Referral,Mobile,North,Seasonal Offer,25-34,2024-11-25 16:00:00,649,7,2.19,Bounced,0,0.0,11,Nov
3958,Paid Search,Mobile,North,Seasonal Offer,25-34,2024-11-25 18:00:00,537,13,11.28,Product View,0,0.0,11,Nov
3959,Organic Search,Mobile,North,Product Launch,18-24,2024-11-25 20:00:00,374,2,12.14,Product View,0,0.0,11,Nov
3960,Organic Search,Mobile,West,Brand Awareness,25-34,2024-11-25 22:00:00,50,3,8.39,Checkout,0,0.0,11,Nov
3961,Social Media,Desktop,North,Lead Gen,25-34,2024-11-26 00:00:00,416,4,2.67,Bounced,0,0.0,11,Nov
3962,Paid Search,Mobile,East,Seasonal Offer,35-44,2024-11-26 02:00:00,807,5,11.91,Checkout,0,0.0,11,Nov
3963,Organic Search,Desktop,West,Lead Gen,35-44,2024-11-26 04:00:00,884,12,4.96,Converted,1,49.0,11,Nov
3964,Social Media,Desktop,East,Lead Gen,25-34,2024-11-26 06:00:00,238,9,3.73,Awareness,0,0.0,11,Nov
3965,Organic Search,Mobile,West,Retargeting,25-34,2024-11-26 08:00:00,711,9,7.32,Checkout,0,0.0,11,Nov
3966,Email,Mobile,East,Lead Gen,25-34,2024-11-26 10:00:00,512,4,13.88,Converted,1,149.0,11,Nov
3967,Paid Search,Mobile,West,Retargeting,25-34,2024-11-26 12:00:00,502,14,4.81,Awareness,0,0.0,11,Nov
3968,Organic Search,Mobile,South,Brand Awareness,35-44,2024-11-26 14:00:00,735,9,13.63,Checkout,0,0.0,11,Nov
3969,Social Media,Mobile,North,Brand Awareness,55+,2024-11-26 16:00:00,888,4,1.28,Awareness,0,0.0,11,Nov
3970,Paid Search,Desktop,North,Retargeting,35-44,2024-11-26 18:00:00,422,2,1.71,Converted,1,499.0,11,Nov
3971,Direct,Desktop,West,Brand Awareness,35-44,2024-11-26 20:00:00,664,10,10.63,Product View,0,0.0,11,Nov
3972,Social Media,Mobile,East,Seasonal Offer,25-34,2024-11-26 22:00:00,718,1,3.26,Checkout,0,0.0,11,Nov
3973,Organic Search,Desktop,South,Brand Awareness,25-34,2024-11-27 00:00:00,545,7,5.09,Converted,1,49.0,11,Nov
3974,Social Media,Desktop,East,Retargeting,55+,2024-11-27 02:00:00,217,4,2.48,Bounced,0,0.0,11,Nov
3975,Organic Search,Desktop,North,Seasonal Offer,55+,2024-11-27 04:00:00,375,12,5.32,Checkout,0,0.0,11,Nov
3976,Referral,Mobile,North,Lead Gen,25-34,2024-11-27 06:00:00,381,8,4.57,Converted,1,99.0,11,Nov
3977,Paid Search,Desktop,East,Lead Gen,25-34,2024-11-27 08:00:00,570,8,11.18,Awareness,0,0.0,11,Nov
3978,Social Media,Mobile,West,Lead Gen,45-54,2024-11-27 10:00:00,627,12,10.68,Checkout,0,0.0,11,Nov
3979,Organic Search,Mobile,West,Retargeting,18-24,2024-11-27 12:00:00,76,8,14.35,Checkout,0,0.0,11,Nov
3980,Paid Search,Desktop,East,Lead Gen,45-54,2024-11-27 14:00:00,106,6,11.0,Awareness,0,0.0,11,Nov
3981,Email,Mobile,North,Brand Awareness,45-54,2024-11-27 16:00:00,372,9,10.57,Awareness,0,0.0,11,Nov
3982,Email,Mobile,East,Lead Gen,18-24,2024-11-27 18:00:00,220,14,10.57,Awareness,0,0.0,11,Nov
3983,Organic Search,Mobile,North,Product Launch,55+,2024-11-27 20:00:00,572,4,13.3,Product View,0,0.0,11,Nov
3984,Organic Search,Mobile,East,Product Launch,55+,2024-11-27 22:00:00,848,5,4.8,Product View,0,0.0,11,Nov
3985,Email,Desktop,West,Lead Gen,55+,2024-11-28 00:00:00,710,4,4.85,Awareness,0,0.0,11,Nov
3986,Referral,Mobile,South,Lead Gen,25-34,2024-11-28 02:00:00,65,5,11.25,Converted,1,99.0,11,Nov
3987,Organic Search,Desktop,North,Product Launch,25-34,2024-11-28 04:00:00,786,2,3.82,Converted,1,99.0,11,Nov
3988,Paid Search,Tablet,South,Lead Gen,35-44,2024-11-28 06:00:00,453,5,13.72,Awareness,0,0.0,11,Nov
3989,Paid Search,Mobile,West,Seasonal Offer,25-34,2024-11-28 08:00:00,380,10,8.25,Product View,0,0.0,11,Nov
3990,Referral,Mobile,East,Product Launch,25-34,2024-11-28 10:00:00,217,8,4.85,Awareness,0,0.0,11,Nov
3991,Organic Search,Desktop,West,Retargeting,25-34,2024-11-28 12:00:00,556,9,11.75,Checkout,0,0.0,11,Nov
3992,Organic Search,Desktop,South,Product Launch,35-44,2024-11-28 14:00:00,363,7,5.03,Checkout,0,0.0,11,Nov
3993,Email,Desktop,West,Brand Awareness,18-24,2024-11-28 16:00:00,512,7,14.47,Bounced,0,0.0,11,Nov
3994,Organic Search,Desktop,West,Seasonal Offer,25-34,2024-11-28 18:00:00,245,14,14.75,Product View,0,0.0,11,Nov
3995,Paid Search,Desktop,East,Retargeting,18-24,2024-11-28 20:00:00,187,6,10.17,Awareness,0,0.0,11,Nov
3996,Paid Search,Mobile,South,Lead Gen,35-44,2024-11-28 22:00:00,696,2,2.15,Converted,1,149.0,11,Nov
3997,Paid Search,Desktop,South,Brand Awareness,35-44,2024-11-29 00:00:00,270,10,4.32,Converted,1,149.0,11,Nov
3998,Paid Search,Tablet,South,Brand Awareness,18-24,2024-11-29 02:00:00,325,12,7.97,Converted,1,499.0,11,Nov
3999,Social Media,Desktop,North,Seasonal Offer,55+,2024-11-29 04:00:00,491,11,12.85,Awareness,0,0.0,11,Nov
4000,Organic Search,Tablet,West,Retargeting,18-24,2024-11-29 06:00:00,74,10,3.18,Bounced,0,0.0,11,Nov
4001,Social Media,Tablet,South,Brand Awareness,35-44,2024-11-29 08:00:00,524,13,2.01,Bounced,0,0.0,11,Nov
4002,Email,Mobile,West,Retargeting,45-54,2024-11-29 10:00:00,204,9,1.58,Product View,0,0.0,11,Nov
4003,Email,Mobile,East,Retargeting,45-54,2024-11-29 12:00:00,375,14,7.85,Bounced,0,0.0,11,Nov
4004,Organic Search,Desktop,East,Brand Awareness,18-24,2024-11-29 14:00:00,85,5,13.33,Awareness,0,0.0,11,Nov
4005,Organic Search,Mobile,North,Retargeting,55+,2024-11-29 16:00:00,595,6,1.11,Checkout,0,0.0,11,Nov
4006,Organic Search,Desktop,North,Seasonal Offer,55+,2024-11-29 18:00:00,370,1,3.58,Converted,1,49.0,11,Nov
4007,Paid Search,Desktop,East,Brand Awareness,35-44,2024-11-29 20:00:00,806,5,10.55,Awareness,0,0.0,11,Nov
4008,Paid Search,Mobile,South,Seasonal Offer,25-34,2024-11-29 22:00:00,780,6,12.48,Checkout,0,0.0,11,Nov
4009,Social Media,Desktop,East,Seasonal Offer,18-24,2024-11-30 00:00:00,862,10,12.21,Awareness,0,0.0,11,Nov
4010,Organic Search,Mobile,West,Retargeting,35-44,2024-11-30 02:00:00,137,11,11.88,Bounced,0,0.0,11,Nov
4011,Organic Search,Desktop,North,Retargeting,25-34,2024-11-30 04:00:00,739,2,2.38,Converted,1,99.0,11,Nov
4012,Paid Search,Desktop,North,Brand Awareness,45-54,2024-11-30 06:00:00,243,7,6.26,Converted,1,99.0,11,Nov
4013,Social Media,Desktop,East,Lead Gen,25-34,2024-11-30 08:00:00,528,14,14.78,Product View,0,0.0,11,Nov
4014,Organic Search,Desktop,South,Brand Awareness,35-44,2024-11-30 10:00:00,787,4,14.84,Awareness,0,0.0,11,Nov
4015,Social Media,Desktop,South,Seasonal Offer,18-24,2024-11-30 12:00:00,426,5,9.24,Product View,0,0.0,11,Nov
4016,Organic Search,Desktop,West,Retargeting,18-24,2024-11-30 14:00:00,579,3,10.78,Product View,0,0.0,11,Nov
4017,Referral,Desktop,North,Seasonal Offer,18-24,2024-11-30 16:00:00,526,5,14.29,Checkout,0,0.0,11,Nov
4018,Referral,Mobile,East,Product Launch,18-24,2024-11-30 18:00:00,202,12,7.02,Product View,0,0.0,11,Nov
4019,Organic Search,Desktop,East,Product Launch,35-44,2024-11-30 20:00:00,134,4,2.48,Checkout,0,0.0,11,Nov
4020,Organic Search,Mobile,North,Seasonal Offer,45-54,2024-11-30 22:00:00,581,12,10.2,Bounced,0,0.0,11,Nov
4021,Paid Search,Desktop,East,Lead Gen,35-44,2024-12-01 00:00:00,508,14,14.42,Product View,0,0.0,12,Dec
4022,Organic Search,Mobile,North,Lead Gen,35-44,2024-12-01 02:00:00,428,10,10.61,Bounced,0,0.0,12,Dec
4023,Social Media,Desktop,South,Brand Awareness,35-44,2024-12-01 04:00:00,463,6,12.15,Bounced,0,0.0,12,Dec
4024,Email,Desktop,South,Brand Awareness,25-34,2024-12-01 06:00:00,671,2,6.63,Product View,0,0.0,12,Dec
4025,Social Media,Mobile,East,Brand Awareness,25-34,2024-12-01 08:00:00,722,3,1.9,Product View,0,0.0,12,Dec
4026,Email,Desktop,South,Retargeting,25-34,2024-12-01 10:00:00,223,12,2.95,Product View,0,0.0,12,Dec
4027,Paid Search,Mobile,South,Lead Gen,35-44,2024-12-01 12:00:00,872,10,14.75,Bounced,0,0.0,12,Dec
4028,Organic Search,Desktop,West,Seasonal Offer,25-34,2024-12-01 14:00:00,830,1,7.65,Product View,0,0.0,12,Dec
4029,Email,Tablet,North,Product Launch,18-24,2024-12-01 16:00:00,495,7,0.67,Converted,1,249.0,12,Dec
4030,Paid Search,Desktop,North,Lead Gen,35-44,2024-12-01 18:00:00,370,9,14.35,Converted,1,49.0,12,Dec
4031,Social Media,Desktop,East,Lead Gen,55+,2024-12-01 20:00:00,88,2,7.72,Product View,0,0.0,12,Dec
4032,Organic Search,Mobile,North,Lead Gen,35-44,2024-12-01 22:00:00,892,7,12.63,Converted,1,499.0,12,Dec
4033,Organic Search,Desktop,West,Brand Awareness,45-54,2024-12-02 00:00:00,567,3,8.45,Bounced,0,0.0,12,Dec
4034,Direct,Mobile,East,Retargeting,35-44,2024-12-02 02:00:00,507,5,1.97,Converted,1,99.0,12,Dec
4035,Organic Search,Desktop,East,Seasonal Offer,25-34,2024-12-02 04:00:00,132,6,9.43,Product View,0,0.0,12,Dec
4036,Direct,Mobile,North,Brand Awareness,35-44,2024-12-02 06:00:00,562,8,14.96,Awareness,0,0.0,12,Dec
4037,Direct,Desktop,South,Retargeting,45-54,2024-12-02 08:00:00,621,4,1.0,Bounced,0,0.0,12,Dec
4038,Email,Mobile,South,Lead Gen,25-34,2024-12-02 10:00:00,868,2,12.71,Checkout,0,0.0,12,Dec
4039,Social Media,Mobile,South,Retargeting,25-34,2024-12-02 12:00:00,740,3,3.91,Checkout,0,0.0,12,Dec
4040,Social Media,Desktop,South,Brand Awareness,25-34,2024-12-02 14:00:00,351,8,6.21,Product View,0,0.0,12,Dec
4041,Referral,Desktop,West,Lead Gen,25-34,2024-12-02 16:00:00,578,7,5.9,Checkout,0,0.0,12,Dec
4042,Organic Search,Desktop,East,Brand Awareness,45-54,2024-12-02 18:00:00,43,6,13.53,Checkout,0,0.0,12,Dec
4043,Paid Search,Tablet,South,Seasonal Offer,25-34,2024-12-02 20:00:00,485,5,7.82,Product View,0,0.0,12,Dec
4044,Social Media,Desktop,West,Lead Gen,25-34,2024-12-02 22:00:00,250,11,6.98,Checkout,0,0.0,12,Dec
4045,Paid Search,Desktop,East,Retargeting,45-54,2024-12-03 00:00:00,420,5,12.36,Bounced,0,0.0,12,Dec
4046,Paid Search,Desktop,North,Brand Awareness,35-44,2024-12-03 02:00:00,707,1,1.21,Converted,1,149.0,12,Dec
4047,Paid Search,Desktop,North,Product Launch,35-44,2024-12-03 04:00:00,202,14,1.75,Product View,0,0.0,12,Dec
4048,Social Media,Mobile,West,Retargeting,45-54,2024-12-03 06:00:00,691,6,0.81,Bounced,0,0.0,12,Dec
4049,Referral,Tablet,East,Retargeting,25-34,2024-12-03 08:00:00,713,13,10.48,Awareness,0,0.0,12,Dec
4050,Organic Search,Mobile,South,Lead Gen,35-44,2024-12-03 10:00:00,110,9,8.12,Checkout,0,0.0,12,Dec
4051,Referral,Mobile,East,Retargeting,18-24,2024-12-03 12:00:00,365,8,13.2,Converted,1,99.0,12,Dec
4052,Social Media,Mobile,South,Brand Awareness,25-34,2024-12-03 14:00:00,254,12,7.73,Bounced,0,0.0,12,Dec
4053,Email,Desktop,West,Product Launch,25-34,2024-12-03 16:00:00,64,10,3.72,Converted,1,249.0,12,Dec
4054,Social Media,Desktop,South,Seasonal Offer,25-34,2024-12-03 18:00:00,899,1,12.17,Bounced,0,0.0,12,Dec
4055,Email,Mobile,West,Product Launch,55+,2024-12-03 20:00:00,217,11,4.77,Bounced,0,0.0,12,Dec
4056,Organic Search,Tablet,East,Brand Awareness,55+,2024-12-03 22:00:00,253,13,14.07,Converted,1,99.0,12,Dec
4057,Email,Mobile,East,Lead Gen,45-54,2024-12-04 00:00:00,672,6,4.13,Awareness,0,0.0,12,Dec
4058,Organic Search,Desktop,South,Brand Awareness,25-34,2024-12-04 02:00:00,523,3,2.93,Bounced,0,0.0,12,Dec
4059,Referral,Desktop,East,Retargeting,55+,2024-12-04 04:00:00,892,6,7.65,Awareness,0,0.0,12,Dec
4060,Direct,Desktop,South,Lead Gen,35-44,2024-12-04 06:00:00,340,9,1.23,Checkout,0,0.0,12,Dec
4061,Organic Search,Tablet,East,Seasonal Offer,25-34,2024-12-04 08:00:00,550,6,1.03,Bounced,0,0.0,12,Dec
4062,Organic Search,Mobile,North,Seasonal Offer,35-44,2024-12-04 10:00:00,610,8,7.69,Awareness,0,0.0,12,Dec
4063,Email,Mobile,South,Brand Awareness,18-24,2024-12-04 12:00:00,569,14,3.62,Awareness,0,0.0,12,Dec
4064,Organic Search,Desktop,West,Retargeting,18-24,2024-12-04 14:00:00,398,6,0.64,Awareness,0,0.0,12,Dec
4065,Referral,Mobile,North,Seasonal Offer,45-54,2024-12-04 16:00:00,504,6,4.79,Converted,1,149.0,12,Dec
4066,Organic Search,Desktop,West,Product Launch,35-44,2024-12-04 18:00:00,775,7,7.42,Converted,1,149.0,12,Dec
4067,Organic Search,Desktop,East,Lead Gen,25-34,2024-12-04 20:00:00,60,11,6.22,Converted,1,99.0,12,Dec
4068,Direct,Mobile,North,Product Launch,35-44,2024-12-04 22:00:00,856,13,2.46,Converted,1,49.0,12,Dec
4069,Social Media,Desktop,East,Seasonal Offer,55+,2024-12-05 00:00:00,261,10,8.91,Converted,1,249.0,12,Dec
4070,Email,Desktop,South,Seasonal Offer,35-44,2024-12-05 02:00:00,879,11,10.8,Checkout,0,0.0,12,Dec
4071,Paid Search,Mobile,West,Brand Awareness,25-34,2024-12-05 04:00:00,526,4,10.3,Converted,1,49.0,12,Dec
4072,Social Media,Mobile,East,Brand Awareness,18-24,2024-12-05 06:00:00,595,13,6.21,Bounced,0,0.0,12,Dec
4073,Social Media,Desktop,West,Lead Gen,25-34,2024-12-05 08:00:00,204,13,2.5,Bounced,0,0.0,12,Dec
4074,Social Media,Mobile,West,Brand Awareness,55+,2024-12-05 10:00:00,327,8,7.74,Awareness,0,0.0,12,Dec
4075,Social Media,Desktop,East,Retargeting,25-34,2024-12-05 12:00:00,820,4,13.41,Awareness,0,0.0,12,Dec
4076,Social Media,Mobile,South,Lead Gen,25-34,2024-12-05 14:00:00,394,7,7.3,Product View,0,0.0,12,Dec
4077,Paid Search,Mobile,West,Retargeting,25-34,2024-12-05 16:00:00,115,1,3.34,Product View,0,0.0,12,Dec
4078,Organic Search,Mobile,East,Brand Awareness,45-54,2024-12-05 18:00:00,606,12,1.85,Awareness,0,0.0,12,Dec
4079,Email,Mobile,South,Lead Gen,35-44,2024-12-05 20:00:00,118,9,14.19,Awareness,0,0.0,12,Dec
4080,Organic Search,Desktop,East,Seasonal Offer,35-44,2024-12-05 22:00:00,83,10,11.27,Converted,1,249.0,12,Dec
4081,Social Media,Desktop,South,Product Launch,25-34,2024-12-06 00:00:00,659,9,5.04,Bounced,0,0.0,12,Dec
4082,Organic Search,Desktop,West,Seasonal Offer,18-24,2024-12-06 02:00:00,390,7,4.78,Bounced,0,0.0,12,Dec
4083,Social Media,Desktop,North,Retargeting,55+,2024-12-06 04:00:00,505,8,13.48,Awareness,0,0.0,12,Dec
4084,Email,Mobile,East,Seasonal Offer,55+,2024-12-06 06:00:00,258,2,3.07,Converted,1,149.0,12,Dec
4085,Organic Search,Desktop,West,Seasonal Offer,55+,2024-12-06 08:00:00,808,10,8.26,Product View,0,0.0,12,Dec
4086,Organic Search,Desktop,East,Product Launch,55+,2024-12-06 10:00:00,860,14,10.85,Product View,0,0.0,12,Dec
4087,Organic Search,Desktop,East,Product Launch,45-54,2024-12-06 12:00:00,563,14,6.25,Product View,0,0.0,12,Dec
4088,Social Media,Tablet,South,Seasonal Offer,35-44,2024-12-06 14:00:00,788,12,1.08,Awareness,0,0.0,12,Dec
4089,Email,Desktop,East,Product Launch,45-54,2024-12-06 16:00:00,402,10,3.8,Converted,1,99.0,12,Dec
4090,Organic Search,Mobile,South,Seasonal Offer,35-44,2024-12-06 18:00:00,498,7,13.58,Converted,1,149.0,12,Dec
4091,Email,Desktop,West,Lead Gen,18-24,2024-12-06 20:00:00,449,1,8.09,Converted,1,149.0,12,Dec
4092,Paid Search,Desktop,East,Seasonal Offer,25-34,2024-12-06 22:00:00,855,3,12.32,Checkout,0,0.0,12,Dec
4093,Paid Search,Desktop,West,Brand Awareness,55+,2024-12-07 00:00:00,561,6,8.56,Checkout,0,0.0,12,Dec
4094,Referral,Mobile,North,Product Launch,25-34,2024-12-07 02:00:00,429,5,14.18,Converted,1,149.0,12,Dec
4095,Paid Search,Mobile,West,Product Launch,45-54,2024-12-07 04:00:00,213,5,13.68,Checkout,0,0.0,12,Dec
4096,Paid Search,Mobile,East,Retargeting,18-24,2024-12-07 06:00:00,890,9,7.5,Bounced,0,0.0,12,Dec
4097,Organic Search,Desktop,North,Retargeting,25-34,2024-12-07 08:00:00,591,6,5.11,Bounced,0,0.0,12,Dec
4098,Organic Search,Desktop,South,Brand Awareness,25-34,2024-12-07 10:00:00,119,3,9.22,Checkout,0,0.0,12,Dec
4099,Organic Search,Tablet,North,Product Launch,18-24,2024-12-07 12:00:00,645,2,10.29,Checkout,0,0.0,12,Dec
4100,Organic Search,Desktop,East,Product Launch,18-24,2024-12-07 14:00:00,735,14,7.73,Bounced,0,0.0,12,Dec
4101,Social Media,Mobile,East,Retargeting,25-34,2024-12-07 16:00:00,412,9,12.42,Bounced,0,0.0,12,Dec
4102,Paid Search,Mobile,West,Retargeting,45-54,2024-12-07 18:00:00,398,10,3.16,Checkout,0,0.0,12,Dec
4103,Social Media,Desktop,South,Seasonal Offer,18-24,2024-12-07 20:00:00,103,14,5.35,Bounced,0,0.0,12,Dec
4104,Organic Search,Mobile,East,Product Launch,25-34,2024-12-07 22:00:00,298,4,10.45,Checkout,0,0.0,12,Dec
4105,Organic Search,Desktop,East,Product Launch,18-24,2024-12-08 00:00:00,44,11,4.08,Awareness,0,0.0,12,Dec
4106,Social Media,Desktop,South,Seasonal Offer,35-44,2024-12-08 02:00:00,358,5,6.88,Bounced,0,0.0,12,Dec
4107,Direct,Desktop,South,Product Launch,35-44,2024-12-08 04:00:00,824,9,14.47,Checkout,0,0.0,12,Dec
4108,Organic Search,Mobile,West,Brand Awareness,35-44,2024-12-08 06:00:00,421,5,9.58,Bounced,0,0.0,12,Dec
4109,Referral,Desktop,North,Retargeting,25-34,2024-12-08 08:00:00,739,7,14.26,Checkout,0,0.0,12,Dec
4110,Social Media,Mobile,South,Retargeting,25-34,2024-12-08 10:00:00,463,2,10.98,Awareness,0,0.0,12,Dec
4111,Social Media,Tablet,East,Retargeting,35-44,2024-12-08 12:00:00,373,2,11.01,Awareness,0,0.0,12,Dec
4112,Paid Search,Mobile,South,Lead Gen,45-54,2024-12-08 14:00:00,224,4,9.08,Bounced,0,0.0,12,Dec
4113,Organic Search,Mobile,East,Brand Awareness,18-24,2024-12-08 16:00:00,65,8,2.56,Converted,1,249.0,12,Dec
4114,Organic Search,Desktop,West,Brand Awareness,25-34,2024-12-08 18:00:00,234,2,8.04,Awareness,0,0.0,12,Dec
4115,Social Media,Desktop,North,Seasonal Offer,25-34,2024-12-08 20:00:00,849,10,4.16,Bounced,0,0.0,12,Dec
4116,Paid Search,Desktop,West,Lead Gen,25-34,2024-12-08 22:00:00,680,7,14.98,Product View,0,0.0,12,Dec
4117,Referral,Mobile,South,Product Launch,35-44,2024-12-09 00:00:00,805,13,4.37,Converted,1,49.0,12,Dec
4118,Paid Search,Tablet,East,Brand Awareness,35-44,2024-12-09 02:00:00,86,13,3.84,Checkout,0,0.0,12,Dec
4119,Organic Search,Tablet,South,Lead Gen,25-34,2024-12-09 04:00:00,139,1,9.55,Awareness,0,0.0,12,Dec
4120,Social Media,Mobile,South,Lead Gen,25-34,2024-12-09 06:00:00,715,9,7.91,Bounced,0,0.0,12,Dec
4121,Organic Search,Mobile,South,Brand Awareness,55+,2024-12-09 08:00:00,525,10,0.81,Product View,0,0.0,12,Dec
4122,Social Media,Desktop,South,Seasonal Offer,45-54,2024-12-09 10:00:00,747,6,2.38,Awareness,0,0.0,12,Dec
4123,Social Media,Mobile,North,Lead Gen,45-54,2024-12-09 12:00:00,254,11,12.26,Product View,0,0.0,12,Dec
4124,Referral,Mobile,East,Retargeting,25-34,2024-12-09 14:00:00,415,1,7.51,Checkout,0,0.0,12,Dec
4125,Email,Desktop,South,Lead Gen,35-44,2024-12-09 16:00:00,93,10,2.62,Checkout,0,0.0,12,Dec
4126,Social Media,Tablet,East,Product Launch,25-34,2024-12-09 18:00:00,793,6,7.25,Bounced,0,0.0,12,Dec
4127,Social Media,Desktop,North,Brand Awareness,18-24,2024-12-09 20:00:00,808,14,4.17,Bounced,0,0.0,12,Dec
4128,Referral,Mobile,East,Product Launch,25-34,2024-12-09 22:00:00,381,5,3.74,Bounced,0,0.0,12,Dec
4129,Organic Search,Mobile,East,Seasonal Offer,35-44,2024-12-10 00:00:00,492,14,14.39,Converted,1,499.0,12,Dec
4130,Organic Search,Tablet,North,Retargeting,25-34,2024-12-10 02:00:00,873,12,5.75,Awareness,0,0.0,12,Dec
4131,Organic Search,Desktop,South,Brand Awareness,45-54,2024-12-10 04:00:00,349,5,1.17,Converted,1,99.0,12,Dec
4132,Organic Search,Mobile,East,Lead Gen,25-34,2024-12-10 06:00:00,386,5,14.57,Checkout,0,0.0,12,Dec
4133,Social Media,Mobile,West,Retargeting,25-34,2024-12-10 08:00:00,122,4,12.03,Checkout,0,0.0,12,Dec
4134,Social Media,Desktop,East,Lead Gen,18-24,2024-12-10 10:00:00,724,7,4.19,Product View,0,0.0,12,Dec
4135,Social Media,Mobile,South,Seasonal Offer,25-34,2024-12-10 12:00:00,329,13,6.43,Bounced,0,0.0,12,Dec
4136,Organic Search,Mobile,West,Brand Awareness,18-24,2024-12-10 14:00:00,755,9,13.0,Product View,0,0.0,12,Dec
4137,Email,Mobile,South,Seasonal Offer,25-34,2024-12-10 16:00:00,523,13,5.68,Bounced,0,0.0,12,Dec
4138,Paid Search,Desktop,East,Seasonal Offer,25-34,2024-12-10 18:00:00,683,4,8.73,Checkout,0,0.0,12,Dec
4139,Social Media,Desktop,North,Seasonal Offer,25-34,2024-12-10 20:00:00,624,2,8.26,Product View,0,0.0,12,Dec
4140,Social Media,Mobile,South,Seasonal Offer,35-44,2024-12-10 22:00:00,418,2,6.32,Product View,0,0.0,12,Dec
4141,Paid Search,Desktop,South,Lead Gen,25-34,2024-12-11 00:00:00,640,2,9.77,Checkout,0,0.0,12,Dec
4142,Organic Search,Desktop,North,Product Launch,35-44,2024-12-11 02:00:00,822,7,7.36,Bounced,0,0.0,12,Dec
4143,Organic Search,Tablet,East,Lead Gen,35-44,2024-12-11 04:00:00,463,4,0.81,Product View,0,0.0,12,Dec
4144,Email,Mobile,South,Retargeting,25-34,2024-12-11 06:00:00,131,4,12.31,Bounced,0,0.0,12,Dec
4145,Referral,Mobile,East,Seasonal Offer,45-54,2024-12-11 08:00:00,870,1,2.14,Checkout,0,0.0,12,Dec
4146,Social Media,Desktop,East,Retargeting,35-44,2024-12-11 10:00:00,407,4,7.23,Checkout,0,0.0,12,Dec
4147,Organic Search,Desktop,East,Lead Gen,25-34,2024-12-11 12:00:00,612,6,8.91,Converted,1,249.0,12,Dec
4148,Paid Search,Desktop,North,Seasonal Offer,55+,2024-12-11 14:00:00,367,2,10.73,Bounced,0,0.0,12,Dec
4149,Email,Desktop,East,Lead Gen,45-54,2024-12-11 16:00:00,807,4,6.46,Converted,1,49.0,12,Dec
4150,Email,Mobile,East,Seasonal Offer,55+,2024-12-11 18:00:00,521,11,11.17,Bounced,0,0.0,12,Dec
4151,Organic Search,Mobile,West,Lead Gen,35-44,2024-12-11 20:00:00,671,7,2.4,Product View,0,0.0,12,Dec
4152,Organic Search,Desktop,West,Brand Awareness,25-34,2024-12-11 22:00:00,89,13,9.97,Checkout,0,0.0,12,Dec
4153,Social Media,Desktop,West,Product Launch,25-34,2024-12-12 00:00:00,842,9,12.48,Bounced,0,0.0,12,Dec
4154,Paid Search,Desktop,South,Product Launch,35-44,2024-12-12 02:00:00,538,2,13.4,Converted,1,49.0,12,Dec
4155,Organic Search,Desktop,South,Seasonal Offer,55+,2024-12-12 04:00:00,421,8,8.9,Converted,1,99.0,12,Dec
4156,Organic Search,Desktop,West,Brand Awareness,35-44,2024-12-12 06:00:00,148,14,5.04,Bounced,0,0.0,12,Dec
4157,Social Media,Tablet,North,Retargeting,45-54,2024-12-12 08:00:00,804,6,2.87,Awareness,0,0.0,12,Dec
4158,Referral,Mobile,North,Brand Awareness,25-34,2024-12-12 10:00:00,500,8,5.51,Product View,0,0.0,12,Dec
4159,Direct,Mobile,West,Seasonal Offer,25-34,2024-12-12 12:00:00,357,2,8.33,Converted,1,99.0,12,Dec
4160,Social Media,Desktop,South,Brand Awareness,55+,2024-12-12 14:00:00,50,14,3.35,Converted,1,499.0,12,Dec
4161,Paid Search,Tablet,South,Retargeting,45-54,2024-12-12 16:00:00,126,11,14.31,Product View,0,0.0,12,Dec
4162,Organic Search,Mobile,North,Seasonal Offer,55+,2024-12-12 18:00:00,844,1,13.51,Product View,0,0.0,12,Dec
4163,Social Media,Mobile,East,Product Launch,45-54,2024-12-12 20:00:00,542,7,0.98,Bounced,0,0.0,12,Dec
4164,Paid Search,Desktop,North,Brand Awareness,25-34,2024-12-12 22:00:00,744,13,8.65,Awareness,0,0.0,12,Dec
4165,Social Media,Tablet,East,Product Launch,35-44,2024-12-13 00:00:00,669,9,11.94,Bounced,0,0.0,12,Dec
4166,Paid Search,Mobile,South,Product Launch,55+,2024-12-13 02:00:00,379,9,4.06,Converted,1,49.0,12,Dec
4167,Organic Search,Mobile,South,Lead Gen,35-44,2024-12-13 04:00:00,161,2,8.1,Converted,1,49.0,12,Dec
4168,Organic Search,Desktop,West,Retargeting,25-34,2024-12-13 06:00:00,575,4,6.39,Converted,1,49.0,12,Dec
4169,Paid Search,Desktop,South,Brand Awareness,25-34,2024-12-13 08:00:00,628,13,3.35,Bounced,0,0.0,12,Dec
4170,Organic Search,Desktop,East,Product Launch,35-44,2024-12-13 10:00:00,61,1,9.41,Bounced,0,0.0,12,Dec
4171,Organic Search,Desktop,North,Product Launch,18-24,2024-12-13 12:00:00,288,11,14.91,Converted,1,49.0,12,Dec
4172,Direct,Mobile,West,Retargeting,35-44,2024-12-13 14:00:00,505,7,5.8,Converted,1,99.0,12,Dec
4173,Paid Search,Desktop,East,Product Launch,18-24,2024-12-13 16:00:00,865,2,8.51,Bounced,0,0.0,12,Dec
4174,Social Media,Desktop,North,Product Launch,25-34,2024-12-13 18:00:00,854,4,5.25,Bounced,0,0.0,12,Dec
4175,Referral,Desktop,North,Product Launch,45-54,2024-12-13 20:00:00,62,12,13.22,Bounced,0,0.0,12,Dec
4176,Direct,Desktop,North,Product Launch,25-34,2024-12-13 22:00:00,417,2,13.04,Converted,1,99.0,12,Dec
4177,Social Media,Desktop,South,Lead Gen,45-54,2024-12-14 00:00:00,827,1,3.09,Awareness,0,0.0,12,Dec
4178,Email,Mobile,North,Lead Gen,25-34,2024-12-14 02:00:00,867,7,13.55,Awareness,0,0.0,12,Dec
4179,Paid Search,Mobile,South,Seasonal Offer,55+,2024-12-14 04:00:00,590,6,2.7,Checkout,0,0.0,12,Dec
4180,Paid Search,Desktop,North,Brand Awareness,25-34,2024-12-14 06:00:00,827,2,1.88,Awareness,0,0.0,12,Dec
4181,Paid Search,Desktop,North,Retargeting,18-24,2024-12-14 08:00:00,485,14,9.97,Checkout,0,0.0,12,Dec
4182,Social Media,Desktop,South,Seasonal Offer,45-54,2024-12-14 10:00:00,623,4,6.1,Product View,0,0.0,12,Dec
4183,Social Media,Desktop,South,Lead Gen,45-54,2024-12-14 12:00:00,173,12,8.2,Bounced,0,0.0,12,Dec
4184,Paid Search,Mobile,East,Lead Gen,25-34,2024-12-14 14:00:00,821,11,9.96,Bounced,0,0.0,12,Dec
4185,Organic Search,Mobile,North,Lead Gen,55+,2024-12-14 16:00:00,633,3,1.27,Product View,0,0.0,12,Dec
4186,Social Media,Mobile,South,Seasonal Offer,35-44,2024-12-14 18:00:00,253,12,4.75,Checkout,0,0.0,12,Dec
4187,Organic Search,Mobile,East,Lead Gen,55+,2024-12-14 20:00:00,246,3,7.18,Bounced,0,0.0,12,Dec
4188,Social Media,Desktop,East,Seasonal Offer,35-44,2024-12-14 22:00:00,185,3,4.37,Product View,0,0.0,12,Dec
4189,Social Media,Tablet,South,Lead Gen,25-34,2024-12-15 00:00:00,818,11,1.21,Checkout,0,0.0,12,Dec
4190,Social Media,Mobile,North,Product Launch,25-34,2024-12-15 02:00:00,549,4,1.76,Awareness,0,0.0,12,Dec
4191,Email,Tablet,East,Product Launch,25-34,2024-12-15 04:00:00,65,1,12.13,Product View,0,0.0,12,Dec
4192,Referral,Desktop,North,Brand Awareness,35-44,2024-12-15 06:00:00,665,1,13.72,Converted,1,99.0,12,Dec
4193,Paid Search,Tablet,North,Lead Gen,25-34,2024-12-15 08:00:00,38,7,2.71,Awareness,0,0.0,12,Dec
4194,Email,Mobile,East,Brand Awareness,18-24,2024-12-15 10:00:00,69,5,4.11,Converted,1,49.0,12,Dec
4195,Social Media,Mobile,South,Seasonal Offer,25-34,2024-12-15 12:00:00,498,3,9.96,Bounced,0,0.0,12,Dec
4196,Organic Search,Desktop,North,Brand Awareness,25-34,2024-12-15 14:00:00,208,9,14.34,Bounced,0,0.0,12,Dec
4197,Organic Search,Mobile,West,Lead Gen,45-54,2024-12-15 16:00:00,670,5,4.84,Bounced,0,0.0,12,Dec
4198,Organic Search,Tablet,South,Seasonal Offer,35-44,2024-12-15 18:00:00,530,10,12.9,Product View,0,0.0,12,Dec
4199,Paid Search,Mobile,East,Seasonal Offer,45-54,2024-12-15 20:00:00,402,3,7.84,Checkout,0,0.0,12,Dec
4200,Social Media,Mobile,West,Product Launch,55+,2024-12-15 22:00:00,97,9,14.37,Bounced,0,0.0,12,Dec
4201,Email,Tablet,North,Seasonal Offer,35-44,2024-12-16 00:00:00,695,1,2.48,Bounced,0,0.0,12,Dec
4202,Organic Search,Desktop,South,Seasonal Offer,55+,2024-12-16 02:00:00,453,14,14.62,Converted,1,49.0,12,Dec
4203,Organic Search,Mobile,West,Brand Awareness,25-34,2024-12-16 04:00:00,544,9,6.89,Product View,0,0.0,12,Dec
4204,Direct,Desktop,South,Seasonal Offer,25-34,2024-12-16 06:00:00,393,14,14.32,Checkout,0,0.0,12,Dec
4205,Organic Search,Tablet,North,Retargeting,25-34,2024-12-16 08:00:00,806,5,7.15,Checkout,0,0.0,12,Dec
4206,Paid Search,Desktop,South,Product Launch,25-34,2024-12-16 10:00:00,480,6,8.19,Product View,0,0.0,12,Dec
4207,Social Media,Mobile,West,Product Launch,45-54,2024-12-16 12:00:00,545,2,12.17,Bounced,0,0.0,12,Dec
4208,Social Media,Mobile,South,Seasonal Offer,35-44,2024-12-16 14:00:00,803,8,10.98,Product View,0,0.0,12,Dec
4209,Organic Search,Mobile,East,Brand Awareness,25-34,2024-12-16 16:00:00,358,3,9.48,Product View,0,0.0,12,Dec
4210,Organic Search,Mobile,East,Product Launch,35-44,2024-12-16 18:00:00,823,1,6.55,Bounced,0,0.0,12,Dec
4211,Organic Search,Tablet,West,Product Launch,35-44,2024-12-16 20:00:00,399,7,11.99,Product View,0,0.0,12,Dec
4212,Social Media,Tablet,South,Retargeting,25-34,2024-12-16 22:00:00,626,12,14.25,Bounced,0,0.0,12,Dec
4213,Social Media,Desktop,West,Seasonal Offer,35-44,2024-12-17 00:00:00,883,3,0.64,Converted,1,49.0,12,Dec
4214,Organic Search,Desktop,South,Product Launch,55+,2024-12-17 02:00:00,416,4,9.02,Bounced,0,0.0,12,Dec
4215,Social Media,Desktop,North,Product Launch,45-54,2024-12-17 04:00:00,576,5,13.06,Checkout,0,0.0,12,Dec
4216,Email,Desktop,East,Product Launch,35-44,2024-12-17 06:00:00,143,1,9.97,Bounced,0,0.0,12,Dec
4217,Organic Search,Mobile,North,Product Launch,25-34,2024-12-17 08:00:00,600,11,12.11,Converted,1,149.0,12,Dec
4218,Paid Search,Tablet,South,Brand Awareness,18-24,2024-12-17 10:00:00,67,11,13.48,Product View,0,0.0,12,Dec
4219,Social Media,Mobile,North,Lead Gen,25-34,2024-12-17 12:00:00,574,9,11.39,Product View,0,0.0,12,Dec
4220,Organic Search,Desktop,West,Retargeting,45-54,2024-12-17 14:00:00,406,7,10.9,Product View,0,0.0,12,Dec
4221,Paid Search,Desktop,West,Brand Awareness,25-34,2024-12-17 16:00:00,428,2,14.49,Checkout,0,0.0,12,Dec
4222,Social Media,Mobile,South,Retargeting,25-34,2024-12-17 18:00:00,232,13,13.02,Bounced,0,0.0,12,Dec
4223,Referral,Mobile,East,Product Launch,55+,2024-12-17 20:00:00,231,1,12.32,Checkout,0,0.0,12,Dec
4224,Email,Desktop,West,Retargeting,45-54,2024-12-17 22:00:00,129,14,1.75,Awareness,0,0.0,12,Dec
4225,Social Media,Mobile,East,Seasonal Offer,35-44,2024-12-18 00:00:00,427,11,3.97,Checkout,0,0.0,12,Dec
4226,Email,Tablet,South,Seasonal Offer,18-24,2024-12-18 02:00:00,479,2,8.57,Bounced,0,0.0,12,Dec
4227,Paid Search,Desktop,East,Lead Gen,18-24,2024-12-18 04:00:00,842,3,10.79,Awareness,0,0.0,12,Dec
4228,Social Media,Mobile,South,Lead Gen,18-24,2024-12-18 06:00:00,845,12,4.9,Bounced,0,0.0,12,Dec
4229,Paid Search,Desktop,North,Retargeting,35-44,2024-12-18 08:00:00,147,3,1.85,Product View,0,0.0,12,Dec
4230,Organic Search,Mobile,South,Brand Awareness,18-24,2024-12-18 10:00:00,450,8,5.01,Converted,1,149.0,12,Dec
4231,Social Media,Desktop,North,Brand Awareness,45-54,2024-12-18 12:00:00,272,5,11.68,Product View,0,0.0,12,Dec
4232,Social Media,Desktop,South,Product Launch,55+,2024-12-18 14:00:00,570,9,13.22,Bounced,0,0.0,12,Dec
4233,Paid Search,Tablet,West,Brand Awareness,25-34,2024-12-18 16:00:00,256,3,13.74,Awareness,0,0.0,12,Dec
4234,Referral,Desktop,West,Lead Gen,25-34,2024-12-18 18:00:00,530,6,5.99,Bounced,0,0.0,12,Dec
4235,Organic Search,Mobile,East,Brand Awareness,35-44,2024-12-18 20:00:00,881,4,5.9,Converted,1,149.0,12,Dec
4236,Paid Search,Desktop,South,Product Launch,55+,2024-12-18 22:00:00,242,8,6.4,Awareness,0,0.0,12,Dec
4237,Organic Search,Desktop,South,Seasonal Offer,45-54,2024-12-19 00:00:00,728,12,5.95,Bounced,0,0.0,12,Dec
4238,Email,Desktop,South,Brand Awareness,18-24,2024-12-19 02:00:00,142,1,10.16,Converted,1,499.0,12,Dec
4239,Social Media,Desktop,East,Brand Awareness,25-34,2024-12-19 04:00:00,402,4,5.7,Converted,1,249.0,12,Dec
4240,Paid Search,Mobile,West,Lead Gen,45-54,2024-12-19 06:00:00,328,7,0.79,Bounced,0,0.0,12,Dec
4241,Social Media,Desktop,South,Retargeting,35-44,2024-12-19 08:00:00,702,9,6.87,Product View,0,0.0,12,Dec
4242,Paid Search,Mobile,East,Seasonal Offer,18-24,2024-12-19 10:00:00,48,13,3.75,Awareness,0,0.0,12,Dec
4243,Email,Mobile,South,Retargeting,35-44,2024-12-19 12:00:00,805,1,0.92,Product View,0,0.0,12,Dec
4244,Paid Search,Mobile,North,Product Launch,45-54,2024-12-19 14:00:00,700,8,7.33,Bounced,0,0.0,12,Dec
4245,Paid Search,Desktop,South,Product Launch,25-34,2024-12-19 16:00:00,40,2,3.49,Bounced,0,0.0,12,Dec
4246,Referral,Tablet,North,Retargeting,45-54,2024-12-19 18:00:00,37,4,7.06,Awareness,0,0.0,12,Dec
4247,Organic Search,Desktop,East,Lead Gen,18-24,2024-12-19 20:00:00,182,4,4.53,Checkout,0,0.0,12,Dec
4248,Organic Search,Desktop,East,Lead Gen,45-54,2024-12-19 22:00:00,654,14,9.25,Checkout,0,0.0,12,Dec
4249,Social Media,Desktop,West,Lead Gen,35-44,2024-12-20 00:00:00,689,8,14.87,Bounced,0,0.0,12,Dec
4250,Direct,Desktop,South,Seasonal Offer,25-34,2024-12-20 02:00:00,579,11,8.43,Product View,0,0.0,12,Dec
4251,Paid Search,Desktop,East,Product Launch,35-44,2024-12-20 04:00:00,164,2,9.88,Bounced,0,0.0,12,Dec
4252,Organic Search,Mobile,West,Product Launch,45-54,2024-12-20 06:00:00,402,7,13.83,Product View,0,0.0,12,Dec
4253,Paid Search,Desktop,South,Product Launch,55+,2024-12-20 08:00:00,490,3,5.92,Converted,1,99.0,12,Dec
4254,Paid Search,Desktop,East,Seasonal Offer,25-34,2024-12-20 10:00:00,264,9,2.91,Product View,0,0.0,12,Dec
4255,Organic Search,Mobile,North,Product Launch,35-44,2024-12-20 12:00:00,284,5,4.6,Converted,1,99.0,12,Dec
4256,Social Media,Desktop,East,Retargeting,35-44,2024-12-20 14:00:00,615,14,6.34,Bounced,0,0.0,12,Dec
4257,Direct,Desktop,North,Brand Awareness,35-44,2024-12-20 16:00:00,357,12,9.85,Awareness,0,0.0,12,Dec
4258,Paid Search,Desktop,West,Seasonal Offer,45-54,2024-12-20 18:00:00,391,8,0.57,Converted,1,249.0,12,Dec
4259,Paid Search,Mobile,West,Brand Awareness,18-24,2024-12-20 20:00:00,403,5,12.87,Awareness,0,0.0,12,Dec
4260,Paid Search,Desktop,South,Retargeting,25-34,2024-12-20 22:00:00,817,1,1.6,Bounced,0,0.0,12,Dec
4261,Organic Search,Desktop,South,Lead Gen,35-44,2024-12-21 00:00:00,238,9,13.56,Awareness,0,0.0,12,Dec
4262,Referral,Mobile,South,Lead Gen,25-34,2024-12-21 02:00:00,296,10,14.27,Product View,0,0.0,12,Dec
4263,Paid Search,Mobile,West,Lead Gen,55+,2024-12-21 04:00:00,685,11,14.86,Checkout,0,0.0,12,Dec
4264,Paid Search,Mobile,North,Seasonal Offer,35-44,2024-12-21 06:00:00,583,12,12.24,Bounced,0,0.0,12,Dec
4265,Social Media,Mobile,South,Lead Gen,25-34,2024-12-21 08:00:00,765,7,2.56,Awareness,0,0.0,12,Dec
4266,Paid Search,Desktop,South,Seasonal Offer,45-54,2024-12-21 10:00:00,887,4,10.74,Bounced,0,0.0,12,Dec
4267,Social Media,Desktop,West,Seasonal Offer,25-34,2024-12-21 12:00:00,535,7,3.45,Bounced,0,0.0,12,Dec
4268,Organic Search,Desktop,North,Brand Awareness,35-44,2024-12-21 14:00:00,593,5,13.51,Bounced,0,0.0,12,Dec
4269,Email,Desktop,East,Lead Gen,18-24,2024-12-21 16:00:00,450,10,5.09,Bounced,0,0.0,12,Dec
4270,Referral,Desktop,South,Product Launch,25-34,2024-12-21 18:00:00,337,14,5.24,Awareness,0,0.0,12,Dec
4271,Social Media,Desktop,East,Lead Gen,18-24,2024-12-21 20:00:00,166,9,13.81,Converted,1,149.0,12,Dec
4272,Direct,Mobile,East,Lead Gen,35-44,2024-12-21 22:00:00,448,2,0.69,Converted,1,49.0,12,Dec
4273,Organic Search,Mobile,South,Lead Gen,25-34,2024-12-22 00:00:00,224,4,3.31,Converted,1,99.0,12,Dec
4274,Paid Search,Desktop,West,Product Launch,25-34,2024-12-22 02:00:00,124,6,6.62,Checkout,0,0.0,12,Dec
4275,Social Media,Mobile,South,Product Launch,25-34,2024-12-22 04:00:00,519,11,10.66,Converted,1,499.0,12,Dec
4276,Social Media,Desktop,North,Seasonal Offer,25-34,2024-12-22 06:00:00,287,5,9.89,Awareness,0,0.0,12,Dec
4277,Paid Search,Desktop,North,Product Launch,55+,2024-12-22 08:00:00,54,1,10.21,Converted,1,249.0,12,Dec
4278,Paid Search,Mobile,South,Seasonal Offer,18-24,2024-12-22 10:00:00,261,9,13.26,Product View,0,0.0,12,Dec
4279,Organic Search,Desktop,East,Brand Awareness,45-54,2024-12-22 12:00:00,361,9,2.25,Bounced,0,0.0,12,Dec
4280,Paid Search,Desktop,North,Seasonal Offer,35-44,2024-12-22 14:00:00,635,3,8.07,Bounced,0,0.0,12,Dec
4281,Organic Search,Desktop,North,Lead Gen,35-44,2024-12-22 16:00:00,891,4,11.02,Bounced,0,0.0,12,Dec
4282,Email,Tablet,South,Retargeting,25-34,2024-12-22 18:00:00,250,4,9.72,Converted,1,49.0,12,Dec
4283,Organic Search,Mobile,South,Retargeting,55+,2024-12-22 20:00:00,326,10,7.0,Product View,0,0.0,12,Dec
4284,Organic Search,Desktop,West,Lead Gen,25-34,2024-12-22 22:00:00,232,8,0.75,Checkout,0,0.0,12,Dec
4285,Social Media,Mobile,South,Seasonal Offer,35-44,2024-12-23 00:00:00,372,6,1.38,Awareness,0,0.0,12,Dec
4286,Social Media,Mobile,South,Lead Gen,55+,2024-12-23 02:00:00,622,2,2.22,Awareness,0,0.0,12,Dec
4287,Referral,Mobile,North,Product Launch,45-54,2024-12-23 04:00:00,234,4,5.48,Converted,1,499.0,12,Dec
4288,Social Media,Mobile,North,Seasonal Offer,35-44,2024-12-23 06:00:00,106,1,2.21,Product View,0,0.0,12,Dec
4289,Paid Search,Desktop,North,Lead Gen,55+,2024-12-23 08:00:00,579,3,6.68,Bounced,0,0.0,12,Dec
4290,Email,Desktop,East,Product Launch,35-44,2024-12-23 10:00:00,736,4,3.09,Awareness,0,0.0,12,Dec
4291,Social Media,Mobile,North,Product Launch,25-34,2024-12-23 12:00:00,71,8,11.8,Awareness,0,0.0,12,Dec
4292,Organic Search,Mobile,North,Seasonal Offer,25-34,2024-12-23 14:00:00,484,3,13.14,Checkout,0,0.0,12,Dec
4293,Social Media,Mobile,South,Brand Awareness,25-34,2024-12-23 16:00:00,211,5,6.15,Awareness,0,0.0,12,Dec
4294,Referral,Mobile,West,Brand Awareness,25-34,2024-12-23 18:00:00,786,1,7.91,Converted,1,499.0,12,Dec
4295,Paid Search,Tablet,North,Product Launch,45-54,2024-12-23 20:00:00,224,13,14.33,Bounced,0,0.0,12,Dec
4296,Organic Search,Tablet,West,Brand Awareness,35-44,2024-12-23 22:00:00,619,4,8.26,Bounced,0,0.0,12,Dec
4297,Organic Search,Mobile,North,Product Launch,18-24,2024-12-24 00:00:00,861,2,14.93,Converted,1,49.0,12,Dec
4298,Organic Search,Mobile,North,Brand Awareness,45-54,2024-12-24 02:00:00,417,4,2.56,Converted,1,249.0,12,Dec
4299,Paid Search,Tablet,West,Product Launch,25-34,2024-12-24 04:00:00,666,5,13.0,Awareness,0,0.0,12,Dec
4300,Social Media,Desktop,South,Product Launch,55+,2024-12-24 06:00:00,170,3,7.71,Product View,0,0.0,12,Dec
4301,Organic Search,Desktop,North,Product Launch,55+,2024-12-24 08:00:00,56,14,0.83,Bounced,0,0.0,12,Dec
4302,Referral,Desktop,West,Product Launch,55+,2024-12-24 10:00:00,344,6,14.6,Bounced,0,0.0,12,Dec
4303,Email,Mobile,North,Retargeting,45-54,2024-12-24 12:00:00,350,12,14.49,Converted,1,249.0,12,Dec
4304,Social Media,Mobile,East,Brand Awareness,25-34,2024-12-24 14:00:00,477,2,6.06,Converted,1,49.0,12,Dec
4305,Email,Mobile,East,Product Launch,35-44,2024-12-24 16:00:00,822,5,14.34,Awareness,0,0.0,12,Dec
4306,Organic Search,Desktop,East,Lead Gen,25-34,2024-12-24 18:00:00,322,4,2.54,Product View,0,0.0,12,Dec
4307,Paid Search,Desktop,East,Seasonal Offer,25-34,2024-12-24 20:00:00,783,5,10.36,Awareness,0,0.0,12,Dec
4308,Social Media,Mobile,South,Lead Gen,35-44,2024-12-24 22:00:00,265,13,3.28,Product View,0,0.0,12,Dec
4309,Email,Desktop,East,Lead Gen,18-24,2024-12-25 00:00:00,744,9,4.08,Converted,1,149.0,12,Dec
4310,Email,Desktop,West,Retargeting,55+,2024-12-25 02:00:00,486,6,11.8,Awareness,0,0.0,12,Dec
4311,Organic Search,Desktop,North,Brand Awareness,55+,2024-12-25 04:00:00,868,7,5.97,Product View,0,0.0,12,Dec
4312,Referral,Desktop,West,Retargeting,25-34,2024-12-25 06:00:00,683,14,0.6,Converted,1,99.0,12,Dec
4313,Organic Search,Mobile,East,Brand Awareness,35-44,2024-12-25 08:00:00,635,11,6.51,Converted,1,149.0,12,Dec
4314,Referral,Desktop,South,Product Launch,25-34,2024-12-25 10:00:00,693,8,3.81,Product View,0,0.0,12,Dec
4315,Direct,Mobile,East,Retargeting,45-54,2024-12-25 12:00:00,794,9,10.41,Awareness,0,0.0,12,Dec
4316,Organic Search,Desktop,East,Seasonal Offer,35-44,2024-12-25 14:00:00,96,14,3.32,Checkout,0,0.0,12,Dec
4317,Email,Mobile,South,Brand Awareness,25-34,2024-12-25 16:00:00,205,5,12.71,Awareness,0,0.0,12,Dec
4318,Organic Search,Desktop,South,Retargeting,25-34,2024-12-25 18:00:00,539,8,4.37,Converted,1,249.0,12,Dec
4319,Paid Search,Mobile,South,Seasonal Offer,25-34,2024-12-25 20:00:00,644,2,6.2,Product View,0,0.0,12,Dec
4320,Paid Search,Mobile,South,Lead Gen,55+,2024-12-25 22:00:00,120,10,4.82,Bounced,0,0.0,12,Dec
4321,Social Media,Desktop,South,Product Launch,25-34,2024-12-26 00:00:00,734,9,9.84,Bounced,0,0.0,12,Dec
4322,Referral,Mobile,South,Product Launch,18-24,2024-12-26 02:00:00,195,2,1.97,Checkout,0,0.0,12,Dec
4323,Social Media,Mobile,North,Lead Gen,45-54,2024-12-26 04:00:00,631,13,7.43,Checkout,0,0.0,12,Dec
4324,Paid Search,Desktop,East,Retargeting,45-54,2024-12-26 06:00:00,867,12,5.35,Converted,1,99.0,12,Dec
4325,Email,Desktop,East,Lead Gen,45-54,2024-12-26 08:00:00,856,5,13.32,Bounced,0,0.0,12,Dec
4326,Direct,Tablet,South,Seasonal Offer,35-44,2024-12-26 10:00:00,809,6,1.56,Converted,1,99.0,12,Dec
4327,Organic Search,Mobile,West,Brand Awareness,35-44,2024-12-26 12:00:00,467,4,12.53,Converted,1,249.0,12,Dec
4328,Direct,Desktop,South,Retargeting,35-44,2024-12-26 14:00:00,80,8,2.93,Converted,1,499.0,12,Dec
4329,Organic Search,Desktop,North,Brand Awareness,18-24,2024-12-26 16:00:00,707,10,1.78,Product View,0,0.0,12,Dec
4330,Email,Mobile,West,Lead Gen,35-44,2024-12-26 18:00:00,715,3,3.43,Awareness,0,0.0,12,Dec
4331,Organic Search,Mobile,North,Product Launch,18-24,2024-12-26 20:00:00,768,11,1.99,Checkout,0,0.0,12,Dec
4332,Organic Search,Mobile,West,Brand Awareness,25-34,2024-12-26 22:00:00,295,13,8.05,Product View,0,0.0,12,Dec
4333,Paid Search,Desktop,West,Brand Awareness,55+,2024-12-27 00:00:00,550,5,14.83,Converted,1,49.0,12,Dec
4334,Social Media,Mobile,South,Product Launch,25-34,2024-12-27 02:00:00,116,2,1.0,Awareness,0,0.0,12,Dec
4335,Paid Search,Desktop,North,Brand Awareness,55+,2024-12-27 04:00:00,635,3,7.19,Converted,1,249.0,12,Dec
4336,Organic Search,Desktop,West,Brand Awareness,25-34,2024-12-27 06:00:00,81,8,6.1,Converted,1,49.0,12,Dec
4337,Social Media,Mobile,North,Product Launch,25-34,2024-12-27 08:00:00,208,11,5.42,Product View,0,0.0,12,Dec
4338,Referral,Tablet,South,Product Launch,35-44,2024-12-27 10:00:00,307,5,5.31,Bounced,0,0.0,12,Dec
4339,Paid Search,Desktop,South,Lead Gen,45-54,2024-12-27 12:00:00,268,14,13.48,Bounced,0,0.0,12,Dec
4340,Organic Search,Desktop,South,Lead Gen,35-44,2024-12-27 14:00:00,614,3,0.78,Product View,0,0.0,12,Dec
4341,Paid Search,Mobile,South,Brand Awareness,45-54,2024-12-27 16:00:00,368,5,11.74,Converted,1,99.0,12,Dec
4342,Organic Search,Mobile,East,Retargeting,18-24,2024-12-27 18:00:00,101,9,4.17,Checkout,0,0.0,12,Dec
4343,Email,Mobile,West,Lead Gen,55+,2024-12-27 20:00:00,403,3,6.06,Product View,0,0.0,12,Dec
4344,Email,Mobile,East,Lead Gen,25-34,2024-12-27 22:00:00,609,12,6.59,Bounced,0,0.0,12,Dec
4345,Social Media,Desktop,South,Retargeting,45-54,2024-12-28 00:00:00,546,10,4.92,Bounced,0,0.0,12,Dec
4346,Paid Search,Tablet,West,Retargeting,25-34,2024-12-28 02:00:00,880,7,1.86,Awareness,0,0.0,12,Dec
4347,Email,Mobile,West,Product Launch,45-54,2024-12-28 04:00:00,267,8,2.16,Checkout,0,0.0,12,Dec
4348,Social Media,Mobile,North,Lead Gen,35-44,2024-12-28 06:00:00,495,5,4.82,Bounced,0,0.0,12,Dec
4349,Email,Mobile,South,Seasonal Offer,25-34,2024-12-28 08:00:00,150,3,12.42,Checkout,0,0.0,12,Dec
4350,Social Media,Mobile,East,Seasonal Offer,55+,2024-12-28 10:00:00,442,11,2.45,Bounced,0,0.0,12,Dec
4351,Email,Desktop,North,Brand Awareness,25-34,2024-12-28 12:00:00,752,6,11.27,Converted,1,149.0,12,Dec
4352,Social Media,Desktop,West,Lead Gen,25-34,2024-12-28 14:00:00,803,13,4.69,Product View,0,0.0,12,Dec
4353,Paid Search,Mobile,East,Seasonal Offer,45-54,2024-12-28 16:00:00,866,12,13.31,Converted,1,149.0,12,Dec
4354,Direct,Desktop,South,Lead Gen,18-24,2024-12-28 18:00:00,599,3,6.71,Checkout,0,0.0,12,Dec
4355,Social Media,Desktop,East,Lead Gen,25-34,2024-12-28 20:00:00,72,9,2.99,Bounced,0,0.0,12,Dec
4356,Social Media,Mobile,East,Seasonal Offer,35-44,2024-12-28 22:00:00,533,2,14.79,Bounced,0,0.0,12,Dec
4357,Organic Search,Mobile,East,Lead Gen,45-54,2024-12-29 00:00:00,226,13,3.06,Bounced,0,0.0,12,Dec
4358,Social Media,Desktop,North,Retargeting,18-24,2024-12-29 02:00:00,101,3,8.73,Bounced,0,0.0,12,Dec
4359,Social Media,Mobile,West,Brand Awareness,35-44,2024-12-29 04:00:00,120,7,8.75,Converted,1,149.0,12,Dec
4360,Organic Search,Mobile,East,Product Launch,35-44,2024-12-29 06:00:00,578,14,5.91,Product View,0,0.0,12,Dec
4361,Organic Search,Mobile,West,Seasonal Offer,45-54,2024-12-29 08:00:00,520,14,14.3,Product View,0,0.0,12,Dec
4362,Social Media,Mobile,North,Product Launch,55+,2024-12-29 10:00:00,855,10,12.74,Bounced,0,0.0,12,Dec
4363,Email,Desktop,South,Brand Awareness,45-54,2024-12-29 12:00:00,778,8,12.53,Converted,1,49.0,12,Dec
4364,Social Media,Desktop,South,Retargeting,35-44,2024-12-29 14:00:00,412,5,14.63,Converted,1,49.0,12,Dec
4365,Organic Search,Desktop,East,Retargeting,25-34,2024-12-29 16:00:00,834,5,7.13,Checkout,0,0.0,12,Dec
4366,Social Media,Mobile,North,Retargeting,18-24,2024-12-29 18:00:00,495,5,1.91,Bounced,0,0.0,12,Dec
4367,Organic Search,Mobile,South,Retargeting,35-44,2024-12-29 20:00:00,183,4,11.6,Bounced,0,0.0,12,Dec
4368,Paid Search,Mobile,North,Seasonal Offer,55+,2024-12-29 22:00:00,199,9,6.02,Product View,0,0.0,12,Dec
4369,Organic Search,Mobile,North,Seasonal Offer,35-44,2024-12-30 00:00:00,301,6,3.26,Bounced,0,0.0,12,Dec
4370,Organic Search,Mobile,East,Lead Gen,18-24,2024-12-30 02:00:00,139,13,7.51,Converted,1,249.0,12,Dec
4371,Organic Search,Mobile,East,Lead Gen,25-34,2024-12-30 04:00:00,180,12,13.92,Checkout,0,0.0,12,Dec
4372,Paid Search,Desktop,North,Brand Awareness,35-44,2024-12-30 06:00:00,460,13,2.98,Bounced,0,0.0,12,Dec
4373,Organic Search,Desktop,North,Lead Gen,35-44,2024-12-30 08:00:00,480,8,12.81,Checkout,0,0.0,12,Dec
4374,Paid Search,Mobile,East,Brand Awareness,35-44,2024-12-30 10:00:00,672,8,6.56,Checkout,0,0.0,12,Dec
4375,Paid Search,Desktop,North,Brand Awareness,35-44,2024-12-30 12:00:00,809,5,2.48,Bounced,0,0.0,12,Dec
4376,Paid Search,Desktop,East,Brand Awareness,25-34,2024-12-30 14:00:00,52,12,12.8,Awareness,0,0.0,12,Dec
4377,Paid Search,Mobile,West,Retargeting,55+,2024-12-30 16:00:00,396,9,14.56,Bounced,0,0.0,12,Dec
4378,Email,Desktop,North,Product Launch,35-44,2024-12-30 18:00:00,680,2,4.72,Converted,1,49.0,12,Dec
4379,Organic Search,Mobile,East,Product Launch,25-34,2024-12-30 20:00:00,849,14,4.9,Checkout,0,0.0,12,Dec
4380,Paid Search,Desktop,North,Seasonal Offer,25-34,2024-12-30 22:00:00,268,8,6.16,Checkout,0,0.0,12,Dec
4381,Organic Search,Desktop,East,Brand Awareness,55+,2024-12-31 00:00:00,463,3,12.3,Bounced,0,0.0,12,Dec
4382,Organic Search,Desktop,North,Retargeting,45-54,2024-12-31 02:00:00,733,7,0.65,Checkout,0,0.0,12,Dec
4383,Social Media,Mobile,South,Lead Gen,25-34,2024-12-31 04:00:00,156,13,3.75,Product View,0,0.0,12,Dec
4384,Social Media,Desktop,South,Lead Gen,18-24,2024-12-31 06:00:00,570,9,10.74,Checkout,0,0.0,12,Dec
4385,Referral,Mobile,North,Seasonal Offer,18-24,2024-12-31 08:00:00,662,14,6.38,Bounced,0,0.0,12,Dec
4386,Social Media,Mobile,South,Seasonal Offer,25-34,2024-12-31 10:00:00,227,11,5.29,Product View,0,0.0,12,Dec
4387,Direct,Tablet,North,Brand Awareness,35-44,2024-12-31 12:00:00,715,5,13.15,Converted,1,49.0,12,Dec
4388,Organic Search,Desktop,North,Brand Awareness,35-44,2024-12-31 14:00:00,685,11,13.8,Product View,0,0.0,12,Dec
4389,Organic Search,Desktop,West,Lead Gen,35-44,2024-12-31 16:00:00,511,8,14.25,Product View,0,0.0,12,Dec
4390,Organic Search,Mobile,West,Lead Gen,35-44,2024-12-31 18:00:00,208,4,4.45,Converted,1,249.0,12,Dec
4391,Organic Search,Tablet,South,Lead Gen,18-24,2024-12-31 20:00:00,898,14,13.73,Converted,1,149.0,12,Dec
4392,Social Media,Tablet,West,Lead Gen,18-24,2024-12-31 22:00:00,552,1,11.19,Bounced,0,0.0,12,Dec
4393,Social Media,Desktop,West,Product Launch,25-34,2025-01-01 00:00:00,680,1,2.74,Converted,1,99.0,1,Jan
4394,Organic Search,Mobile,North,Brand Awareness,25-34,2025-01-01 02:00:00,466,6,9.35,Converted,1,49.0,1,Jan
4395,Referral,Desktop,East,Brand Awareness,18-24,2025-01-01 04:00:00,794,8,0.88,Converted,1,249.0,1,Jan
4396,Email,Desktop,North,Lead Gen,35-44,2025-01-01 06:00:00,886,10,10.77,Bounced,0,0.0,1,Jan
4397,Organic Search,Desktop,West,Retargeting,45-54,2025-01-01 08:00:00,343,2,11.14,Converted,1,499.0,1,Jan
4398,Organic Search,Desktop,North,Lead Gen,45-54,2025-01-01 10:00:00,48,11,11.95,Bounced,0,0.0,1,Jan
4399,Organic Search,Desktop,South,Seasonal Offer,45-54,2025-01-01 12:00:00,189,4,3.0,Bounced,0,0.0,1,Jan
4400,Organic Search,Desktop,East,Retargeting,35-44,2025-01-01 14:00:00,847,3,9.61,Checkout,0,0.0,1,Jan
4401,Organic Search,Mobile,West,Seasonal Offer,35-44,2025-01-01 16:00:00,151,13,3.09,Checkout,0,0.0,1,Jan
4402,Paid Search,Desktop,West,Retargeting,25-34,2025-01-01 18:00:00,101,9,14.23,Awareness,0,0.0,1,Jan
4403,Organic Search,Mobile,North,Seasonal Offer,55+,2025-01-01 20:00:00,84,3,10.29,Awareness,0,0.0,1,Jan
4404,Paid Search,Desktop,North,Lead Gen,25-34,2025-01-01 22:00:00,489,11,1.88,Bounced,0,0.0,1,Jan
4405,Direct,Desktop,North,Lead Gen,25-34,2025-01-02 00:00:00,198,8,3.21,Bounced,0,0.0,1,Jan
4406,Social Media,Desktop,North,Retargeting,25-34,2025-01-02 02:00:00,640,14,10.12,Product View,0,0.0,1,Jan
4407,Referral,Desktop,West,Seasonal Offer,55+,2025-01-02 04:00:00,611,7,7.41,Awareness,0,0.0,1,Jan
4408,Organic Search,Mobile,North,Product Launch,55+,2025-01-02 06:00:00,178,1,11.18,Converted,1,49.0,1,Jan
4409,Paid Search,Desktop,West,Retargeting,45-54,2025-01-02 08:00:00,658,8,4.57,Awareness,0,0.0,1,Jan
4410,Social Media,Mobile,North,Retargeting,35-44,2025-01-02 10:00:00,55,9,10.04,Bounced,0,0.0,1,Jan
4411,Organic Search,Desktop,East,Brand Awareness,35-44,2025-01-02 12:00:00,277,8,3.07,Converted,1,99.0,1,Jan
4412,Organic Search,Mobile,East,Retargeting,55+,2025-01-02 14:00:00,750,10,8.38,Converted,1,49.0,1,Jan
4413,Social Media,Mobile,North,Product Launch,35-44,2025-01-02 16:00:00,256,10,14.39,Checkout,0,0.0,1,Jan
4414,Social Media,Desktop,North,Lead Gen,55+,2025-01-02 18:00:00,655,1,9.61,Awareness,0,0.0,1,Jan
4415,Paid Search,Desktop,South,Seasonal Offer,25-34,2025-01-02 20:00:00,735,11,1.22,Bounced,0,0.0,1,Jan
4416,Paid Search,Desktop,East,Brand Awareness,25-34,2025-01-02 22:00:00,513,13,14.84,Awareness,0,0.0,1,Jan
4417,Paid Search,Mobile,West,Seasonal Offer,45-54,2025-01-03 00:00:00,862,11,2.77,Bounced,0,0.0,1,Jan
4418,Organic Search,Desktop,East,Lead Gen,18-24,2025-01-03 02:00:00,39,7,10.91,Converted,1,249.0,1,Jan
4419,Paid Search,Mobile,West,Retargeting,55+,2025-01-03 04:00:00,124,13,8.22,Converted,1,99.0,1,Jan
4420,Organic Search,Mobile,North,Product Launch,35-44,2025-01-03 06:00:00,150,9,4.77,Checkout,0,0.0,1,Jan
4421,Organic Search,Tablet,East,Brand Awareness,55+,2025-01-03 08:00:00,155,14,3.07,Checkout,0,0.0,1,Jan
4422,Direct,Mobile,East,Product Launch,25-34,2025-01-03 10:00:00,578,5,3.08,Product View,0,0.0,1,Jan
4423,Social Media,Mobile,South,Product Launch,35-44,2025-01-03 12:00:00,98,2,12.95,Bounced,0,0.0,1,Jan
4424,Email,Desktop,South,Product Launch,25-34,2025-01-03 14:00:00,326,14,13.16,Checkout,0,0.0,1,Jan
4425,Paid Search,Tablet,East,Product Launch,35-44,2025-01-03 16:00:00,715,8,7.24,Awareness,0,0.0,1,Jan
4426,Paid Search,Mobile,East,Lead Gen,35-44,2025-01-03 18:00:00,530,9,2.0,Converted,1,149.0,1,Jan
4427,Organic Search,Desktop,East,Product Launch,55+,2025-01-03 20:00:00,74,7,13.32,Converted,1,99.0,1,Jan
4428,Organic Search,Mobile,West,Product Launch,35-44,2025-01-03 22:00:00,664,12,7.56,Converted,1,99.0,1,Jan
4429,Organic Search,Desktop,North,Lead Gen,25-34,2025-01-04 00:00:00,411,13,6.86,Awareness,0,0.0,1,Jan
4430,Email,Mobile,South,Seasonal Offer,55+,2025-01-04 02:00:00,56,5,6.41,Product View,0,0.0,1,Jan
4431,Social Media,Mobile,North,Lead Gen,25-34,2025-01-04 04:00:00,734,8,5.79,Checkout,0,0.0,1,Jan
4432,Social Media,Desktop,South,Retargeting,25-34,2025-01-04 06:00:00,526,6,8.13,Awareness,0,0.0,1,Jan
4433,Paid Search,Mobile,South,Lead Gen,18-24,2025-01-04 08:00:00,881,12,9.27,Awareness,0,0.0,1,Jan
4434,Referral,Desktop,South,Seasonal Offer,45-54,2025-01-04 10:00:00,165,4,7.26,Converted,1,249.0,1,Jan
4435,Organic Search,Desktop,East,Retargeting,25-34,2025-01-04 12:00:00,736,1,13.5,Awareness,0,0.0,1,Jan
4436,Organic Search,Desktop,South,Retargeting,25-34,2025-01-04 14:00:00,78,6,5.11,Bounced,0,0.0,1,Jan
4437,Paid Search,Mobile,North,Brand Awareness,55+,2025-01-04 16:00:00,637,8,8.89,Checkout,0,0.0,1,Jan
4438,Email,Desktop,South,Product Launch,45-54,2025-01-04 18:00:00,536,3,4.85,Awareness,0,0.0,1,Jan
4439,Direct,Desktop,North,Retargeting,18-24,2025-01-04 20:00:00,150,12,11.42,Converted,1,99.0,1,Jan
4440,Organic Search,Mobile,South,Retargeting,45-54,2025-01-04 22:00:00,790,7,1.98,Bounced,0,0.0,1,Jan
4441,Referral,Desktop,South,Seasonal Offer,55+,2025-01-05 00:00:00,246,13,3.24,Bounced,0,0.0,1,Jan
4442,Email,Desktop,East,Retargeting,18-24,2025-01-05 02:00:00,655,12,12.12,Checkout,0,0.0,1,Jan
4443,Organic Search,Desktop,North,Seasonal Offer,45-54,2025-01-05 04:00:00,555,7,3.16,Checkout,0,0.0,1,Jan
4444,Paid Search,Desktop,South,Product Launch,35-44,2025-01-05 06:00:00,603,9,9.57,Product View,0,0.0,1,Jan
4445,Paid Search,Desktop,South,Brand Awareness,35-44,2025-01-05 08:00:00,72,1,14.57,Checkout,0,0.0,1,Jan
4446,Direct,Desktop,North,Brand Awareness,25-34,2025-01-05 10:00:00,781,5,8.08,Converted,1,249.0,1,Jan
4447,Organic Search,Tablet,South,Product Launch,35-44,2025-01-05 12:00:00,125,8,3.22,Awareness,0,0.0,1,Jan
4448,Email,Mobile,West,Product Launch,18-24,2025-01-05 14:00:00,56,13,5.15,Converted,1,99.0,1,Jan
4449,Paid Search,Desktop,East,Lead Gen,45-54,2025-01-05 16:00:00,865,13,12.44,Checkout,0,0.0,1,Jan
4450,Email,Desktop,North,Retargeting,18-24,2025-01-05 18:00:00,271,3,5.6,Awareness,0,0.0,1,Jan
4451,Paid Search,Desktop,East,Retargeting,25-34,2025-01-05 20:00:00,516,5,10.99,Awareness,0,0.0,1,Jan
4452,Social Media,Mobile,West,Retargeting,25-34,2025-01-05 22:00:00,269,14,11.77,Converted,1,49.0,1,Jan
4453,Email,Desktop,West,Seasonal Offer,45-54,2025-01-06 00:00:00,333,1,7.77,Awareness,0,0.0,1,Jan
4454,Email,Desktop,West,Lead Gen,25-34,2025-01-06 02:00:00,96,9,11.86,Bounced,0,0.0,1,Jan
4455,Referral,Mobile,North,Retargeting,25-34,2025-01-06 04:00:00,310,4,5.1,Converted,1,99.0,1,Jan
4456,Organic Search,Desktop,West,Seasonal Offer,25-34,2025-01-06 06:00:00,221,5,7.98,Product View,0,0.0,1,Jan
4457,Social Media,Desktop,North,Seasonal Offer,45-54,2025-01-06 08:00:00,148,3,10.46,Bounced,0,0.0,1,Jan
4458,Organic Search,Mobile,North,Brand Awareness,25-34,2025-01-06 10:00:00,181,14,2.94,Awareness,0,0.0,1,Jan
4459,Paid Search,Mobile,South,Seasonal Offer,45-54,2025-01-06 12:00:00,806,2,4.47,Checkout,0,0.0,1,Jan
4460,Social Media,Desktop,North,Product Launch,18-24,2025-01-06 14:00:00,421,12,9.95,Checkout,0,0.0,1,Jan
4461,Paid Search,Mobile,West,Seasonal Offer,25-34,2025-01-06 16:00:00,260,14,10.0,Bounced,0,0.0,1,Jan
4462,Paid Search,Desktop,North,Product Launch,35-44,2025-01-06 18:00:00,380,7,7.65,Bounced,0,0.0,1,Jan
4463,Direct,Mobile,North,Product Launch,55+,2025-01-06 20:00:00,790,11,12.04,Awareness,0,0.0,1,Jan
4464,Organic Search,Desktop,East,Brand Awareness,18-24,2025-01-06 22:00:00,600,5,7.49,Bounced,0,0.0,1,Jan
4465,Social Media,Mobile,West,Brand Awareness,18-24,2025-01-07 00:00:00,558,11,13.28,Bounced,0,0.0,1,Jan
4466,Paid Search,Tablet,North,Seasonal Offer,25-34,2025-01-07 02:00:00,200,10,11.17,Bounced,0,0.0,1,Jan
4467,Organic Search,Tablet,South,Brand Awareness,35-44,2025-01-07 04:00:00,892,14,5.06,Awareness,0,0.0,1,Jan
4468,Organic Search,Tablet,North,Brand Awareness,25-34,2025-01-07 06:00:00,161,3,6.23,Bounced,0,0.0,1,Jan
4469,Referral,Mobile,North,Retargeting,45-54,2025-01-07 08:00:00,386,2,10.18,Converted,1,99.0,1,Jan
4470,Referral,Desktop,East,Seasonal Offer,18-24,2025-01-07 10:00:00,677,10,13.47,Bounced,0,0.0,1,Jan
4471,Referral,Desktop,West,Seasonal Offer,25-34,2025-01-07 12:00:00,71,6,3.09,Converted,1,99.0,1,Jan
4472,Direct,Mobile,West,Seasonal Offer,25-34,2025-01-07 14:00:00,334,10,7.96,Converted,1,249.0,1,Jan
4473,Organic Search,Mobile,South,Brand Awareness,35-44,2025-01-07 16:00:00,35,6,2.22,Product View,0,0.0,1,Jan
4474,Paid Search,Desktop,South,Brand Awareness,35-44,2025-01-07 18:00:00,358,3,4.55,Checkout,0,0.0,1,Jan
4475,Social Media,Tablet,South,Product Launch,18-24,2025-01-07 20:00:00,199,13,10.45,Converted,1,99.0,1,Jan
4476,Paid Search,Mobile,North,Lead Gen,55+,2025-01-07 22:00:00,829,9,1.63,Bounced,0,0.0,1,Jan
4477,Paid Search,Tablet,North,Lead Gen,25-34,2025-01-08 00:00:00,367,1,10.1,Awareness,0,0.0,1,Jan
4478,Paid Search,Mobile,South,Lead Gen,35-44,2025-01-08 02:00:00,756,3,13.56,Bounced,0,0.0,1,Jan
4479,Social Media,Desktop,West,Retargeting,35-44,2025-01-08 04:00:00,98,13,14.56,Bounced,0,0.0,1,Jan
4480,Social Media,Desktop,West,Brand Awareness,25-34,2025-01-08 06:00:00,568,1,3.64,Awareness,0,0.0,1,Jan
4481,Organic Search,Desktop,South,Product Launch,45-54,2025-01-08 08:00:00,766,7,11.36,Checkout,0,0.0,1,Jan
4482,Paid Search,Desktop,East,Product Launch,45-54,2025-01-08 10:00:00,863,2,13.93,Checkout,0,0.0,1,Jan
4483,Social Media,Mobile,West,Lead Gen,25-34,2025-01-08 12:00:00,536,11,1.82,Awareness,0,0.0,1,Jan
4484,Social Media,Mobile,West,Retargeting,35-44,2025-01-08 14:00:00,775,11,6.5,Bounced,0,0.0,1,Jan
4485,Organic Search,Mobile,South,Retargeting,25-34,2025-01-08 16:00:00,515,12,13.83,Product View,0,0.0,1,Jan
4486,Email,Mobile,West,Lead Gen,35-44,2025-01-08 18:00:00,472,4,3.44,Checkout,0,0.0,1,Jan
4487,Organic Search,Desktop,North,Lead Gen,25-34,2025-01-08 20:00:00,80,4,14.04,Converted,1,249.0,1,Jan
4488,Paid Search,Desktop,North,Brand Awareness,45-54,2025-01-08 22:00:00,178,14,8.14,Product View,0,0.0,1,Jan
4489,Email,Desktop,West,Retargeting,25-34,2025-01-09 00:00:00,616,13,1.95,Converted,1,99.0,1,Jan
4490,Social Media,Desktop,North,Product Launch,18-24,2025-01-09 02:00:00,847,8,7.02,Bounced,0,0.0,1,Jan
4491,Organic Search,Mobile,East,Lead Gen,25-34,2025-01-09 04:00:00,121,11,5.23,Converted,1,49.0,1,Jan
4492,Social Media,Desktop,West,Brand Awareness,25-34,2025-01-09 06:00:00,397,4,4.59,Awareness,0,0.0,1,Jan
4493,Social Media,Desktop,South,Product Launch,35-44,2025-01-09 08:00:00,609,3,8.35,Checkout,0,0.0,1,Jan
4494,Email,Desktop,North,Retargeting,25-34,2025-01-09 10:00:00,776,10,7.51,Awareness,0,0.0,1,Jan
4495,Email,Mobile,East,Lead Gen,45-54,2025-01-09 12:00:00,685,12,7.49,Checkout,0,0.0,1,Jan
4496,Social Media,Desktop,East,Lead Gen,25-34,2025-01-09 14:00:00,105,3,1.78,Checkout,0,0.0,1,Jan
4497,Paid Search,Desktop,North,Brand Awareness,35-44,2025-01-09 16:00:00,115,5,12.13,Awareness,0,0.0,1,Jan
4498,Organic Search,Desktop,East,Brand Awareness,35-44,2025-01-09 18:00:00,256,6,7.48,Bounced,0,0.0,1,Jan
4499,Organic Search,Tablet,West,Retargeting,55+,2025-01-09 20:00:00,392,7,12.4,Bounced,0,0.0,1,Jan
4500,Paid Search,Desktop,East,Lead Gen,55+,2025-01-09 22:00:00,597,13,12.46,Checkout,0,0.0,1,Jan
4501,Social Media,Mobile,North,Brand Awareness,45-54,2025-01-10 00:00:00,621,5,5.1,Bounced,0,0.0,1,Jan
4502,Paid Search,Mobile,East,Lead Gen,45-54,2025-01-10 02:00:00,53,7,0.56,Converted,1,49.0,1,Jan
4503,Organic Search,Mobile,North,Retargeting,25-34,2025-01-10 04:00:00,768,4,13.71,Converted,1,249.0,1,Jan
4504,Organic Search,Tablet,North,Lead Gen,45-54,2025-01-10 06:00:00,57,5,11.53,Product View,0,0.0,1,Jan
4505,Paid Search,Desktop,East,Product Launch,55+,2025-01-10 08:00:00,150,6,2.06,Checkout,0,0.0,1,Jan
4506,Organic Search,Desktop,North,Lead Gen,18-24,2025-01-10 10:00:00,519,9,10.68,Bounced,0,0.0,1,Jan
4507,Email,Desktop,North,Seasonal Offer,35-44,2025-01-10 12:00:00,634,6,0.79,Bounced,0,0.0,1,Jan
4508,Organic Search,Mobile,South,Seasonal Offer,25-34,2025-01-10 14:00:00,882,10,0.9,Converted,1,49.0,1,Jan
4509,Social Media,Desktop,West,Retargeting,35-44,2025-01-10 16:00:00,653,14,8.12,Product View,0,0.0,1,Jan
4510,Referral,Desktop,North,Retargeting,25-34,2025-01-10 18:00:00,374,11,1.89,Product View,0,0.0,1,Jan
4511,Organic Search,Mobile,West,Retargeting,35-44,2025-01-10 20:00:00,60,1,14.48,Awareness,0,0.0,1,Jan
4512,Paid Search,Mobile,South,Product Launch,35-44,2025-01-10 22:00:00,684,12,13.46,Bounced,0,0.0,1,Jan
4513,Organic Search,Desktop,South,Product Launch,55+,2025-01-11 00:00:00,839,11,9.92,Bounced,0,0.0,1,Jan
4514,Social Media,Mobile,South,Lead Gen,35-44,2025-01-11 02:00:00,256,7,1.42,Bounced,0,0.0,1,Jan
4515,Social Media,Mobile,South,Brand Awareness,45-54,2025-01-11 04:00:00,899,14,5.21,Product View,0,0.0,1,Jan
4516,Paid Search,Desktop,West,Seasonal Offer,25-34,2025-01-11 06:00:00,279,11,5.89,Bounced,0,0.0,1,Jan
4517,Social Media,Desktop,East,Seasonal Offer,25-34,2025-01-11 08:00:00,79,13,7.47,Checkout,0,0.0,1,Jan
4518,Referral,Mobile,East,Seasonal Offer,25-34,2025-01-11 10:00:00,755,11,2.95,Bounced,0,0.0,1,Jan
4519,Organic Search,Mobile,West,Lead Gen,25-34,2025-01-11 12:00:00,418,3,8.87,Converted,1,49.0,1,Jan
4520,Organic Search,Desktop,North,Lead Gen,25-34,2025-01-11 14:00:00,810,6,6.82,Awareness,0,0.0,1,Jan
4521,Referral,Desktop,West,Retargeting,35-44,2025-01-11 16:00:00,317,2,14.24,Converted,1,49.0,1,Jan
4522,Social Media,Mobile,North,Brand Awareness,35-44,2025-01-11 18:00:00,736,14,14.07,Awareness,0,0.0,1,Jan
4523,Referral,Tablet,North,Retargeting,35-44,2025-01-11 20:00:00,795,12,8.7,Awareness,0,0.0,1,Jan
4524,Social Media,Mobile,East,Lead Gen,25-34,2025-01-11 22:00:00,620,7,9.84,Bounced,0,0.0,1,Jan
4525,Email,Desktop,South,Product Launch,25-34,2025-01-12 00:00:00,504,1,2.5,Awareness,0,0.0,1,Jan
4526,Paid Search,Desktop,East,Retargeting,35-44,2025-01-12 02:00:00,785,13,3.74,Awareness,0,0.0,1,Jan
4527,Email,Mobile,East,Lead Gen,18-24,2025-01-12 04:00:00,632,2,13.56,Converted,1,99.0,1,Jan
4528,Referral,Desktop,West,Lead Gen,25-34,2025-01-12 06:00:00,35,9,10.64,Bounced,0,0.0,1,Jan
4529,Social Media,Tablet,West,Product Launch,18-24,2025-01-12 08:00:00,822,9,3.25,Bounced,0,0.0,1,Jan
4530,Organic Search,Tablet,North,Product Launch,18-24,2025-01-12 10:00:00,441,7,8.77,Converted,1,99.0,1,Jan
4531,Organic Search,Desktop,West,Product Launch,25-34,2025-01-12 12:00:00,691,2,14.05,Bounced,0,0.0,1,Jan
4532,Organic Search,Tablet,North,Brand Awareness,18-24,2025-01-12 14:00:00,353,5,5.5,Bounced,0,0.0,1,Jan
4533,Organic Search,Desktop,North,Lead Gen,25-34,2025-01-12 16:00:00,428,4,3.19,Awareness,0,0.0,1,Jan
4534,Paid Search,Mobile,South,Product Launch,35-44,2025-01-12 18:00:00,311,2,14.16,Checkout,0,0.0,1,Jan
4535,Social Media,Desktop,South,Brand Awareness,18-24,2025-01-12 20:00:00,220,2,7.19,Bounced,0,0.0,1,Jan
4536,Social Media,Desktop,East,Seasonal Offer,25-34,2025-01-12 22:00:00,815,10,6.55,Product View,0,0.0,1,Jan
4537,Paid Search,Mobile,South,Seasonal Offer,55+,2025-01-13 00:00:00,614,8,4.38,Awareness,0,0.0,1,Jan
4538,Social Media,Mobile,North,Seasonal Offer,45-54,2025-01-13 02:00:00,859,5,13.43,Awareness,0,0.0,1,Jan
4539,Organic Search,Desktop,West,Lead Gen,25-34,2025-01-13 04:00:00,529,8,12.76,Bounced,0,0.0,1,Jan
4540,Organic Search,Mobile,South,Brand Awareness,55+,2025-01-13 06:00:00,609,2,6.34,Awareness,0,0.0,1,Jan
4541,Organic Search,Desktop,South,Brand Awareness,25-34,2025-01-13 08:00:00,845,2,0.94,Converted,1,49.0,1,Jan
4542,Paid Search,Desktop,South,Seasonal Offer,18-24,2025-01-13 10:00:00,463,11,6.98,Bounced,0,0.0,1,Jan
4543,Organic Search,Desktop,South,Retargeting,55+,2025-01-13 12:00:00,92,11,3.12,Checkout,0,0.0,1,Jan
4544,Organic Search,Desktop,North,Seasonal Offer,45-54,2025-01-13 14:00:00,482,3,2.57,Checkout,0,0.0,1,Jan
4545,Paid Search,Desktop,North,Lead Gen,25-34,2025-01-13 16:00:00,522,11,6.2,Product View,0,0.0,1,Jan
4546,Email,Desktop,East,Seasonal Offer,35-44,2025-01-13 18:00:00,675,10,1.94,Converted,1,99.0,1,Jan
4547,Organic Search,Desktop,West,Seasonal Offer,35-44,2025-01-13 20:00:00,471,8,14.38,Bounced,0,0.0,1,Jan
4548,Social Media,Desktop,East,Brand Awareness,25-34,2025-01-13 22:00:00,336,8,1.19,Awareness,0,0.0,1,Jan
4549,Social Media,Desktop,East,Seasonal Offer,25-34,2025-01-14 00:00:00,809,3,6.32,Bounced,0,0.0,1,Jan
4550,Email,Tablet,South,Product Launch,25-34,2025-01-14 02:00:00,764,1,2.86,Converted,1,99.0,1,Jan
4551,Referral,Desktop,West,Product Launch,55+,2025-01-14 04:00:00,155,7,10.49,Awareness,0,0.0,1,Jan
4552,Organic Search,Tablet,South,Retargeting,18-24,2025-01-14 06:00:00,294,4,1.64,Awareness,0,0.0,1,Jan
4553,Organic Search,Mobile,North,Lead Gen,45-54,2025-01-14 08:00:00,36,3,8.43,Product View,0,0.0,1,Jan
4554,Referral,Mobile,East,Lead Gen,18-24,2025-01-14 10:00:00,442,5,11.71,Bounced,0,0.0,1,Jan
4555,Paid Search,Mobile,West,Brand Awareness,25-34,2025-01-14 12:00:00,235,12,14.28,Product View,0,0.0,1,Jan
4556,Social Media,Mobile,North,Lead Gen,35-44,2025-01-14 14:00:00,208,6,10.63,Bounced,0,0.0,1,Jan
4557,Social Media,Desktop,East,Retargeting,35-44,2025-01-14 16:00:00,497,14,1.94,Converted,1,149.0,1,Jan
4558,Social Media,Mobile,West,Product Launch,18-24,2025-01-14 18:00:00,525,1,1.78,Product View,0,0.0,1,Jan
4559,Referral,Mobile,East,Brand Awareness,25-34,2025-01-14 20:00:00,724,12,11.11,Bounced,0,0.0,1,Jan
4560,Direct,Mobile,West,Product Launch,35-44,2025-01-14 22:00:00,472,12,3.62,Awareness,0,0.0,1,Jan
4561,Email,Mobile,East,Retargeting,18-24,2025-01-15 00:00:00,257,9,6.98,Product View,0,0.0,1,Jan
4562,Organic Search,Desktop,South,Brand Awareness,18-24,2025-01-15 02:00:00,777,6,14.66,Bounced,0,0.0,1,Jan
4563,Referral,Mobile,East,Seasonal Offer,35-44,2025-01-15 04:00:00,175,3,12.39,Product View,0,0.0,1,Jan
4564,Organic Search,Mobile,East,Lead Gen,35-44,2025-01-15 06:00:00,599,1,12.78,Awareness,0,0.0,1,Jan
4565,Organic Search,Desktop,West,Retargeting,25-34,2025-01-15 08:00:00,325,13,12.98,Product View,0,0.0,1,Jan
4566,Referral,Desktop,West,Brand Awareness,35-44,2025-01-15 10:00:00,270,9,9.48,Awareness,0,0.0,1,Jan
4567,Organic Search,Mobile,South,Product Launch,55+,2025-01-15 12:00:00,886,2,11.29,Checkout,0,0.0,1,Jan
4568,Organic Search,Mobile,West,Brand Awareness,18-24,2025-01-15 14:00:00,316,14,5.7,Product View,0,0.0,1,Jan
4569,Organic Search,Desktop,East,Seasonal Offer,35-44,2025-01-15 16:00:00,704,10,14.98,Bounced,0,0.0,1,Jan
4570,Referral,Mobile,West,Retargeting,18-24,2025-01-15 18:00:00,55,6,4.55,Converted,1,249.0,1,Jan
4571,Paid Search,Desktop,West,Brand Awareness,18-24,2025-01-15 20:00:00,481,6,9.06,Converted,1,149.0,1,Jan
4572,Social Media,Desktop,West,Retargeting,25-34,2025-01-15 22:00:00,135,12,4.59,Converted,1,99.0,1,Jan
4573,Organic Search,Desktop,South,Retargeting,25-34,2025-01-16 00:00:00,269,3,2.13,Checkout,0,0.0,1,Jan
4574,Email,Desktop,South,Product Launch,45-54,2025-01-16 02:00:00,881,11,8.73,Checkout,0,0.0,1,Jan
4575,Email,Desktop,North,Lead Gen,25-34,2025-01-16 04:00:00,447,6,5.62,Converted,1,49.0,1,Jan
4576,Paid Search,Desktop,South,Seasonal Offer,35-44,2025-01-16 06:00:00,361,14,8.96,Awareness,0,0.0,1,Jan
4577,Paid Search,Mobile,South,Brand Awareness,25-34,2025-01-16 08:00:00,71,2,8.6,Awareness,0,0.0,1,Jan
4578,Organic Search,Mobile,South,Lead Gen,25-34,2025-01-16 10:00:00,674,8,8.36,Bounced,0,0.0,1,Jan
4579,Direct,Desktop,East,Product Launch,35-44,2025-01-16 12:00:00,858,13,2.29,Bounced,0,0.0,1,Jan
4580,Social Media,Desktop,North,Lead Gen,45-54,2025-01-16 14:00:00,585,1,6.88,Bounced,0,0.0,1,Jan
4581,Referral,Desktop,East,Retargeting,45-54,2025-01-16 16:00:00,64,6,12.27,Converted,1,249.0,1,Jan
4582,Paid Search,Mobile,South,Retargeting,45-54,2025-01-16 18:00:00,376,14,5.07,Converted,1,99.0,1,Jan
4583,Email,Desktop,South,Seasonal Offer,25-34,2025-01-16 20:00:00,413,1,6.94,Awareness,0,0.0,1,Jan
4584,Email,Desktop,North,Brand Awareness,45-54,2025-01-16 22:00:00,542,9,7.66,Awareness,0,0.0,1,Jan
4585,Social Media,Tablet,North,Brand Awareness,25-34,2025-01-17 00:00:00,767,13,13.01,Checkout,0,0.0,1,Jan
4586,Direct,Mobile,West,Product Launch,35-44,2025-01-17 02:00:00,840,13,10.01,Converted,1,99.0,1,Jan
4587,Paid Search,Desktop,South,Seasonal Offer,55+,2025-01-17 04:00:00,317,9,1.95,Bounced,0,0.0,1,Jan
4588,Organic Search,Desktop,South,Brand Awareness,18-24,2025-01-17 06:00:00,777,6,13.04,Awareness,0,0.0,1,Jan
4589,Social Media,Desktop,East,Retargeting,25-34,2025-01-17 08:00:00,62,6,12.56,Awareness,0,0.0,1,Jan
4590,Email,Mobile,West,Seasonal Offer,35-44,2025-01-17 10:00:00,124,9,11.43,Converted,1,249.0,1,Jan
4591,Social Media,Mobile,South,Lead Gen,35-44,2025-01-17 12:00:00,234,14,7.26,Bounced,0,0.0,1,Jan
4592,Organic Search,Desktop,East,Seasonal Offer,25-34,2025-01-17 14:00:00,650,5,11.48,Bounced,0,0.0,1,Jan
4593,Paid Search,Mobile,North,Seasonal Offer,55+,2025-01-17 16:00:00,863,9,7.44,Bounced,0,0.0,1,Jan
4594,Paid Search,Desktop,East,Brand Awareness,35-44,2025-01-17 18:00:00,59,5,11.18,Bounced,0,0.0,1,Jan
4595,Paid Search,Desktop,South,Product Launch,25-34,2025-01-17 20:00:00,295,14,13.26,Awareness,0,0.0,1,Jan
4596,Social Media,Desktop,East,Product Launch,18-24,2025-01-17 22:00:00,52,14,13.41,Bounced,0,0.0,1,Jan
4597,Email,Desktop,East,Brand Awareness,45-54,2025-01-18 00:00:00,638,4,7.09,Product View,0,0.0,1,Jan
4598,Organic Search,Desktop,West,Brand Awareness,18-24,2025-01-18 02:00:00,68,2,12.96,Checkout,0,0.0,1,Jan
4599,Paid Search,Desktop,West,Brand Awareness,18-24,2025-01-18 04:00:00,202,2,1.97,Bounced,0,0.0,1,Jan
4600,Organic Search,Desktop,North,Product Launch,35-44,2025-01-18 06:00:00,789,13,1.98,Product View,0,0.0,1,Jan
4601,Organic Search,Desktop,West,Brand Awareness,35-44,2025-01-18 08:00:00,442,1,8.45,Awareness,0,0.0,1,Jan
4602,Email,Mobile,East,Lead Gen,35-44,2025-01-18 10:00:00,443,10,9.95,Bounced,0,0.0,1,Jan
4603,Referral,Desktop,West,Lead Gen,25-34,2025-01-18 12:00:00,703,14,2.72,Bounced,0,0.0,1,Jan
4604,Paid Search,Desktop,South,Retargeting,45-54,2025-01-18 14:00:00,721,3,7.35,Awareness,0,0.0,1,Jan
4605,Email,Mobile,East,Lead Gen,55+,2025-01-18 16:00:00,644,1,1.87,Converted,1,499.0,1,Jan
4606,Referral,Mobile,East,Seasonal Offer,25-34,2025-01-18 18:00:00,238,13,9.23,Checkout,0,0.0,1,Jan
4607,Email,Mobile,East,Retargeting,35-44,2025-01-18 20:00:00,51,6,12.9,Bounced,0,0.0,1,Jan
4608,Organic Search,Desktop,South,Lead Gen,55+,2025-01-18 22:00:00,34,14,11.2,Checkout,0,0.0,1,Jan
4609,Direct,Desktop,East,Seasonal Offer,35-44,2025-01-19 00:00:00,680,11,5.99,Bounced,0,0.0,1,Jan
4610,Paid Search,Mobile,West,Lead Gen,35-44,2025-01-19 02:00:00,243,13,14.91,Converted,1,249.0,1,Jan
4611,Paid Search,Mobile,South,Seasonal Offer,25-34,2025-01-19 04:00:00,701,7,10.11,Awareness,0,0.0,1,Jan
4612,Organic Search,Desktop,East,Brand Awareness,35-44,2025-01-19 06:00:00,168,9,12.32,Product View,0,0.0,1,Jan
4613,Paid Search,Tablet,West,Seasonal Offer,35-44,2025-01-19 08:00:00,686,14,10.21,Checkout,0,0.0,1,Jan
4614,Organic Search,Desktop,West,Brand Awareness,35-44,2025-01-19 10:00:00,701,7,14.85,Bounced,0,0.0,1,Jan
4615,Organic Search,Tablet,North,Seasonal Offer,55+,2025-01-19 12:00:00,624,4,12.41,Awareness,0,0.0,1,Jan
4616,Paid Search,Mobile,West,Seasonal Offer,18-24,2025-01-19 14:00:00,696,14,8.03,Checkout,0,0.0,1,Jan
4617,Email,Mobile,West,Lead Gen,18-24,2025-01-19 16:00:00,829,4,5.82,Checkout,0,0.0,1,Jan
4618,Referral,Tablet,North,Seasonal Offer,18-24,2025-01-19 18:00:00,346,8,10.39,Awareness,0,0.0,1,Jan
4619,Paid Search,Mobile,North,Lead Gen,35-44,2025-01-19 20:00:00,822,4,9.06,Checkout,0,0.0,1,Jan
4620,Referral,Desktop,South,Seasonal Offer,18-24,2025-01-19 22:00:00,605,1,9.63,Bounced,0,0.0,1,Jan
4621,Referral,Desktop,West,Product Launch,35-44,2025-01-20 00:00:00,733,9,5.47,Converted,1,499.0,1,Jan
4622,Email,Desktop,South,Retargeting,25-34,2025-01-20 02:00:00,185,3,6.72,Converted,1,249.0,1,Jan
4623,Organic Search,Desktop,South,Lead Gen,25-34,2025-01-20 04:00:00,453,14,8.59,Converted,1,149.0,1,Jan
4624,Social Media,Mobile,East,Lead Gen,25-34,2025-01-20 06:00:00,529,1,12.67,Checkout,0,0.0,1,Jan
4625,Referral,Desktop,South,Brand Awareness,45-54,2025-01-20 08:00:00,120,9,11.56,Checkout,0,0.0,1,Jan
4626,Social Media,Desktop,South,Product Launch,35-44,2025-01-20 10:00:00,683,11,2.22,Bounced,0,0.0,1,Jan
4627,Paid Search,Mobile,South,Brand Awareness,55+,2025-01-20 12:00:00,71,11,4.06,Converted,1,49.0,1,Jan
4628,Paid Search,Mobile,South,Product Launch,35-44,2025-01-20 14:00:00,790,14,0.89,Checkout,0,0.0,1,Jan
4629,Social Media,Desktop,North,Product Launch,18-24,2025-01-20 16:00:00,324,13,0.62,Product View,0,0.0,1,Jan
4630,Paid Search,Desktop,West,Seasonal Offer,25-34,2025-01-20 18:00:00,799,10,3.75,Awareness,0,0.0,1,Jan
4631,Organic Search,Desktop,East,Brand Awareness,55+,2025-01-20 20:00:00,366,14,12.09,Bounced,0,0.0,1,Jan
4632,Paid Search,Mobile,North,Retargeting,35-44,2025-01-20 22:00:00,30,10,13.62,Bounced,0,0.0,1,Jan
4633,Email,Desktop,East,Product Launch,18-24,2025-01-21 00:00:00,138,5,6.18,Converted,1,499.0,1,Jan
4634,Referral,Mobile,East,Product Launch,35-44,2025-01-21 02:00:00,154,12,8.67,Awareness,0,0.0,1,Jan
4635,Organic Search,Desktop,North,Lead Gen,25-34,2025-01-21 04:00:00,93,14,10.74,Awareness,0,0.0,1,Jan
4636,Direct,Desktop,South,Seasonal Offer,25-34,2025-01-21 06:00:00,235,9,14.32,Product View,0,0.0,1,Jan
4637,Paid Search,Tablet,North,Retargeting,25-34,2025-01-21 08:00:00,444,3,13.74,Product View,0,0.0,1,Jan
4638,Social Media,Desktop,East,Product Launch,45-54,2025-01-21 10:00:00,879,6,1.33,Bounced,0,0.0,1,Jan
4639,Email,Desktop,East,Lead Gen,18-24,2025-01-21 12:00:00,273,11,4.1,Checkout,0,0.0,1,Jan
4640,Email,Desktop,South,Brand Awareness,25-34,2025-01-21 14:00:00,619,12,1.21,Converted,1,249.0,1,Jan
4641,Referral,Desktop,North,Product Launch,25-34,2025-01-21 16:00:00,652,11,9.44,Checkout,0,0.0,1,Jan
4642,Paid Search,Mobile,West,Lead Gen,25-34,2025-01-21 18:00:00,683,12,10.8,Product View,0,0.0,1,Jan
4643,Referral,Desktop,East,Brand Awareness,35-44,2025-01-21 20:00:00,245,7,4.97,Converted,1,49.0,1,Jan
4644,Organic Search,Desktop,North,Seasonal Offer,18-24,2025-01-21 22:00:00,557,5,12.88,Awareness,0,0.0,1,Jan
4645,Social Media,Desktop,South,Brand Awareness,25-34,2025-01-22 00:00:00,595,12,7.07,Bounced,0,0.0,1,Jan
4646,Email,Mobile,South,Product Launch,55+,2025-01-22 02:00:00,682,8,14.98,Product View,0,0.0,1,Jan
4647,Social Media,Mobile,West,Retargeting,25-34,2025-01-22 04:00:00,409,10,0.51,Awareness,0,0.0,1,Jan
4648,Organic Search,Mobile,East,Brand Awareness,25-34,2025-01-22 06:00:00,877,6,2.09,Bounced,0,0.0,1,Jan
4649,Referral,Mobile,West,Retargeting,25-34,2025-01-22 08:00:00,108,12,4.88,Awareness,0,0.0,1,Jan
4650,Organic Search,Desktop,West,Retargeting,35-44,2025-01-22 10:00:00,444,6,0.87,Checkout,0,0.0,1,Jan
4651,Organic Search,Desktop,West,Brand Awareness,45-54,2025-01-22 12:00:00,482,13,11.84,Awareness,0,0.0,1,Jan
4652,Social Media,Desktop,West,Seasonal Offer,25-34,2025-01-22 14:00:00,178,7,1.27,Bounced,0,0.0,1,Jan
4653,Paid Search,Desktop,South,Brand Awareness,45-54,2025-01-22 16:00:00,668,8,11.36,Checkout,0,0.0,1,Jan
4654,Email,Desktop,East,Lead Gen,45-54,2025-01-22 18:00:00,699,12,1.26,Checkout,0,0.0,1,Jan
4655,Paid Search,Mobile,West,Retargeting,35-44,2025-01-22 20:00:00,820,13,4.16,Converted,1,99.0,1,Jan
4656,Organic Search,Mobile,East,Product Launch,18-24,2025-01-22 22:00:00,67,2,12.7,Bounced,0,0.0,1,Jan
4657,Email,Tablet,South,Retargeting,18-24,2025-01-23 00:00:00,186,7,14.29,Converted,1,49.0,1,Jan
4658,Social Media,Desktop,South,Product Launch,35-44,2025-01-23 02:00:00,362,9,6.51,Checkout,0,0.0,1,Jan
4659,Organic Search,Mobile,North,Lead Gen,45-54,2025-01-23 04:00:00,317,13,14.56,Product View,0,0.0,1,Jan
4660,Email,Mobile,North,Lead Gen,35-44,2025-01-23 06:00:00,141,1,9.59,Bounced,0,0.0,1,Jan
4661,Paid Search,Mobile,East,Lead Gen,25-34,2025-01-23 08:00:00,731,13,6.53,Product View,0,0.0,1,Jan
4662,Social Media,Desktop,North,Brand Awareness,18-24,2025-01-23 10:00:00,647,12,12.14,Bounced,0,0.0,1,Jan
4663,Paid Search,Desktop,West,Retargeting,35-44,2025-01-23 12:00:00,120,1,4.78,Awareness,0,0.0,1,Jan
4664,Email,Desktop,East,Product Launch,35-44,2025-01-23 14:00:00,895,7,4.35,Product View,0,0.0,1,Jan
4665,Email,Desktop,South,Lead Gen,25-34,2025-01-23 16:00:00,842,13,10.02,Bounced,0,0.0,1,Jan
4666,Social Media,Mobile,South,Lead Gen,18-24,2025-01-23 18:00:00,78,14,6.16,Converted,1,499.0,1,Jan
4667,Organic Search,Desktop,West,Product Launch,25-34,2025-01-23 20:00:00,190,5,2.47,Bounced,0,0.0,1,Jan
4668,Email,Desktop,North,Retargeting,35-44,2025-01-23 22:00:00,545,1,1.47,Bounced,0,0.0,1,Jan
4669,Social Media,Mobile,East,Retargeting,35-44,2025-01-24 00:00:00,431,14,11.92,Bounced,0,0.0,1,Jan
4670,Social Media,Mobile,East,Product Launch,45-54,2025-01-24 02:00:00,739,13,10.3,Bounced,0,0.0,1,Jan
4671,Paid Search,Desktop,West,Seasonal Offer,35-44,2025-01-24 04:00:00,349,1,6.47,Bounced,0,0.0,1,Jan
4672,Referral,Mobile,North,Retargeting,18-24,2025-01-24 06:00:00,393,2,13.5,Converted,1,99.0,1,Jan
4673,Email,Desktop,East,Product Launch,35-44,2025-01-24 08:00:00,471,11,6.46,Checkout,0,0.0,1,Jan
4674,Organic Search,Desktop,West,Product Launch,55+,2025-01-24 10:00:00,504,10,10.8,Checkout,0,0.0,1,Jan
4675,Paid Search,Desktop,East,Lead Gen,55+,2025-01-24 12:00:00,795,9,13.68,Converted,1,49.0,1,Jan
4676,Referral,Mobile,South,Product Launch,45-54,2025-01-24 14:00:00,631,12,12.69,Awareness,0,0.0,1,Jan
4677,Organic Search,Tablet,East,Brand Awareness,25-34,2025-01-24 16:00:00,341,12,7.91,Converted,1,49.0,1,Jan
4678,Direct,Desktop,East,Lead Gen,45-54,2025-01-24 18:00:00,561,3,10.37,Converted,1,499.0,1,Jan
4679,Social Media,Mobile,East,Lead Gen,45-54,2025-01-24 20:00:00,618,9,6.5,Bounced,0,0.0,1,Jan
4680,Social Media,Desktop,North,Retargeting,35-44,2025-01-24 22:00:00,249,6,9.88,Bounced,0,0.0,1,Jan
4681,Organic Search,Mobile,North,Seasonal Offer,25-34,2025-01-25 00:00:00,703,13,4.23,Bounced,0,0.0,1,Jan
4682,Organic Search,Desktop,West,Retargeting,55+,2025-01-25 02:00:00,526,10,6.8,Bounced,0,0.0,1,Jan
4683,Referral,Desktop,North,Brand Awareness,25-34,2025-01-25 04:00:00,372,6,3.54,Product View,0,0.0,1,Jan
4684,Organic Search,Mobile,East,Lead Gen,18-24,2025-01-25 06:00:00,656,7,1.05,Bounced,0,0.0,1,Jan
4685,Email,Mobile,East,Lead Gen,18-24,2025-01-25 08:00:00,123,10,9.03,Product View,0,0.0,1,Jan
4686,Paid Search,Desktop,North,Product Launch,35-44,2025-01-25 10:00:00,162,11,13.03,Bounced,0,0.0,1,Jan
4687,Organic Search,Desktop,North,Seasonal Offer,25-34,2025-01-25 12:00:00,530,8,0.87,Converted,1,149.0,1,Jan
4688,Organic Search,Desktop,East,Seasonal Offer,18-24,2025-01-25 14:00:00,201,11,3.34,Bounced,0,0.0,1,Jan
4689,Social Media,Desktop,East,Product Launch,35-44,2025-01-25 16:00:00,655,3,7.17,Bounced,0,0.0,1,Jan
4690,Direct,Mobile,South,Brand Awareness,45-54,2025-01-25 18:00:00,38,8,10.16,Product View,0,0.0,1,Jan
4691,Paid Search,Tablet,West,Seasonal Offer,35-44,2025-01-25 20:00:00,840,6,2.98,Bounced,0,0.0,1,Jan
4692,Paid Search,Desktop,North,Lead Gen,25-34,2025-01-25 22:00:00,801,6,1.32,Bounced,0,0.0,1,Jan
4693,Paid Search,Desktop,West,Brand Awareness,35-44,2025-01-26 00:00:00,711,11,8.03,Bounced,0,0.0,1,Jan
4694,Social Media,Mobile,East,Retargeting,18-24,2025-01-26 02:00:00,350,14,12.37,Checkout,0,0.0,1,Jan
4695,Paid Search,Desktop,West,Retargeting,25-34,2025-01-26 04:00:00,127,3,1.01,Checkout,0,0.0,1,Jan
4696,Referral,Mobile,North,Brand Awareness,25-34,2025-01-26 06:00:00,198,6,5.57,Converted,1,99.0,1,Jan
4697,Paid Search,Desktop,North,Lead Gen,45-54,2025-01-26 08:00:00,340,11,10.12,Converted,1,99.0,1,Jan
4698,Paid Search,Mobile,West,Retargeting,25-34,2025-01-26 10:00:00,759,13,2.4,Checkout,0,0.0,1,Jan
4699,Organic Search,Mobile,North,Lead Gen,18-24,2025-01-26 12:00:00,372,8,3.92,Bounced,0,0.0,1,Jan
4700,Direct,Mobile,South,Product Launch,25-34,2025-01-26 14:00:00,459,13,8.26,Product View,0,0.0,1,Jan
4701,Organic Search,Mobile,East,Seasonal Offer,25-34,2025-01-26 16:00:00,887,7,14.32,Bounced,0,0.0,1,Jan
4702,Organic Search,Desktop,East,Brand Awareness,55+,2025-01-26 18:00:00,585,10,4.67,Product View,0,0.0,1,Jan
4703,Social Media,Mobile,North,Seasonal Offer,55+,2025-01-26 20:00:00,529,10,7.57,Awareness,0,0.0,1,Jan
4704,Social Media,Mobile,East,Product Launch,25-34,2025-01-26 22:00:00,802,7,6.3,Checkout,0,0.0,1,Jan
4705,Paid Search,Desktop,South,Retargeting,25-34,2025-01-27 00:00:00,314,3,13.51,Bounced,0,0.0,1,Jan
4706,Paid Search,Desktop,North,Lead Gen,25-34,2025-01-27 02:00:00,667,10,1.54,Bounced,0,0.0,1,Jan
4707,Email,Desktop,South,Lead Gen,45-54,2025-01-27 04:00:00,289,14,8.71,Checkout,0,0.0,1,Jan
4708,Organic Search,Desktop,South,Product Launch,18-24,2025-01-27 06:00:00,524,3,12.77,Checkout,0,0.0,1,Jan
4709,Email,Desktop,East,Brand Awareness,18-24,2025-01-27 08:00:00,384,5,14.83,Converted,1,49.0,1,Jan
4710,Social Media,Mobile,East,Seasonal Offer,35-44,2025-01-27 10:00:00,243,12,10.63,Bounced,0,0.0,1,Jan
4711,Paid Search,Desktop,West,Retargeting,25-34,2025-01-27 12:00:00,846,5,6.01,Bounced,0,0.0,1,Jan
4712,Paid Search,Mobile,South,Brand Awareness,18-24,2025-01-27 14:00:00,229,9,6.47,Awareness,0,0.0,1,Jan
4713,Organic Search,Desktop,East,Product Launch,25-34,2025-01-27 16:00:00,265,13,5.6,Checkout,0,0.0,1,Jan
4714,Email,Desktop,South,Product Launch,25-34,2025-01-27 18:00:00,882,9,9.25,Converted,1,49.0,1,Jan
4715,Paid Search,Desktop,West,Lead Gen,35-44,2025-01-27 20:00:00,165,10,11.22,Converted,1,149.0,1,Jan
4716,Paid Search,Desktop,South,Retargeting,55+,2025-01-27 22:00:00,657,5,12.38,Converted,1,99.0,1,Jan
4717,Social Media,Desktop,North,Brand Awareness,18-24,2025-01-28 00:00:00,696,12,6.54,Checkout,0,0.0,1,Jan
4718,Direct,Desktop,West,Lead Gen,25-34,2025-01-28 02:00:00,451,14,10.89,Converted,1,99.0,1,Jan
4719,Paid Search,Desktop,West,Retargeting,55+,2025-01-28 04:00:00,370,5,13.79,Awareness,0,0.0,1,Jan
4720,Referral,Mobile,South,Seasonal Offer,45-54,2025-01-28 06:00:00,858,6,13.85,Checkout,0,0.0,1,Jan
4721,Paid Search,Mobile,South,Seasonal Offer,25-34,2025-01-28 08:00:00,371,13,10.71,Product View,0,0.0,1,Jan
4722,Organic Search,Desktop,East,Lead Gen,35-44,2025-01-28 10:00:00,559,13,9.74,Awareness,0,0.0,1,Jan
4723,Organic Search,Mobile,North,Brand Awareness,18-24,2025-01-28 12:00:00,417,8,8.21,Awareness,0,0.0,1,Jan
4724,Paid Search,Mobile,West,Retargeting,35-44,2025-01-28 14:00:00,33,6,3.16,Awareness,0,0.0,1,Jan
4725,Organic Search,Desktop,West,Seasonal Offer,55+,2025-01-28 16:00:00,706,14,2.29,Checkout,0,0.0,1,Jan
4726,Organic Search,Tablet,West,Seasonal Offer,35-44,2025-01-28 18:00:00,668,11,7.54,Bounced,0,0.0,1,Jan
4727,Referral,Mobile,East,Brand Awareness,25-34,2025-01-28 20:00:00,428,13,2.81,Bounced,0,0.0,1,Jan
4728,Email,Desktop,North,Lead Gen,25-34,2025-01-28 22:00:00,451,13,8.87,Checkout,0,0.0,1,Jan
4729,Email,Desktop,West,Product Launch,35-44,2025-01-29 00:00:00,440,12,9.86,Converted,1,99.0,1,Jan
4730,Organic Search,Desktop,West,Retargeting,35-44,2025-01-29 02:00:00,242,14,8.12,Bounced,0,0.0,1,Jan
4731,Organic Search,Desktop,East,Seasonal Offer,35-44,2025-01-29 04:00:00,589,6,1.03,Bounced,0,0.0,1,Jan
4732,Organic Search,Mobile,South,Product Launch,18-24,2025-01-29 06:00:00,587,9,1.34,Converted,1,49.0,1,Jan
4733,Email,Desktop,West,Brand Awareness,35-44,2025-01-29 08:00:00,587,1,2.14,Converted,1,499.0,1,Jan
4734,Referral,Mobile,North,Lead Gen,35-44,2025-01-29 10:00:00,77,14,2.73,Bounced,0,0.0,1,Jan
4735,Paid Search,Mobile,North,Retargeting,25-34,2025-01-29 12:00:00,216,4,14.85,Checkout,0,0.0,1,Jan
4736,Organic Search,Mobile,North,Brand Awareness,25-34,2025-01-29 14:00:00,531,10,5.5,Bounced,0,0.0,1,Jan
4737,Paid Search,Mobile,North,Lead Gen,25-34,2025-01-29 16:00:00,661,13,4.73,Checkout,0,0.0,1,Jan
4738,Paid Search,Desktop,East,Brand Awareness,35-44,2025-01-29 18:00:00,673,10,1.26,Bounced,0,0.0,1,Jan
4739,Paid Search,Desktop,West,Seasonal Offer,35-44,2025-01-29 20:00:00,560,12,9.71,Converted,1,49.0,1,Jan
4740,Social Media,Mobile,East,Seasonal Offer,45-54,2025-01-29 22:00:00,816,2,9.96,Product View,0,0.0,1,Jan
4741,Social Media,Desktop,North,Product Launch,25-34,2025-01-30 00:00:00,504,9,3.04,Bounced,0,0.0,1,Jan
4742,Organic Search,Desktop,North,Brand Awareness,55+,2025-01-30 02:00:00,773,3,13.83,Checkout,0,0.0,1,Jan
4743,Organic Search,Mobile,North,Seasonal Offer,35-44,2025-01-30 04:00:00,71,10,12.11,Converted,1,49.0,1,Jan
4744,Direct,Mobile,East,Lead Gen,25-34,2025-01-30 06:00:00,633,11,3.84,Bounced,0,0.0,1,Jan
4745,Organic Search,Desktop,North,Product Launch,18-24,2025-01-30 08:00:00,290,2,7.54,Converted,1,49.0,1,Jan
4746,Organic Search,Mobile,West,Retargeting,25-34,2025-01-30 10:00:00,77,8,7.15,Converted,1,49.0,1,Jan
4747,Organic Search,Mobile,North,Brand Awareness,55+,2025-01-30 12:00:00,823,4,5.55,Checkout,0,0.0,1,Jan
4748,Organic Search,Desktop,West,Seasonal Offer,25-34,2025-01-30 14:00:00,615,11,12.36,Awareness,0,0.0,1,Jan
4749,Paid Search,Desktop,West,Lead Gen,25-34,2025-01-30 16:00:00,757,2,2.08,Bounced,0,0.0,1,Jan
4750,Email,Tablet,North,Brand Awareness,25-34,2025-01-30 18:00:00,475,4,6.52,Bounced,0,0.0,1,Jan
4751,Paid Search,Desktop,East,Lead Gen,45-54,2025-01-30 20:00:00,250,7,6.71,Awareness,0,0.0,1,Jan
4752,Paid Search,Desktop,South,Product Launch,25-34,2025-01-30 22:00:00,650,14,7.3,Product View,0,0.0,1,Jan
4753,Social Media,Desktop,South,Seasonal Offer,25-34,2025-01-31 00:00:00,676,7,12.99,Product View,0,0.0,1,Jan
4754,Paid Search,Mobile,West,Seasonal Offer,25-34,2025-01-31 02:00:00,372,1,3.66,Bounced,0,0.0,1,Jan
4755,Referral,Desktop,East,Product Launch,25-34,2025-01-31 04:00:00,267,13,1.99,Awareness,0,0.0,1,Jan
4756,Referral,Desktop,South,Lead Gen,25-34,2025-01-31 06:00:00,184,12,9.46,Bounced,0,0.0,1,Jan
4757,Organic Search,Desktop,North,Brand Awareness,35-44,2025-01-31 08:00:00,870,12,3.02,Bounced,0,0.0,1,Jan
4758,Email,Tablet,North,Lead Gen,45-54,2025-01-31 10:00:00,85,1,1.59,Checkout,0,0.0,1,Jan
4759,Paid Search,Desktop,West,Brand Awareness,45-54,2025-01-31 12:00:00,416,3,6.69,Awareness,0,0.0,1,Jan
4760,Direct,Mobile,East,Product Launch,45-54,2025-01-31 14:00:00,739,2,3.68,Awareness,0,0.0,1,Jan
4761,Paid Search,Tablet,East,Retargeting,18-24,2025-01-31 16:00:00,344,3,5.74,Converted,1,49.0,1,Jan
4762,Direct,Desktop,South,Brand Awareness,45-54,2025-01-31 18:00:00,67,4,4.27,Converted,1,99.0,1,Jan
4763,Email,Tablet,South,Seasonal Offer,18-24,2025-01-31 20:00:00,370,14,1.84,Bounced,0,0.0,1,Jan
4764,Organic Search,Tablet,North,Seasonal Offer,18-24,2025-01-31 22:00:00,880,7,8.63,Product View,0,0.0,1,Jan
4765,Social Media,Mobile,West,Seasonal Offer,55+,2025-02-01 00:00:00,758,2,0.89,Awareness,0,0.0,2,Feb
4766,Direct,Desktop,East,Lead Gen,45-54,2025-02-01 02:00:00,260,7,14.51,Product View,0,0.0,2,Feb
4767,Referral,Mobile,South,Lead Gen,35-44,2025-02-01 04:00:00,481,5,5.45,Bounced,0,0.0,2,Feb
4768,Organic Search,Mobile,South,Lead Gen,45-54,2025-02-01 06:00:00,371,8,10.58,Converted,1,149.0,2,Feb
4769,Social Media,Tablet,West,Seasonal Offer,55+,2025-02-01 08:00:00,482,8,12.25,Bounced,0,0.0,2,Feb
4770,Paid Search,Desktop,West,Brand Awareness,35-44,2025-02-01 10:00:00,286,5,4.55,Product View,0,0.0,2,Feb
4771,Organic Search,Mobile,North,Seasonal Offer,35-44,2025-02-01 12:00:00,463,10,11.36,Bounced,0,0.0,2,Feb
4772,Paid Search,Desktop,West,Brand Awareness,45-54,2025-02-01 14:00:00,238,8,12.57,Awareness,0,0.0,2,Feb
4773,Organic Search,Desktop,North,Lead Gen,25-34,2025-02-01 16:00:00,230,12,4.0,Bounced,0,0.0,2,Feb
4774,Email,Desktop,North,Retargeting,25-34,2025-02-01 18:00:00,166,14,14.89,Checkout,0,0.0,2,Feb
4775,Paid Search,Mobile,West,Lead Gen,45-54,2025-02-01 20:00:00,669,9,0.8,Bounced,0,0.0,2,Feb
4776,Email,Desktop,West,Product Launch,25-34,2025-02-01 22:00:00,594,7,3.65,Bounced,0,0.0,2,Feb
4777,Organic Search,Mobile,West,Brand Awareness,18-24,2025-02-02 00:00:00,885,6,11.81,Awareness,0,0.0,2,Feb
4778,Paid Search,Tablet,West,Retargeting,25-34,2025-02-02 02:00:00,423,7,3.31,Product View,0,0.0,2,Feb
4779,Organic Search,Desktop,West,Lead Gen,25-34,2025-02-02 04:00:00,625,7,10.62,Checkout,0,0.0,2,Feb
4780,Organic Search,Mobile,North,Retargeting,55+,2025-02-02 06:00:00,750,3,12.91,Bounced,0,0.0,2,Feb
4781,Organic Search,Desktop,South,Seasonal Offer,35-44,2025-02-02 08:00:00,874,6,14.41,Awareness,0,0.0,2,Feb
4782,Organic Search,Desktop,East,Brand Awareness,35-44,2025-02-02 10:00:00,826,6,7.38,Product View,0,0.0,2,Feb
4783,Social Media,Mobile,East,Product Launch,55+,2025-02-02 12:00:00,65,11,14.58,Bounced,0,0.0,2,Feb
4784,Organic Search,Tablet,North,Seasonal Offer,55+,2025-02-02 14:00:00,244,9,6.47,Bounced,0,0.0,2,Feb
4785,Paid Search,Mobile,North,Retargeting,35-44,2025-02-02 16:00:00,56,1,3.66,Converted,1,49.0,2,Feb
4786,Paid Search,Mobile,South,Lead Gen,55+,2025-02-02 18:00:00,687,13,7.95,Converted,1,99.0,2,Feb
4787,Referral,Desktop,West,Brand Awareness,25-34,2025-02-02 20:00:00,47,7,9.92,Converted,1,249.0,2,Feb
4788,Referral,Desktop,North,Product Launch,25-34,2025-02-02 22:00:00,659,1,7.14,Converted,1,49.0,2,Feb
4789,Paid Search,Mobile,East,Lead Gen,25-34,2025-02-03 00:00:00,166,10,8.72,Product View,0,0.0,2,Feb
4790,Paid Search,Desktop,West,Product Launch,35-44,2025-02-03 02:00:00,608,13,6.54,Bounced,0,0.0,2,Feb
4791,Organic Search,Desktop,North,Brand Awareness,35-44,2025-02-03 04:00:00,855,4,8.11,Checkout,0,0.0,2,Feb
4792,Direct,Mobile,West,Retargeting,35-44,2025-02-03 06:00:00,59,13,14.31,Converted,1,149.0,2,Feb
4793,Organic Search,Desktop,East,Product Launch,35-44,2025-02-03 08:00:00,102,7,7.75,Product View,0,0.0,2,Feb
4794,Organic Search,Desktop,West,Brand Awareness,18-24,2025-02-03 10:00:00,152,6,4.17,Bounced,0,0.0,2,Feb
4795,Organic Search,Mobile,North,Product Launch,18-24,2025-02-03 12:00:00,257,6,11.5,Checkout,0,0.0,2,Feb
4796,Paid Search,Mobile,North,Lead Gen,35-44,2025-02-03 14:00:00,367,5,5.39,Bounced,0,0.0,2,Feb
4797,Organic Search,Tablet,East,Product Launch,25-34,2025-02-03 16:00:00,302,11,12.34,Converted,1,49.0,2,Feb
4798,Email,Mobile,South,Lead Gen,35-44,2025-02-03 18:00:00,787,7,1.32,Converted,1,49.0,2,Feb
4799,Organic Search,Desktop,South,Lead Gen,35-44,2025-02-03 20:00:00,466,9,5.32,Bounced,0,0.0,2,Feb
4800,Social Media,Tablet,West,Brand Awareness,35-44,2025-02-03 22:00:00,68,14,1.87,Awareness,0,0.0,2,Feb
4801,Organic Search,Mobile,North,Seasonal Offer,25-34,2025-02-04 00:00:00,711,6,1.74,Bounced,0,0.0,2,Feb
4802,Organic Search,Desktop,North,Product Launch,35-44,2025-02-04 02:00:00,455,10,10.05,Bounced,0,0.0,2,Feb
4803,Referral,Desktop,East,Retargeting,45-54,2025-02-04 04:00:00,344,7,6.09,Converted,1,99.0,2,Feb
4804,Organic Search,Mobile,East,Lead Gen,55+,2025-02-04 06:00:00,643,9,13.14,Awareness,0,0.0,2,Feb
4805,Email,Mobile,North,Seasonal Offer,45-54,2025-02-04 08:00:00,835,7,7.99,Product View,0,0.0,2,Feb
4806,Social Media,Mobile,East,Lead Gen,35-44,2025-02-04 10:00:00,538,6,4.78,Bounced,0,0.0,2,Feb
4807,Organic Search,Mobile,South,Seasonal Offer,25-34,2025-02-04 12:00:00,784,3,10.95,Product View,0,0.0,2,Feb
4808,Direct,Mobile,South,Seasonal Offer,35-44,2025-02-04 14:00:00,186,14,9.55,Converted,1,49.0,2,Feb
4809,Organic Search,Tablet,West,Retargeting,55+,2025-02-04 16:00:00,806,1,12.09,Awareness,0,0.0,2,Feb
4810,Referral,Mobile,East,Seasonal Offer,25-34,2025-02-04 18:00:00,286,10,9.83,Bounced,0,0.0,2,Feb
4811,Organic Search,Desktop,West,Retargeting,25-34,2025-02-04 20:00:00,899,9,2.92,Converted,1,249.0,2,Feb
4812,Referral,Mobile,East,Brand Awareness,18-24,2025-02-04 22:00:00,884,7,10.22,Converted,1,49.0,2,Feb
4813,Organic Search,Desktop,East,Lead Gen,35-44,2025-02-05 00:00:00,664,3,6.18,Checkout,0,0.0,2,Feb
4814,Paid Search,Mobile,South,Retargeting,25-34,2025-02-05 02:00:00,485,10,7.22,Bounced,0,0.0,2,Feb
4815,Email,Tablet,North,Lead Gen,18-24,2025-02-05 04:00:00,76,9,13.86,Checkout,0,0.0,2,Feb
4816,Referral,Mobile,East,Product Launch,45-54,2025-02-05 06:00:00,361,3,5.72,Converted,1,149.0,2,Feb
4817,Referral,Mobile,East,Brand Awareness,35-44,2025-02-05 08:00:00,39,3,9.37,Awareness,0,0.0,2,Feb
4818,Email,Desktop,East,Product Launch,25-34,2025-02-05 10:00:00,173,13,5.77,Converted,1,149.0,2,Feb
4819,Referral,Desktop,North,Product Launch,25-34,2025-02-05 12:00:00,460,14,1.87,Converted,1,49.0,2,Feb
4820,Organic Search,Desktop,West,Seasonal Offer,25-34,2025-02-05 14:00:00,840,7,7.08,Product View,0,0.0,2,Feb
4821,Organic Search,Mobile,West,Seasonal Offer,25-34,2025-02-05 16:00:00,181,2,9.16,Checkout,0,0.0,2,Feb
4822,Organic Search,Mobile,East,Product Launch,25-34,2025-02-05 18:00:00,516,10,6.41,Checkout,0,0.0,2,Feb
4823,Paid Search,Mobile,East,Seasonal Offer,35-44,2025-02-05 20:00:00,165,14,6.16,Converted,1,149.0,2,Feb
4824,Paid Search,Desktop,West,Lead Gen,45-54,2025-02-05 22:00:00,616,7,12.4,Product View,0,0.0,2,Feb
4825,Social Media,Desktop,West,Seasonal Offer,35-44,2025-02-06 00:00:00,55,7,0.93,Bounced,0,0.0,2,Feb
4826,Organic Search,Mobile,South,Product Launch,25-34,2025-02-06 02:00:00,36,1,4.79,Product View,0,0.0,2,Feb
4827,Social Media,Desktop,East,Seasonal Offer,35-44,2025-02-06 04:00:00,620,13,12.27,Awareness,0,0.0,2,Feb
4828,Organic Search,Mobile,West,Seasonal Offer,45-54,2025-02-06 06:00:00,44,10,13.85,Converted,1,99.0,2,Feb
4829,Paid Search,Mobile,South,Retargeting,18-24,2025-02-06 08:00:00,461,11,6.48,Converted,1,149.0,2,Feb
4830,Paid Search,Mobile,North,Retargeting,18-24,2025-02-06 10:00:00,429,2,13.39,Bounced,0,0.0,2,Feb
4831,Email,Desktop,East,Product Launch,35-44,2025-02-06 12:00:00,236,5,3.38,Checkout,0,0.0,2,Feb
4832,Email,Mobile,West,Lead Gen,35-44,2025-02-06 14:00:00,630,14,3.71,Checkout,0,0.0,2,Feb
4833,Social Media,Desktop,East,Brand Awareness,25-34,2025-02-06 16:00:00,638,4,12.77,Bounced,0,0.0,2,Feb
4834,Organic Search,Tablet,South,Brand Awareness,35-44,2025-02-06 18:00:00,245,14,13.6,Awareness,0,0.0,2,Feb
4835,Social Media,Desktop,West,Product Launch,35-44,2025-02-06 20:00:00,531,3,3.73,Bounced,0,0.0,2,Feb
4836,Organic Search,Desktop,North,Lead Gen,55+,2025-02-06 22:00:00,488,10,1.36,Awareness,0,0.0,2,Feb
4837,Paid Search,Mobile,North,Lead Gen,25-34,2025-02-07 00:00:00,288,14,1.81,Converted,1,249.0,2,Feb
4838,Paid Search,Desktop,South,Lead Gen,45-54,2025-02-07 02:00:00,358,11,4.29,Bounced,0,0.0,2,Feb
4839,Organic Search,Mobile,North,Retargeting,18-24,2025-02-07 04:00:00,483,8,11.54,Bounced,0,0.0,2,Feb
4840,Organic Search,Mobile,North,Product Launch,35-44,2025-02-07 06:00:00,828,7,7.89,Checkout,0,0.0,2,Feb
4841,Direct,Mobile,North,Brand Awareness,35-44,2025-02-07 08:00:00,404,9,7.11,Bounced,0,0.0,2,Feb
4842,Direct,Tablet,North,Lead Gen,25-34,2025-02-07 10:00:00,493,3,8.97,Checkout,0,0.0,2,Feb
4843,Paid Search,Desktop,North,Product Launch,45-54,2025-02-07 12:00:00,104,10,13.41,Bounced,0,0.0,2,Feb
4844,Organic Search,Mobile,North,Brand Awareness,18-24,2025-02-07 14:00:00,271,1,1.81,Converted,1,99.0,2,Feb
4845,Organic Search,Desktop,North,Retargeting,35-44,2025-02-07 16:00:00,46,9,10.57,Product View,0,0.0,2,Feb
4846,Paid Search,Desktop,West,Seasonal Offer,25-34,2025-02-07 18:00:00,718,9,13.94,Converted,1,99.0,2,Feb
4847,Referral,Mobile,North,Brand Awareness,35-44,2025-02-07 20:00:00,288,12,3.59,Product View,0,0.0,2,Feb
4848,Organic Search,Desktop,West,Brand Awareness,18-24,2025-02-07 22:00:00,152,12,12.65,Checkout,0,0.0,2,Feb
4849,Email,Mobile,East,Brand Awareness,45-54,2025-02-08 00:00:00,340,1,10.62,Checkout,0,0.0,2,Feb
4850,Organic Search,Mobile,South,Seasonal Offer,45-54,2025-02-08 02:00:00,140,14,0.71,Awareness,0,0.0,2,Feb
4851,Direct,Mobile,North,Lead Gen,45-54,2025-02-08 04:00:00,285,8,3.86,Bounced,0,0.0,2,Feb
4852,Paid Search,Tablet,South,Seasonal Offer,25-34,2025-02-08 06:00:00,263,14,9.28,Converted,1,49.0,2,Feb
4853,Email,Desktop,North,Brand Awareness,35-44,2025-02-08 08:00:00,526,14,7.78,Bounced,0,0.0,2,Feb
4854,Paid Search,Mobile,West,Retargeting,18-24,2025-02-08 10:00:00,897,10,8.16,Product View,0,0.0,2,Feb
4855,Social Media,Mobile,North,Brand Awareness,45-54,2025-02-08 12:00:00,69,1,3.86,Bounced,0,0.0,2,Feb
4856,Organic Search,Desktop,East,Retargeting,35-44,2025-02-08 14:00:00,151,6,10.29,Product View,0,0.0,2,Feb
4857,Organic Search,Desktop,South,Product Launch,35-44,2025-02-08 16:00:00,479,9,4.36,Bounced,0,0.0,2,Feb
4858,Referral,Mobile,South,Retargeting,35-44,2025-02-08 18:00:00,756,3,6.15,Awareness,0,0.0,2,Feb
4859,Referral,Desktop,East,Brand Awareness,18-24,2025-02-08 20:00:00,837,6,5.85,Product View,0,0.0,2,Feb
4860,Referral,Desktop,West,Seasonal Offer,35-44,2025-02-08 22:00:00,827,3,10.24,Checkout,0,0.0,2,Feb
4861,Social Media,Mobile,West,Brand Awareness,25-34,2025-02-09 00:00:00,822,11,1.81,Bounced,0,0.0,2,Feb
4862,Email,Mobile,East,Brand Awareness,55+,2025-02-09 02:00:00,548,14,3.48,Bounced,0,0.0,2,Feb
4863,Organic Search,Tablet,South,Product Launch,45-54,2025-02-09 04:00:00,121,5,3.41,Product View,0,0.0,2,Feb
4864,Paid Search,Mobile,North,Lead Gen,35-44,2025-02-09 06:00:00,390,11,2.07,Converted,1,49.0,2,Feb
4865,Paid Search,Mobile,West,Brand Awareness,55+,2025-02-09 08:00:00,152,14,3.51,Bounced,0,0.0,2,Feb
4866,Social Media,Desktop,North,Product Launch,25-34,2025-02-09 10:00:00,366,7,9.3,Bounced,0,0.0,2,Feb
4867,Paid Search,Desktop,South,Seasonal Offer,55+,2025-02-09 12:00:00,637,11,11.12,Checkout,0,0.0,2,Feb
4868,Organic Search,Desktop,North,Product Launch,25-34,2025-02-09 14:00:00,542,10,10.07,Bounced,0,0.0,2,Feb
4869,Social Media,Tablet,East,Product Launch,35-44,2025-02-09 16:00:00,632,12,7.39,Checkout,0,0.0,2,Feb
4870,Email,Desktop,West,Retargeting,35-44,2025-02-09 18:00:00,457,4,1.26,Bounced,0,0.0,2,Feb
4871,Paid Search,Desktop,West,Lead Gen,18-24,2025-02-09 20:00:00,462,4,14.41,Bounced,0,0.0,2,Feb
4872,Organic Search,Mobile,East,Lead Gen,25-34,2025-02-09 22:00:00,36,7,2.94,Checkout,0,0.0,2,Feb
4873,Organic Search,Desktop,East,Seasonal Offer,18-24,2025-02-10 00:00:00,149,5,10.19,Checkout,0,0.0,2,Feb
4874,Organic Search,Desktop,West,Product Launch,55+,2025-02-10 02:00:00,416,1,13.74,Awareness,0,0.0,2,Feb
4875,Organic Search,Mobile,West,Seasonal Offer,18-24,2025-02-10 04:00:00,379,11,10.62,Awareness,0,0.0,2,Feb
4876,Social Media,Desktop,West,Seasonal Offer,35-44,2025-02-10 06:00:00,670,10,3.66,Bounced,0,0.0,2,Feb
4877,Social Media,Desktop,South,Lead Gen,45-54,2025-02-10 08:00:00,720,13,5.08,Bounced,0,0.0,2,Feb
4878,Social Media,Desktop,South,Lead Gen,25-34,2025-02-10 10:00:00,127,12,0.94,Awareness,0,0.0,2,Feb
4879,Paid Search,Mobile,South,Lead Gen,25-34,2025-02-10 12:00:00,72,13,9.38,Bounced,0,0.0,2,Feb
4880,Email,Mobile,North,Brand Awareness,35-44,2025-02-10 14:00:00,212,2,9.39,Product View,0,0.0,2,Feb
4881,Organic Search,Desktop,South,Product Launch,25-34,2025-02-10 16:00:00,726,6,11.02,Bounced,0,0.0,2,Feb
4882,Paid Search,Mobile,West,Seasonal Offer,45-54,2025-02-10 18:00:00,594,13,0.66,Bounced,0,0.0,2,Feb
4883,Email,Desktop,South,Product Launch,25-34,2025-02-10 20:00:00,769,12,12.36,Bounced,0,0.0,2,Feb
4884,Organic Search,Tablet,West,Seasonal Offer,25-34,2025-02-10 22:00:00,702,9,11.21,Converted,1,49.0,2,Feb
4885,Organic Search,Desktop,East,Seasonal Offer,35-44,2025-02-11 00:00:00,264,7,2.54,Awareness,0,0.0,2,Feb
4886,Referral,Mobile,North,Seasonal Offer,25-34,2025-02-11 02:00:00,475,4,5.54,Product View,0,0.0,2,Feb
4887,Paid Search,Mobile,North,Seasonal Offer,55+,2025-02-11 04:00:00,899,12,9.76,Product View,0,0.0,2,Feb
4888,Social Media,Mobile,East,Retargeting,45-54,2025-02-11 06:00:00,229,12,7.69,Awareness,0,0.0,2,Feb
4889,Organic Search,Desktop,West,Retargeting,25-34,2025-02-11 08:00:00,542,13,2.17,Bounced,0,0.0,2,Feb
4890,Social Media,Desktop,North,Brand Awareness,25-34,2025-02-11 10:00:00,555,2,1.77,Product View,0,0.0,2,Feb
4891,Paid Search,Mobile,South,Lead Gen,25-34,2025-02-11 12:00:00,242,4,11.83,Product View,0,0.0,2,Feb
4892,Organic Search,Desktop,West,Seasonal Offer,25-34,2025-02-11 14:00:00,407,14,2.76,Converted,1,499.0,2,Feb
4893,Social Media,Mobile,North,Product Launch,35-44,2025-02-11 16:00:00,818,5,3.0,Product View,0,0.0,2,Feb
4894,Organic Search,Mobile,East,Retargeting,45-54,2025-02-11 18:00:00,575,2,12.55,Awareness,0,0.0,2,Feb
4895,Paid Search,Mobile,West,Lead Gen,25-34,2025-02-11 20:00:00,515,1,9.38,Converted,1,99.0,2,Feb
4896,Organic Search,Desktop,North,Brand Awareness,25-34,2025-02-11 22:00:00,390,4,9.27,Converted,1,49.0,2,Feb
4897,Organic Search,Mobile,East,Lead Gen,25-34,2025-02-12 00:00:00,811,11,7.45,Product View,0,0.0,2,Feb
4898,Organic Search,Mobile,West,Seasonal Offer,18-24,2025-02-12 02:00:00,197,13,8.75,Converted,1,49.0,2,Feb
4899,Organic Search,Mobile,South,Lead Gen,35-44,2025-02-12 04:00:00,711,6,9.23,Converted,1,49.0,2,Feb
4900,Referral,Desktop,West,Seasonal Offer,35-44,2025-02-12 06:00:00,623,1,14.53,Bounced,0,0.0,2,Feb
4901,Organic Search,Desktop,South,Retargeting,25-34,2025-02-12 08:00:00,433,1,3.73,Bounced,0,0.0,2,Feb
4902,Paid Search,Desktop,West,Retargeting,25-34,2025-02-12 10:00:00,857,9,3.61,Product View,0,0.0,2,Feb
4903,Organic Search,Desktop,East,Seasonal Offer,55+,2025-02-12 12:00:00,166,5,1.33,Checkout,0,0.0,2,Feb
4904,Paid Search,Mobile,South,Product Launch,18-24,2025-02-12 14:00:00,262,2,10.04,Bounced,0,0.0,2,Feb
4905,Referral,Tablet,South,Retargeting,45-54,2025-02-12 16:00:00,144,11,8.46,Converted,1,49.0,2,Feb
4906,Organic Search,Desktop,West,Product Launch,25-34,2025-02-12 18:00:00,281,14,2.11,Awareness,0,0.0,2,Feb
4907,Direct,Mobile,North,Seasonal Offer,45-54,2025-02-12 20:00:00,522,2,5.79,Product View,0,0.0,2,Feb
4908,Organic Search,Desktop,South,Seasonal Offer,35-44,2025-02-12 22:00:00,318,4,3.09,Bounced,0,0.0,2,Feb
4909,Email,Desktop,West,Retargeting,18-24,2025-02-13 00:00:00,78,11,5.31,Bounced,0,0.0,2,Feb
4910,Social Media,Desktop,East,Product Launch,45-54,2025-02-13 02:00:00,481,2,14.29,Product View,0,0.0,2,Feb
4911,Referral,Desktop,West,Seasonal Offer,35-44,2025-02-13 04:00:00,545,4,10.41,Product View,0,0.0,2,Feb
4912,Social Media,Tablet,West,Retargeting,18-24,2025-02-13 06:00:00,717,11,0.61,Bounced,0,0.0,2,Feb
4913,Social Media,Desktop,South,Seasonal Offer,18-24,2025-02-13 08:00:00,301,13,4.16,Bounced,0,0.0,2,Feb
4914,Organic Search,Mobile,North,Lead Gen,35-44,2025-02-13 10:00:00,460,6,0.65,Bounced,0,0.0,2,Feb
4915,Organic Search,Desktop,East,Lead Gen,35-44,2025-02-13 12:00:00,55,7,10.87,Awareness,0,0.0,2,Feb
4916,Referral,Tablet,South,Retargeting,35-44,2025-02-13 14:00:00,99,6,7.31,Bounced,0,0.0,2,Feb
4917,Paid Search,Desktop,South,Seasonal Offer,35-44,2025-02-13 16:00:00,322,4,14.91,Converted,1,99.0,2,Feb
4918,Paid Search,Desktop,South,Retargeting,35-44,2025-02-13 18:00:00,435,10,11.14,Product View,0,0.0,2,Feb
4919,Email,Desktop,East,Brand Awareness,45-54,2025-02-13 20:00:00,263,3,8.01,Converted,1,49.0,2,Feb
4920,Paid Search,Desktop,North,Retargeting,35-44,2025-02-13 22:00:00,260,4,12.17,Converted,1,49.0,2,Feb
4921,Direct,Desktop,East,Retargeting,25-34,2025-02-14 00:00:00,292,12,10.72,Awareness,0,0.0,2,Feb
4922,Email,Mobile,East,Lead Gen,55+,2025-02-14 02:00:00,827,5,4.03,Bounced,0,0.0,2,Feb
4923,Social Media,Mobile,North,Lead Gen,18-24,2025-02-14 04:00:00,615,4,8.19,Bounced,0,0.0,2,Feb
4924,Referral,Mobile,East,Seasonal Offer,25-34,2025-02-14 06:00:00,150,3,8.56,Awareness,0,0.0,2,Feb
4925,Organic Search,Mobile,West,Retargeting,35-44,2025-02-14 08:00:00,492,1,7.04,Converted,1,149.0,2,Feb
4926,Organic Search,Desktop,East,Retargeting,25-34,2025-02-14 10:00:00,547,3,3.1,Awareness,0,0.0,2,Feb
4927,Paid Search,Desktop,South,Seasonal Offer,18-24,2025-02-14 12:00:00,53,11,3.74,Product View,0,0.0,2,Feb
4928,Organic Search,Tablet,East,Product Launch,18-24,2025-02-14 14:00:00,735,5,4.58,Awareness,0,0.0,2,Feb
4929,Email,Mobile,South,Seasonal Offer,35-44,2025-02-14 16:00:00,709,13,0.65,Checkout,0,0.0,2,Feb
4930,Referral,Mobile,East,Lead Gen,55+,2025-02-14 18:00:00,406,14,13.8,Product View,0,0.0,2,Feb
4931,Paid Search,Mobile,South,Lead Gen,35-44,2025-02-14 20:00:00,529,6,10.45,Product View,0,0.0,2,Feb
4932,Paid Search,Desktop,South,Retargeting,35-44,2025-02-14 22:00:00,466,12,10.5,Awareness,0,0.0,2,Feb
4933,Direct,Desktop,South,Lead Gen,25-34,2025-02-15 00:00:00,882,14,8.8,Converted,1,249.0,2,Feb
4934,Paid Search,Desktop,North,Seasonal Offer,25-34,2025-02-15 02:00:00,751,13,10.5,Product View,0,0.0,2,Feb
4935,Paid Search,Desktop,East,Retargeting,18-24,2025-02-15 04:00:00,674,4,14.74,Product View,0,0.0,2,Feb
4936,Paid Search,Desktop,East,Seasonal Offer,25-34,2025-02-15 06:00:00,886,1,6.08,Bounced,0,0.0,2,Feb
4937,Referral,Desktop,West,Seasonal Offer,25-34,2025-02-15 08:00:00,833,10,10.83,Awareness,0,0.0,2,Feb
4938,Social Media,Mobile,West,Retargeting,25-34,2025-02-15 10:00:00,528,13,5.71,Bounced,0,0.0,2,Feb
4939,Email,Mobile,West,Product Launch,18-24,2025-02-15 12:00:00,203,7,12.89,Product View,0,0.0,2,Feb
4940,Email,Mobile,East,Lead Gen,35-44,2025-02-15 14:00:00,692,13,12.94,Checkout,0,0.0,2,Feb
4941,Paid Search,Tablet,North,Brand Awareness,45-54,2025-02-15 16:00:00,629,9,13.58,Bounced,0,0.0,2,Feb
4942,Paid Search,Desktop,South,Brand Awareness,55+,2025-02-15 18:00:00,842,13,0.58,Product View,0,0.0,2,Feb
4943,Email,Desktop,East,Brand Awareness,35-44,2025-02-15 20:00:00,538,6,4.82,Converted,1,99.0,2,Feb
4944,Paid Search,Mobile,North,Lead Gen,18-24,2025-02-15 22:00:00,807,14,2.44,Bounced,0,0.0,2,Feb
4945,Email,Desktop,North,Product Launch,35-44,2025-02-16 00:00:00,339,6,7.08,Converted,1,249.0,2,Feb
4946,Referral,Desktop,East,Seasonal Offer,18-24,2025-02-16 02:00:00,99,9,7.68,Converted,1,49.0,2,Feb
4947,Social Media,Desktop,South,Retargeting,35-44,2025-02-16 04:00:00,234,4,4.21,Bounced,0,0.0,2,Feb
4948,Email,Desktop,North,Product Launch,45-54,2025-02-16 06:00:00,370,5,10.99,Awareness,0,0.0,2,Feb
4949,Email,Mobile,East,Brand Awareness,35-44,2025-02-16 08:00:00,61,5,4.41,Awareness,0,0.0,2,Feb
4950,Email,Desktop,South,Lead Gen,55+,2025-02-16 10:00:00,72,14,12.88,Converted,1,149.0,2,Feb
4951,Paid Search,Mobile,West,Lead Gen,35-44,2025-02-16 12:00:00,147,12,3.08,Bounced,0,0.0,2,Feb
4952,Organic Search,Mobile,North,Retargeting,35-44,2025-02-16 14:00:00,44,5,5.82,Bounced,0,0.0,2,Feb
4953,Paid Search,Desktop,North,Seasonal Offer,25-34,2025-02-16 16:00:00,351,8,9.52,Bounced,0,0.0,2,Feb
4954,Social Media,Desktop,East,Product Launch,55+,2025-02-16 18:00:00,656,11,9.28,Bounced,0,0.0,2,Feb
4955,Paid Search,Desktop,East,Product Launch,25-34,2025-02-16 20:00:00,366,1,1.63,Awareness,0,0.0,2,Feb
4956,Email,Desktop,South,Product Launch,55+,2025-02-16 22:00:00,561,10,12.77,Converted,1,49.0,2,Feb
4957,Paid Search,Mobile,West,Seasonal Offer,25-34,2025-02-17 00:00:00,719,11,9.17,Bounced,0,0.0,2,Feb
4958,Social Media,Mobile,West,Seasonal Offer,18-24,2025-02-17 02:00:00,803,10,13.11,Bounced,0,0.0,2,Feb
4959,Organic Search,Mobile,East,Seasonal Offer,45-54,2025-02-17 04:00:00,620,11,13.08,Checkout,0,0.0,2,Feb
4960,Email,Desktop,East,Retargeting,18-24,2025-02-17 06:00:00,410,3,8.42,Awareness,0,0.0,2,Feb
4961,Social Media,Mobile,South,Lead Gen,45-54,2025-02-17 08:00:00,540,8,13.71,Awareness,0,0.0,2,Feb
4962,Organic Search,Mobile,East,Brand Awareness,25-34,2025-02-17 10:00:00,149,11,12.8,Awareness,0,0.0,2,Feb
4963,Organic Search,Desktop,South,Seasonal Offer,45-54,2025-02-17 12:00:00,55,9,14.39,Checkout,0,0.0,2,Feb
4964,Email,Mobile,South,Lead Gen,35-44,2025-02-17 14:00:00,563,2,12.83,Converted,1,249.0,2,Feb
4965,Paid Search,Desktop,West,Seasonal Offer,35-44,2025-02-17 16:00:00,742,12,12.41,Checkout,0,0.0,2,Feb
4966,Organic Search,Mobile,South,Brand Awareness,25-34,2025-02-17 18:00:00,93,4,7.31,Bounced,0,0.0,2,Feb
4967,Direct,Mobile,West,Seasonal Offer,18-24,2025-02-17 20:00:00,489,14,3.57,Converted,1,249.0,2,Feb
4968,Social Media,Desktop,West,Lead Gen,45-54,2025-02-17 22:00:00,755,8,13.71,Converted,1,149.0,2,Feb
4969,Direct,Mobile,West,Retargeting,25-34,2025-02-18 00:00:00,343,5,10.98,Bounced,0,0.0,2,Feb
4970,Paid Search,Desktop,East,Brand Awareness,25-34,2025-02-18 02:00:00,834,1,4.59,Checkout,0,0.0,2,Feb
4971,Paid Search,Desktop,West,Lead Gen,35-44,2025-02-18 04:00:00,619,6,5.44,Awareness,0,0.0,2,Feb
4972,Referral,Tablet,South,Product Launch,25-34,2025-02-18 06:00:00,245,14,10.45,Bounced,0,0.0,2,Feb
4973,Social Media,Tablet,East,Product Launch,25-34,2025-02-18 08:00:00,485,9,7.43,Awareness,0,0.0,2,Feb
4974,Social Media,Desktop,South,Product Launch,18-24,2025-02-18 10:00:00,765,9,1.68,Bounced,0,0.0,2,Feb
4975,Organic Search,Desktop,East,Retargeting,18-24,2025-02-18 12:00:00,569,11,2.55,Bounced,0,0.0,2,Feb
4976,Paid Search,Desktop,South,Seasonal Offer,45-54,2025-02-18 14:00:00,846,1,11.31,Bounced,0,0.0,2,Feb
4977,Organic Search,Desktop,North,Seasonal Offer,18-24,2025-02-18 16:00:00,742,4,5.26,Awareness,0,0.0,2,Feb
4978,Organic Search,Mobile,North,Seasonal Offer,55+,2025-02-18 18:00:00,608,1,7.86,Checkout,0,0.0,2,Feb
4979,Organic Search,Tablet,North,Retargeting,25-34,2025-02-18 20:00:00,502,7,11.62,Product View,0,0.0,2,Feb
4980,Organic Search,Mobile,South,Product Launch,18-24,2025-02-18 22:00:00,388,3,11.39,Bounced,0,0.0,2,Feb
4981,Direct,Desktop,East,Seasonal Offer,35-44,2025-02-19 00:00:00,155,2,2.92,Bounced,0,0.0,2,Feb
4982,Organic Search,Mobile,West,Retargeting,18-24,2025-02-19 02:00:00,890,14,1.93,Bounced,0,0.0,2,Feb
4983,Social Media,Desktop,West,Retargeting,35-44,2025-02-19 04:00:00,736,8,9.07,Awareness,0,0.0,2,Feb
4984,Email,Tablet,South,Lead Gen,45-54,2025-02-19 06:00:00,715,9,11.25,Checkout,0,0.0,2,Feb
4985,Social Media,Mobile,South,Seasonal Offer,18-24,2025-02-19 08:00:00,116,7,2.66,Product View,0,0.0,2,Feb
4986,Organic Search,Mobile,South,Product Launch,45-54,2025-02-19 10:00:00,372,6,5.89,Converted,1,249.0,2,Feb
4987,Email,Desktop,South,Brand Awareness,25-34,2025-02-19 12:00:00,852,10,13.12,Awareness,0,0.0,2,Feb
4988,Social Media,Desktop,West,Retargeting,25-34,2025-02-19 14:00:00,424,13,14.19,Product View,0,0.0,2,Feb
4989,Email,Desktop,East,Lead Gen,25-34,2025-02-19 16:00:00,513,11,7.08,Checkout,0,0.0,2,Feb
4990,Email,Mobile,West,Brand Awareness,55+,2025-02-19 18:00:00,695,6,1.65,Bounced,0,0.0,2,Feb
4991,Direct,Desktop,South,Retargeting,18-24,2025-02-19 20:00:00,485,9,4.24,Converted,1,99.0,2,Feb
4992,Social Media,Desktop,North,Lead Gen,45-54,2025-02-19 22:00:00,505,5,3.88,Bounced,0,0.0,2,Feb
4993,Paid Search,Desktop,West,Seasonal Offer,35-44,2025-02-20 00:00:00,239,5,3.96,Converted,1,49.0,2,Feb
4994,Social Media,Mobile,North,Lead Gen,18-24,2025-02-20 02:00:00,554,2,7.66,Bounced,0,0.0,2,Feb
4995,Organic Search,Desktop,North,Retargeting,25-34,2025-02-20 04:00:00,705,6,8.96,Product View,0,0.0,2,Feb
4996,Referral,Mobile,South,Seasonal Offer,45-54,2025-02-20 06:00:00,796,14,2.28,Converted,1,149.0,2,Feb
4997,Organic Search,Mobile,West,Product Launch,35-44,2025-02-20 08:00:00,605,12,13.4,Awareness,0,0.0,2,Feb
4998,Paid Search,Tablet,East,Lead Gen,25-34,2025-02-20 10:00:00,336,12,9.49,Bounced,0,0.0,2,Feb
4999,Email,Desktop,West,Brand Awareness,45-54,2025-02-20 12:00:00,105,12,9.16,Checkout,0,0.0,2,Feb
5000,Social Media,Desktop,East,Seasonal Offer,18-24,2025-02-20 14:00:00,51,6,14.82,Bounced,0,0.0,2,Feb
